WKT,Name,OBJECTID,UKATEGORIE,UTYP1,UART,UMONAT,USTUNDE,UWOCHENTAG,STRZUSTAND,ULICHTVERH,ISTRAD,ISTPKW,ISTFUSS,ISTKRAD,ISTGKFZ,ISTSONSTIG
"POINT (7.028001841000048 51.452272177000054)",Unfall 95756 (2019) Kat:3, Licht: 2,95756,3,4,6,01,00,3,1,2,0,1,1,0,0,0
"POINT (7.005974557000059 51.443847848000075)",Unfall 95974 (2019) Kat:1, Licht: 2,95974,1,4,6,01,18,3,1,2,0,1,1,0,0,0
"POINT (7.073137332000044 51.423261773000036)",Unfall 96091 (2019) Kat:3, Licht: 1,96091,3,6,2,01,16,7,1,1,0,1,0,0,0,0
"POINT (7.055530849000036 51.428560613000059)",Unfall 96092 (2019) Kat:2, Licht: 0,96092,2,6,1,01,10,7,1,0,0,1,0,0,1,0
"POINT (6.976532535000047 51.479090122000059)",Unfall 96166 (2019) Kat:3, Licht: 2,96166,3,2,6,01,16,6,1,2,0,1,1,0,0,0
"POINT (7.008078454000042 51.433664485000065)",Unfall 96167 (2019) Kat:2, Licht: 0,96167,2,6,4,01,14,6,1,0,0,1,0,0,0,0
"POINT (7.085735929000066 51.465367611000033)",Unfall 96207 (2019) Kat:3, Licht: 2,96207,3,1,3,01,21,6,1,2,0,1,0,0,0,0
"POINT (6.973290997000049 51.442929179000032)",Unfall 96209 (2019) Kat:3, Licht: 2,96209,3,6,2,01,18,6,1,2,0,1,0,0,0,0
"POINT (6.999522461000026 51.493141041000058)",Unfall 96254 (2019) Kat:3, Licht: 0,96254,3,3,5,01,12,5,1,0,1,1,0,0,0,0
"POINT (7.024475245000076 51.437139822000063)",Unfall 96255 (2019) Kat:2, Licht: 2,96255,2,3,0,01,17,5,1,2,1,1,0,0,0,0
"POINT (6.975593645000060 51.442210536000061)",Unfall 96256 (2019) Kat:3, Licht: 0,96256,3,2,5,01,13,5,0,0,0,1,0,0,0,1
"POINT (7.015474073000064 51.461948957000061)",Unfall 96257 (2019) Kat:2, Licht: 0,96257,2,4,6,01,15,5,0,0,0,1,1,0,0,0
"POINT (6.961370028000033 51.470793749000052)",Unfall 96311 (2019) Kat:3, Licht: 2,96311,3,3,5,01,07,4,1,2,0,1,0,0,0,1
"POINT (6.989637737000066 51.438242342000080)",Unfall 96312 (2019) Kat:3, Licht: 2,96312,3,4,3,01,06,4,0,2,0,1,1,0,0,1
"POINT (7.056948339000030 51.491097031000038)",Unfall 96401 (2019) Kat:3, Licht: 0,96401,3,1,9,01,15,3,1,0,0,1,0,0,0,0
"POINT (6.978517244000045 51.476467188000072)",Unfall 96402 (2019) Kat:3, Licht: 0,96402,3,6,2,01,14,3,1,0,0,1,0,0,0,0
"POINT (6.921507093000059 51.470199546000060)",Unfall 96403 (2019) Kat:3, Licht: 2,96403,3,3,5,01,19,3,1,2,0,1,0,0,0,0
"POINT (6.943580344000054 51.365471031000027)",Unfall 96404 (2019) Kat:2, Licht: 2,96404,2,2,6,01,17,3,1,2,0,1,1,0,0,0
"POINT (7.055657457000052 51.428606371000058)",Unfall 96405 (2019) Kat:3, Licht: 0,96405,3,5,1,01,12,3,1,0,0,1,0,0,0,0
"POINT (7.003140198000040 51.462481006000075)",Unfall 96406 (2019) Kat:3, Licht: 2,96406,3,3,5,01,18,3,1,2,1,1,0,0,0,0
"POINT (6.981879268000057 51.444401394000067)",Unfall 96449 (2019) Kat:3, Licht: 2,96449,3,6,2,01,17,3,1,2,0,1,0,0,0,0
"POINT (7.078725176000035 51.464631811000061)",Unfall 96451 (2019) Kat:3, Licht: 2,96451,3,6,2,01,17,3,1,2,0,1,0,0,0,0
"POINT (6.956183227000054 51.474198441000055)",Unfall 96519 (2019) Kat:3, Licht: 2,96519,3,2,5,01,19,2,1,2,0,1,1,0,0,0
"POINT (6.984418525000024 51.449673953000058)",Unfall 96520 (2019) Kat:2, Licht: 2,96520,2,2,6,01,05,2,1,2,0,1,1,0,0,0
"POINT (7.006198711000025 51.455892085000073)",Unfall 96521 (2019) Kat:2, Licht: 0,96521,2,6,3,01,10,2,1,0,0,1,0,0,0,0
"POINT (6.988949338000055 51.403280670000072)",Unfall 96596 (2019) Kat:2, Licht: 2,96596,2,1,8,01,03,1,1,2,0,1,0,0,0,0
"POINT (7.110410302000048 51.437451401000033)",Unfall 96597 (2019) Kat:3, Licht: 2,96597,3,4,6,01,16,1,1,2,0,1,1,0,0,0
"POINT (7.030071189000068 51.451259149000066)",Unfall 96598 (2019) Kat:3, Licht: 2,96598,3,6,5,01,18,1,1,2,0,1,0,0,0,0
"POINT (7.004160586000069 51.459200699000064)",Unfall 96599 (2019) Kat:3, Licht: 2,96599,3,1,9,01,05,1,1,2,0,1,0,0,0,0
"POINT (6.999022465000053 51.485673271000053)",Unfall 96676 (2019) Kat:3, Licht: 0,96676,3,2,6,01,15,6,1,0,0,1,1,0,0,0
"POINT (7.005420730000026 51.477622765000035)",Unfall 96677 (2019) Kat:3, Licht: 2,96677,3,6,2,01,06,6,1,2,0,1,0,0,0,0
"POINT (7.004688695000027 51.440808103000052)",Unfall 96678 (2019) Kat:3, Licht: 2,96678,3,2,3,01,17,6,1,2,1,1,0,0,0,0
"POINT (7.011436374000027 51.507754708000050)",Unfall 96725 (2019) Kat:3, Licht: 0,96725,3,6,2,01,13,6,1,0,0,1,0,0,0,0
"POINT (6.982939507000026 51.476777372000072)",Unfall 96777 (2019) Kat:3, Licht: 0,96777,3,2,5,01,15,5,0,0,0,1,0,0,0,0
"POINT (7.049602803000028 51.410154419000037)",Unfall 96778 (2019) Kat:2, Licht: 2,96778,2,1,8,01,21,5,1,2,0,1,0,0,0,0
"POINT (7.007691678000072 51.468163352000033)",Unfall 96779 (2019) Kat:3, Licht: 0,96779,3,3,5,01,12,5,0,0,0,1,0,0,0,0
"POINT (7.002456032000055 51.480217760000073)",Unfall 96861 (2019) Kat:3, Licht: 0,96861,3,6,2,01,16,4,0,0,0,1,0,0,0,0
"POINT (7.083587823000073 51.471328740000047)",Unfall 96862 (2019) Kat:2, Licht: 1,96862,2,6,3,01,08,4,1,1,0,1,0,1,0,0
"POINT (7.007467065000071 51.449395083000070)",Unfall 96869 (2019) Kat:3, Licht: 0,96869,3,7,0,01,09,4,1,0,0,0,0,1,0,0
"POINT (7.030481253000062 51.452056785000082)",Unfall 96873 (2019) Kat:3, Licht: 0,96873,3,6,2,01,12,7,1,0,0,1,0,0,0,0
"POINT (7.044615403000023 51.469694605000029)",Unfall 96887 (2019) Kat:3, Licht: 0,96887,3,2,6,01,14,4,0,0,0,1,1,0,0,0
"POINT (7.012677041000075 51.531533020000040)",Unfall 96962 (2019) Kat:2, Licht: 0,96962,2,3,5,01,10,2,1,0,1,1,0,0,0,0
"POINT (7.063750589000051 51.484723228000064)",Unfall 96963 (2019) Kat:3, Licht: 0,96963,3,5,1,01,13,2,1,0,0,1,0,0,0,1
"POINT (7.044719606000058 51.436740882000038)",Unfall 96964 (2019) Kat:3, Licht: 2,96964,3,2,6,01,07,2,1,2,0,1,1,0,0,0
"POINT (7.084147852000058 51.470607167000026)",Unfall 96966 (2019) Kat:3, Licht: 2,96966,3,2,4,01,05,2,1,2,0,1,0,0,0,0
"POINT (7.083162257000026 51.445768957000041)",Unfall 96967 (2019) Kat:3, Licht: 2,96967,3,6,1,01,07,2,1,2,0,1,0,0,0,0
"POINT (7.050550391000058 51.490380640000069)",Unfall 97111 (2019) Kat:2, Licht: 2,97111,2,4,6,01,16,7,1,2,0,1,1,0,0,0
"POINT (7.009586976000037 51.491943954000078)",Unfall 97112 (2019) Kat:3, Licht: 0,97112,3,6,2,01,16,7,1,0,0,1,0,0,0,0
"POINT (6.960696639000048 51.448234849000073)",Unfall 97113 (2019) Kat:2, Licht: 2,97113,2,4,6,01,17,7,1,2,0,1,1,0,0,0
"POINT (7.009088791000067 51.489923394000073)",Unfall 97228 (2019) Kat:3, Licht: 2,97228,3,2,6,01,07,5,1,2,0,1,1,0,0,0
"POINT (6.966378035000048 51.473928415000046)",Unfall 97229 (2019) Kat:3, Licht: 0,97229,3,5,1,01,11,5,1,0,0,1,0,0,0,0
"POINT (6.961370028000033 51.470793749000052)",Unfall 97230 (2019) Kat:3, Licht: 2,97230,3,2,6,01,20,5,0,2,0,0,1,0,0,1
"POINT (6.993027711000025 51.413179022000065)",Unfall 97231 (2019) Kat:2, Licht: 2,97231,2,2,6,01,18,5,1,2,0,1,1,0,0,0
"POINT (6.975535452000031 51.442237557000055)",Unfall 97232 (2019) Kat:2, Licht: 1,97232,2,4,6,01,07,5,0,1,0,1,1,0,0,0
"POINT (7.062135253000065 51.446204153000053)",Unfall 97233 (2019) Kat:3, Licht: 0,97233,3,2,4,01,14,5,1,0,0,1,0,1,0,0
"POINT (7.001821630000052 51.481393988000036)",Unfall 97319 (2019) Kat:3, Licht: 0,97319,3,6,2,01,12,4,0,0,0,1,0,0,0,0
"POINT (7.041722967000055 51.437866069000052)",Unfall 97320 (2019) Kat:3, Licht: 0,97320,3,2,6,01,09,4,0,0,0,1,1,0,0,0
"POINT (6.920737589000055 51.470722436000074)",Unfall 97440 (2019) Kat:2, Licht: 0,97440,2,2,6,01,08,3,1,0,0,1,1,0,0,0
"POINT (7.000132343000075 51.387296303000028)",Unfall 97441 (2019) Kat:2, Licht: 0,97441,2,4,6,01,10,3,0,0,0,1,1,0,0,0
"POINT (6.963973821000025 51.475746259000061)",Unfall 97537 (2019) Kat:3, Licht: 1,97537,3,2,5,01,17,2,0,1,0,1,0,0,0,0
"POINT (6.989236727000048 51.445387629000038)",Unfall 97611 (2019) Kat:2, Licht: 0,97611,2,1,8,01,08,1,2,0,0,1,0,0,0,0
"POINT (7.001146091000067 51.464990361000048)",Unfall 97646 (2019) Kat:3, Licht: 0,97646,3,5,2,01,12,7,0,0,0,1,0,0,0,0
"POINT (6.966761496000061 51.473550765000027)",Unfall 97731 (2019) Kat:3, Licht: 0,97731,3,4,6,01,12,3,0,0,0,1,1,0,0,0
"POINT (6.980201041000044 51.460669380000070)",Unfall 97733 (2019) Kat:3, Licht: 2,97733,3,4,6,01,17,3,1,2,0,1,1,0,0,0
"POINT (6.964779447000069 51.434196894000081)",Unfall 97736 (2019) Kat:3, Licht: 2,97736,3,1,8,01,23,3,2,2,0,1,0,0,0,0
"POINT (6.964955658000065 51.434907668000051)",Unfall 97738 (2019) Kat:3, Licht: 1,97738,3,3,5,01,07,3,0,1,0,1,0,0,0,0
"POINT (7.035798880000073 51.423973301000046)",Unfall 97741 (2019) Kat:3, Licht: 2,97741,3,3,5,01,18,3,1,2,1,1,0,0,0,0
"POINT (7.017468053000073 51.423200826000027)",Unfall 97744 (2019) Kat:3, Licht: 1,97744,3,7,5,01,16,3,2,1,0,1,0,0,0,0
"POINT (7.034924019000073 51.444493888000068)",Unfall 97745 (2019) Kat:3, Licht: 2,97745,3,2,6,01,06,3,1,2,0,1,1,0,0,0
"POINT (7.003045063000059 51.447449482000081)",Unfall 97749 (2019) Kat:3, Licht: 0,97749,3,2,2,01,08,3,0,0,1,1,0,0,0,0
"POINT (6.956872647000068 51.417387030000043)",Unfall 97767 (2019) Kat:3, Licht: 0,97767,3,6,2,01,15,6,1,0,0,1,0,0,0,0
"POINT (6.990012576000027 51.436387463000074)",Unfall 97770 (2019) Kat:3, Licht: 0,97770,3,6,2,01,15,6,0,0,0,1,0,0,0,0
"POINT (7.075725659000057 51.450005880000049)",Unfall 97771 (2019) Kat:3, Licht: 0,97771,3,7,6,01,14,6,0,0,0,0,1,0,0,1
"POINT (7.009467539000070 51.486444160000076)",Unfall 97826 (2019) Kat:3, Licht: 2,97826,3,2,6,01,18,6,1,2,0,1,1,0,0,0
"POINT (6.929679008000051 51.480954552000071)",Unfall 97827 (2019) Kat:3, Licht: 2,97827,3,2,6,01,19,6,1,2,0,1,1,0,0,0
"POINT (6.975475695000057 51.446061646000032)",Unfall 97828 (2019) Kat:2, Licht: 2,97828,2,3,5,01,19,6,1,2,1,1,0,0,0,0
"POINT (7.008804940000061 51.449691674000064)",Unfall 97864 (2019) Kat:3, Licht: 0,97864,3,3,3,01,08,6,0,0,0,1,0,0,1,0
"POINT (6.987748382000063 51.436894038000048)",Unfall 97896 (2019) Kat:3, Licht: 0,97896,3,4,6,01,09,5,1,0,0,1,1,0,0,0
"POINT (7.078251274000024 51.458637979000059)",Unfall 97897 (2019) Kat:3, Licht: 0,97897,3,3,1,01,12,5,0,0,0,1,0,0,0,0
"POINT (7.006291029000067 51.444671323000080)",Unfall 97980 (2019) Kat:3, Licht: 2,97980,3,6,2,01,17,1,1,2,0,1,0,0,0,0
"POINT (6.974047158000076 51.479239548000066)",Unfall 98238 (2019) Kat:2, Licht: 0,98238,2,2,6,01,11,4,1,0,0,1,1,0,0,0
"POINT (7.055639570000039 51.428607155000066)",Unfall 98239 (2019) Kat:3, Licht: 0,98239,3,6,2,01,15,4,1,0,0,1,0,0,0,0
"POINT (7.046525887000030 51.494918249000079)",Unfall 98341 (2019) Kat:3, Licht: 0,98341,3,6,2,01,07,3,1,0,0,1,0,0,0,0
"POINT (7.122535662000075 51.416824968000071)",Unfall 98342 (2019) Kat:2, Licht: 0,98342,2,4,6,01,11,3,0,0,0,1,1,0,0,0
"POINT (7.104815296000027 51.472278388000063)",Unfall 98420 (2019) Kat:3, Licht: 1,98420,3,6,2,01,07,3,0,1,0,1,0,0,1,0
"POINT (7.000605540000038 51.465808269000036)",Unfall 98660 (2019) Kat:2, Licht: 0,98660,2,6,1,02,13,2,0,0,0,1,0,1,0,0
"POINT (6.954379315000040 51.399606333000065)",Unfall 98771 (2019) Kat:3, Licht: 0,98771,3,3,5,02,09,1,1,0,0,1,0,0,0,0
"POINT (6.998595965000050 51.441738435000048)",Unfall 98772 (2019) Kat:3, Licht: 0,98772,3,7,6,02,14,1,0,0,0,1,1,0,0,0
"POINT (7.021374103000028 51.381228494000027)",Unfall 98829 (2019) Kat:2, Licht: 1,98829,2,1,8,02,17,4,0,1,0,1,0,0,0,0
"POINT (6.950983618000066 51.401023457000065)",Unfall 98830 (2019) Kat:3, Licht: 2,98830,3,6,2,02,19,4,0,2,0,1,0,0,0,0
"POINT (7.002145364000057 51.434434578000037)",Unfall 98831 (2019) Kat:3, Licht: 0,98831,3,3,5,02,14,4,0,0,0,1,0,0,0,0
"POINT (6.970240585000056 51.478169190000074)",Unfall 99011 (2019) Kat:3, Licht: 0,99011,3,5,6,02,12,6,1,0,0,1,1,0,0,0
"POINT (7.035446456000045 51.445450055000038)",Unfall 99012 (2019) Kat:3, Licht: 0,99012,3,6,3,02,14,6,0,0,0,1,0,0,0,1
"POINT (7.081578387000036 51.468845437000027)",Unfall 99022 (2019) Kat:2, Licht: 0,99022,2,1,8,02,11,3,0,0,0,1,0,0,0,0
"POINT (7.003326746000028 51.478980779000040)",Unfall 99086 (2019) Kat:3, Licht: 2,99086,3,4,6,02,20,1,1,2,0,1,1,0,0,0
"POINT (6.993017076000058 51.413164259000041)",Unfall 99087 (2019) Kat:3, Licht: 2,99087,3,3,3,02,18,1,1,2,0,1,0,0,0,1
"POINT (7.064753049000046 51.463561444000050)",Unfall 99104 (2019) Kat:2, Licht: 2,99104,2,1,9,02,04,1,1,2,0,1,0,0,0,0
"POINT (7.024030264000032 51.453265155000054)",Unfall 99169 (2019) Kat:3, Licht: 0,99169,3,6,2,02,15,7,0,0,0,1,0,0,0,0
"POINT (6.990077439000061 51.445515659000080)",Unfall 99188 (2019) Kat:2, Licht: 1,99188,2,6,2,02,17,4,0,1,0,1,0,0,0,0
"POINT (7.037210572000049 51.443500451000034)",Unfall 99191 (2019) Kat:2, Licht: 0,99191,2,1,8,02,14,4,0,0,0,1,0,0,0,0
"POINT (7.009992145000069 51.492762042000038)",Unfall 99291 (2019) Kat:2, Licht: 0,99291,2,6,2,02,12,3,0,0,0,1,0,0,0,0
"POINT (6.977485324000043 51.449818464000032)",Unfall 99292 (2019) Kat:3, Licht: 0,99292,3,7,0,02,10,3,0,0,0,0,0,0,0,1
"POINT (7.032101324000053 51.450295138000058)",Unfall 99293 (2019) Kat:3, Licht: 2,99293,3,2,6,02,19,3,0,2,0,1,1,0,0,0
"POINT (6.963973821000025 51.475746259000061)",Unfall 99343 (2019) Kat:3, Licht: 0,99343,3,7,0,02,12,6,0,0,0,1,0,0,0,1
"POINT (7.050255941000046 51.427912478000053)",Unfall 99345 (2019) Kat:3, Licht: 0,99345,3,6,3,02,12,6,1,0,1,1,0,0,0,0
"POINT (7.104603390000023 51.458270697000046)",Unfall 99348 (2019) Kat:2, Licht: 0,99348,2,3,5,02,15,6,0,0,0,1,0,0,0,0
"POINT (7.016488091000042 51.425944739000045)",Unfall 99433 (2019) Kat:3, Licht: 0,99433,3,6,3,02,17,2,0,0,0,1,0,0,0,1
"POINT (7.015467023000042 51.461935128000050)",Unfall 99435 (2019) Kat:3, Licht: 0,99435,3,6,2,02,07,2,1,0,0,1,0,0,0,0
"POINT (6.957408099000077 51.477935011000056)",Unfall 99525 (2019) Kat:3, Licht: 2,99525,3,7,7,02,22,5,0,2,0,1,0,0,0,1
"POINT (6.964198482000029 51.461549651000041)",Unfall 99528 (2019) Kat:3, Licht: 0,99528,3,5,1,02,09,5,1,0,0,1,0,0,0,0
"POINT (7.003067991000023 51.447457045000078)",Unfall 99529 (2019) Kat:3, Licht: 0,99529,3,6,3,02,13,5,0,0,0,1,0,0,0,0
"POINT (7.067828887000076 51.489307877000044)",Unfall 99647 (2019) Kat:3, Licht: 2,99647,3,5,1,02,19,6,0,2,0,1,0,0,0,0
"POINT (7.009313406000047 51.487276403000067)",Unfall 99651 (2019) Kat:3, Licht: 0,99651,3,7,3,02,08,6,0,0,0,1,0,0,0,0
"POINT (6.924783791000039 51.487678823000067)",Unfall 99652 (2019) Kat:3, Licht: 0,99652,3,3,5,02,11,6,0,0,0,1,0,0,0,1
"POINT (6.926640374000044 51.477082773000063)",Unfall 99653 (2019) Kat:3, Licht: 0,99653,3,2,4,02,13,6,0,0,0,1,0,1,0,0
"POINT (6.988740787000040 51.382767798000032)",Unfall 99656 (2019) Kat:3, Licht: 0,99656,3,7,0,02,15,6,0,0,1,0,1,0,0,0
"POINT (7.076903902000026 51.444135348000032)",Unfall 99658 (2019) Kat:3, Licht: 0,99658,3,3,5,02,08,6,0,0,1,1,0,0,0,0
"POINT (6.993673941000054 51.491704497000057)",Unfall 99739 (2019) Kat:3, Licht: 0,99739,3,1,0,02,15,1,0,0,1,0,0,0,0,0
"POINT (7.043556468000077 51.382989599000041)",Unfall 99742 (2019) Kat:2, Licht: 0,99742,2,3,5,02,11,1,0,0,0,1,0,1,0,0
"POINT (7.013272571000073 51.450408404000029)",Unfall 99743 (2019) Kat:2, Licht: 0,99743,2,1,0,02,14,1,0,0,1,0,0,0,0,0
"POINT (7.012499773000059 51.461987201000056)",Unfall 99746 (2019) Kat:3, Licht: 2,99746,3,7,5,02,01,1,0,2,0,1,0,0,0,0
"POINT (7.076978764000046 51.451530214000059)",Unfall 99894 (2019) Kat:2, Licht: 2,99894,2,4,6,02,07,5,1,2,0,1,1,0,0,0
"POINT (6.912710047000076 51.475457547000076)",Unfall 99956 (2019) Kat:3, Licht: 0,99956,3,6,2,02,17,7,0,0,0,0,0,1,0,0
"POINT (7.015466236000066 51.461933585000054)",Unfall 99960 (2019) Kat:3, Licht: 0,99960,3,6,2,02,15,7,0,0,0,1,0,0,0,1
"POINT (7.037288525000065 51.442323907000059)",Unfall 99977 (2019) Kat:2, Licht: 0,99977,2,6,2,02,16,5,0,0,0,1,0,0,0,0
"POINT (7.027905578000059 51.512930965000066)",Unfall 100022 (2019) Kat:3, Licht: 0,100022,3,6,2,02,14,7,0,0,0,1,0,0,0,0
"POINT (6.972082414000056 51.485156646000064)",Unfall 100060 (2019) Kat:3, Licht: 0,100060,3,6,2,02,16,4,0,0,0,1,0,0,0,0
"POINT (7.055737021000027 51.428553414000078)",Unfall 100063 (2019) Kat:3, Licht: 0,100063,3,2,5,02,11,4,0,0,1,1,0,0,0,0
"POINT (6.995667411000056 51.454847286000074)",Unfall 100064 (2019) Kat:3, Licht: 1,100064,3,6,1,02,18,4,0,1,0,1,0,0,0,0
"POINT (7.020349937000049 51.509095656000056)",Unfall 100127 (2019) Kat:3, Licht: 0,100127,3,4,6,02,12,2,0,0,0,1,1,0,0,0
"POINT (7.022910558000035 51.419925253000031)",Unfall 100190 (2019) Kat:3, Licht: 0,100190,3,3,5,02,11,2,0,0,1,1,0,0,0,0
"POINT (7.052268218000052 51.428275320000068)",Unfall 100214 (2019) Kat:3, Licht: 0,100214,3,5,5,02,15,3,0,0,0,1,0,0,0,0
"POINT (7.001179827000044 51.430379000000073)",Unfall 100215 (2019) Kat:3, Licht: 0,100215,3,6,2,02,12,3,0,0,0,1,1,0,0,0
"POINT (6.996156439000060 51.413849327000037)",Unfall 100281 (2019) Kat:3, Licht: 0,100281,3,2,6,02,16,2,0,0,0,1,1,0,0,0
"POINT (6.979448685000023 51.482672127000058)",Unfall 100282 (2019) Kat:3, Licht: 0,100282,3,6,2,02,15,2,0,0,0,1,0,0,0,0
"POINT (6.964369328000032 51.475799631000029)",Unfall 100338 (2019) Kat:3, Licht: 0,100338,3,7,0,02,11,2,0,0,0,0,0,0,0,1
"POINT (7.007608244000039 51.443663708000031)",Unfall 100339 (2019) Kat:3, Licht: 0,100339,3,3,5,02,15,2,0,0,0,1,0,0,0,0
"POINT (6.998167533000071 51.489832612000043)",Unfall 100362 (2019) Kat:3, Licht: 0,100362,3,3,5,02,15,1,0,0,1,1,0,0,0,0
"POINT (7.008536243000037 51.403750140000056)",Unfall 100470 (2019) Kat:3, Licht: 0,100470,3,4,6,02,12,1,0,0,0,0,1,1,0,0
"POINT (6.986526205000075 51.478894208000042)",Unfall 100495 (2019) Kat:3, Licht: 2,100495,3,6,0,02,00,6,1,2,0,1,0,1,0,0
"POINT (6.964006985000026 51.453092871000081)",Unfall 100496 (2019) Kat:3, Licht: 0,100496,3,4,0,02,14,6,0,0,0,0,1,0,0,1
"POINT (7.005028544000027 51.507411969000032)",Unfall 100532 (2019) Kat:3, Licht: 0,100532,3,6,3,02,14,6,0,0,0,1,0,0,1,0
"POINT (7.085673145000044 51.465359848000048)",Unfall 100533 (2019) Kat:3, Licht: 2,100533,3,6,2,02,22,6,0,2,0,1,0,0,0,0
"POINT (6.921954420000077 51.469902661000049)",Unfall 100596 (2019) Kat:3, Licht: 2,100596,3,5,0,02,21,5,1,2,0,1,0,1,0,0
"POINT (6.948193748000051 51.463641431000042)",Unfall 100661 (2019) Kat:3, Licht: 0,100661,3,3,5,02,16,3,0,0,0,1,0,1,0,0
"POINT (7.083076439000024 51.426160149000054)",Unfall 100662 (2019) Kat:3, Licht: 0,100662,3,3,5,02,16,3,0,0,1,1,0,0,0,0
"POINT (7.084057800000039 51.470722990000070)",Unfall 100663 (2019) Kat:3, Licht: 0,100663,3,2,5,02,12,3,0,0,0,0,0,1,1,0
"POINT (7.000249289000067 51.466293672000063)",Unfall 100665 (2019) Kat:3, Licht: 1,100665,3,2,5,02,19,3,0,1,0,1,0,0,0,0
"POINT (7.038766708000026 51.459846590000041)",Unfall 100666 (2019) Kat:3, Licht: 2,100666,3,4,6,02,19,3,0,2,0,0,1,0,0,1
"POINT (7.022680910000076 51.453808687000048)",Unfall 100771 (2019) Kat:3, Licht: 0,100771,3,6,1,02,08,4,0,0,0,1,0,0,0,1
"POINT (6.971919681000031 51.485193991000074)",Unfall 100838 (2019) Kat:3, Licht: 0,100838,3,6,3,02,09,2,0,0,0,1,0,0,0,0
"POINT (6.932817826000076 51.358331024000051)",Unfall 100839 (2019) Kat:3, Licht: 0,100839,3,3,1,02,12,2,0,0,1,1,0,0,0,0
"POINT (7.030814624000072 51.424048482000046)",Unfall 100840 (2019) Kat:3, Licht: 0,100840,3,7,6,02,11,2,0,0,0,1,1,0,0,0
"POINT (7.022091332000059 51.436838922000049)",Unfall 100842 (2019) Kat:3, Licht: 0,100842,3,6,1,02,14,2,0,0,0,1,0,1,0,0
"POINT (7.032763882000040 51.441700141000069)",Unfall 100843 (2019) Kat:3, Licht: 0,100843,3,2,0,02,10,2,0,0,0,1,0,0,0,1
"POINT (7.033858377000058 51.442652268000074)",Unfall 101007 (2019) Kat:3, Licht: 2,101007,3,6,2,03,21,6,0,2,0,1,0,0,0,0
"POINT (6.986341678000031 51.444768886000077)",Unfall 101056 (2019) Kat:3, Licht: 2,101056,3,6,2,03,20,6,0,2,0,1,0,0,0,1
"POINT (7.125243620000049 51.415194994000046)",Unfall 101152 (2019) Kat:2, Licht: 0,101152,2,1,0,02,10,5,0,0,1,0,0,0,0,0
"POINT (7.002880629000060 51.436600751000071)",Unfall 101154 (2019) Kat:3, Licht: 1,101154,3,2,5,02,17,5,0,1,1,1,0,0,0,0
"POINT (7.048005892000049 51.495664669000064)",Unfall 101171 (2019) Kat:3, Licht: 0,101171,3,6,2,03,13,7,0,0,0,1,0,0,0,0
"POINT (7.005337358000077 51.477674940000043)",Unfall 101174 (2019) Kat:3, Licht: 0,101174,3,6,2,03,14,7,0,0,0,1,0,0,0,0
"POINT (7.038896857000054 51.512402933000033)",Unfall 101178 (2019) Kat:3, Licht: 2,101178,3,1,1,03,00,7,0,2,0,1,0,0,0,0
"POINT (6.964245524000035 51.461539443000049)",Unfall 101189 (2019) Kat:3, Licht: 2,101189,3,1,8,03,06,7,0,2,0,0,0,1,0,0
"POINT (7.058864378000067 51.445526659000052)",Unfall 101192 (2019) Kat:2, Licht: 2,101192,2,7,6,03,19,7,1,2,0,1,1,0,0,0
"POINT (7.009088791000067 51.489923394000073)",Unfall 101330 (2019) Kat:3, Licht: 0,101330,3,7,0,02,15,4,0,0,1,0,0,0,0,0
"POINT (7.061900246000050 51.424446395000075)",Unfall 101331 (2019) Kat:2, Licht: 1,101331,2,7,7,02,18,4,0,1,0,0,0,1,0,1
"POINT (7.006292505000033 51.444675911000047)",Unfall 101332 (2019) Kat:3, Licht: 0,101332,3,6,1,02,08,4,0,0,0,1,0,0,0,0
"POINT (6.921617058000038 51.487667961000056)",Unfall 101392 (2019) Kat:3, Licht: 0,101392,3,6,2,03,07,6,1,0,0,1,0,0,0,1
"POINT (7.001269562000061 51.465036914000052)",Unfall 101395 (2019) Kat:3, Licht: 0,101395,3,2,5,03,12,6,0,0,0,1,0,0,0,0
"POINT (7.032714847000023 51.459185601000058)",Unfall 101398 (2019) Kat:3, Licht: 2,101398,3,2,5,03,23,6,0,2,0,1,0,0,0,0
"POINT (7.008941570000047 51.477443323000045)",Unfall 101455 (2019) Kat:3, Licht: 1,101455,3,1,1,03,17,4,1,1,0,1,0,0,0,1
"POINT (6.952844946000027 51.463040362000072)",Unfall 101456 (2019) Kat:2, Licht: 0,101456,2,7,0,03,09,4,0,0,0,1,1,0,0,0
"POINT (7.074528036000061 51.418318617000068)",Unfall 101458 (2019) Kat:3, Licht: 2,101458,3,3,5,03,20,4,1,2,0,1,0,0,0,0
"POINT (7.080728202000046 51.475048568000034)",Unfall 101459 (2019) Kat:3, Licht: 2,101459,3,2,5,03,19,4,1,2,0,1,0,1,0,0
"POINT (7.018258621000030 51.469003395000072)",Unfall 101461 (2019) Kat:3, Licht: 2,101461,3,7,6,03,20,4,1,2,0,0,1,0,0,1
"POINT (7.046890840000060 51.456850830000064)",Unfall 101505 (2019) Kat:3, Licht: 0,101505,3,6,2,03,07,4,1,0,0,1,0,0,0,0