WKT,Name,OBJECTID,UKATEGORIE,UTYP1,UART,UMONAT,USTUNDE,UWOCHENTAG,STRZUSTAND,ULICHTVERH,ISTRAD,ISTPKW,ISTFUSS,ISTKRAD,ISTGKFZ,ISTSONSTIG
"POINT (7.002142773000060 51.434426164000058)",Unfall 107412 (2019) Kat:3, Licht: 2,107412,3,3,5,05,23,6,1,2,0,1,0,0,0,0
"POINT (7.016821773000061 51.367610942000056)",Unfall 107511 (2019) Kat:3, Licht: 0,107511,3,6,1,05,17,5,0,0,0,1,0,0,0,0
"POINT (7.001883570000075 51.387627434000080)",Unfall 107514 (2019) Kat:2, Licht: 0,107514,2,6,2,05,08,5,0,0,0,1,0,0,0,0
"POINT (7.106779143000040 51.472375672000055)",Unfall 107568 (2019) Kat:2, Licht: 0,107568,2,1,9,05,17,5,0,0,0,1,0,0,0,0
"POINT (7.006750332000024 51.470974479000063)",Unfall 107603 (2019) Kat:3, Licht: 0,107603,3,6,2,05,16,3,0,0,0,1,0,0,0,0
"POINT (7.009355888000073 51.485587132000035)",Unfall 107604 (2019) Kat:3, Licht: 0,107604,3,7,0,05,13,3,0,0,0,1,0,1,0,0
"POINT (6.958986512000024 51.419943608000040)",Unfall 107606 (2019) Kat:3, Licht: 0,107606,3,6,2,05,08,3,0,0,0,1,0,0,0,0
"POINT (7.009088791000067 51.489923394000073)",Unfall 107769 (2019) Kat:3, Licht: 0,107769,3,2,6,05,11,2,0,0,0,1,1,0,0,0
"POINT (7.006748781000056 51.470992247000027)",Unfall 107771 (2019) Kat:3, Licht: 0,107771,3,6,3,05,06,2,0,0,0,1,0,0,1,0
"POINT (6.933135068000070 51.358695794000027)",Unfall 107772 (2019) Kat:3, Licht: 0,107772,3,2,5,05,18,2,0,0,1,1,0,0,0,0
"POINT (6.993380647000038 51.439049095000030)",Unfall 107773 (2019) Kat:3, Licht: 0,107773,3,6,2,05,17,2,0,0,0,1,0,0,0,0
"POINT (7.021239030000061 51.443517993000057)",Unfall 107775 (2019) Kat:3, Licht: 0,107775,3,2,4,05,14,2,0,0,0,1,0,1,0,0
"POINT (7.042298218000042 51.454652059000068)",Unfall 107846 (2019) Kat:3, Licht: 0,107846,3,6,3,05,18,2,0,0,0,1,0,0,1,0
"POINT (7.062041800000031 51.462774029000059)",Unfall 107940 (2019) Kat:3, Licht: 0,107940,3,6,2,05,15,4,0,0,0,1,0,0,0,0
"POINT (6.980121687000064 51.438316596000050)",Unfall 107964 (2019) Kat:2, Licht: 0,107964,2,1,8,05,15,6,1,0,0,1,0,0,0,0
"POINT (6.978161670000077 51.504574030000072)",Unfall 108026 (2019) Kat:3, Licht: 0,108026,3,7,9,05,11,5,0,0,0,0,0,0,1,0
"POINT (6.980021996000062 51.468088306000027)",Unfall 108027 (2019) Kat:2, Licht: 1,108027,2,4,6,05,21,6,0,1,0,1,1,0,0,0
"POINT (7.026666239000065 51.385463038000069)",Unfall 108071 (2019) Kat:2, Licht: 0,108071,2,7,5,05,11,7,0,0,0,1,0,1,0,0
"POINT (7.002175423000040 51.434278734000031)",Unfall 108083 (2019) Kat:3, Licht: 0,108083,3,6,2,05,17,6,1,0,0,1,0,0,0,0
"POINT (6.949096842000074 51.463607595000042)",Unfall 108128 (2019) Kat:1, Licht: 0,108128,1,2,5,05,14,6,1,0,1,1,0,0,0,0
"POINT (7.009713832000045 51.482146993000072)",Unfall 108192 (2019) Kat:3, Licht: 0,108192,3,6,2,05,10,7,0,0,0,0,0,0,0,1
"POINT (7.002121286000033 51.434356377000029)",Unfall 108204 (2019) Kat:3, Licht: 0,108204,3,6,2,05,17,6,1,0,0,1,0,0,0,0
"POINT (7.006834874000049 51.515816622000045)",Unfall 108221 (2019) Kat:3, Licht: 0,108221,3,7,0,05,16,4,0,0,1,0,0,0,0,0
"POINT (7.013798378000047 51.474443447000056)",Unfall 108229 (2019) Kat:3, Licht: 0,108229,3,6,2,05,12,4,0,0,0,1,0,0,0,0
"POINT (7.009310169000059 51.485401249000063)",Unfall 108235 (2019) Kat:3, Licht: 0,108235,3,4,6,05,11,4,0,0,0,1,1,0,0,0
"POINT (6.975786819000064 51.475972166000076)",Unfall 108242 (2019) Kat:3, Licht: 0,108242,3,7,0,05,15,4,0,0,1,0,0,1,0,0
"POINT (6.948369070000069 51.482117133000031)",Unfall 108247 (2019) Kat:3, Licht: 0,108247,3,2,5,05,08,4,0,0,0,1,0,0,0,0
"POINT (7.019242800000029 51.388343474000067)",Unfall 108252 (2019) Kat:3, Licht: 0,108252,3,2,4,05,08,4,0,0,1,0,0,0,0,1
"POINT (7.014946727000051 51.459233500000039)",Unfall 108283 (2019) Kat:3, Licht: 2,108283,3,1,8,05,01,7,0,2,0,1,0,0,0,0
"POINT (6.992387227000052 51.411559267000030)",Unfall 108345 (2019) Kat:3, Licht: 0,108345,3,3,5,05,16,3,1,0,0,1,0,0,0,0
"POINT (6.990003187000070 51.436389212000051)",Unfall 108346 (2019) Kat:3, Licht: 0,108346,3,6,0,05,18,3,1,0,0,1,0,1,0,0
"POINT (6.991921534000028 51.438466853000079)",Unfall 108347 (2019) Kat:3, Licht: 0,108347,3,3,5,05,17,3,1,0,0,1,0,1,0,0
"POINT (7.046361960000070 51.465226667000081)",Unfall 108348 (2019) Kat:3, Licht: 0,108348,3,1,8,05,07,3,1,0,0,0,0,1,0,0
"POINT (7.004776723000020 51.459066454000038)",Unfall 108349 (2019) Kat:3, Licht: 0,108349,3,6,0,05,18,3,1,0,0,0,0,1,0,0
"POINT (7.082313861000046 51.387313467000070)",Unfall 108399 (2019) Kat:2, Licht: 0,108399,2,1,8,05,09,3,1,0,0,1,0,0,0,0
"POINT (7.017538338000065 51.471315711000045)",Unfall 108537 (2019) Kat:3, Licht: 0,108537,3,6,2,05,10,4,0,0,0,1,0,0,0,0
"POINT (7.054806015000054 51.431323220000081)",Unfall 108541 (2019) Kat:3, Licht: 0,108541,3,6,1,05,12,4,0,0,0,1,0,0,1,0
"POINT (7.081864360000054 51.446786840000073)",Unfall 108543 (2019) Kat:3, Licht: 2,108543,3,6,2,05,22,4,0,2,0,1,0,0,0,0
"POINT (7.048283815000048 51.496702375000041)",Unfall 108591 (2019) Kat:3, Licht: 0,108591,3,6,1,05,12,1,0,0,0,1,0,0,0,0
"POINT (6.927367174000040 51.459094713000070)",Unfall 108592 (2019) Kat:3, Licht: 0,108592,3,1,0,05,17,1,1,0,0,0,0,1,0,0
"POINT (7.002933949000067 51.447288424000078)",Unfall 108644 (2019) Kat:2, Licht: 0,108644,2,6,2,05,19,1,0,0,0,1,0,1,0,0
"POINT (6.972610397000040 51.413861389000033)",Unfall 108646 (2019) Kat:3, Licht: 0,108646,3,7,2,05,16,4,0,0,0,1,0,0,0,1
"POINT (7.014355815000045 51.473330829000076)",Unfall 108681 (2019) Kat:3, Licht: 0,108681,3,6,2,05,19,7,0,0,0,1,0,0,0,0
"POINT (7.000661940000043 51.384564170000033)",Unfall 108779 (2019) Kat:3, Licht: 0,108779,3,6,2,05,20,6,0,0,0,1,0,0,0,0
"POINT (7.020652825000070 51.446693654000057)",Unfall 108780 (2019) Kat:3, Licht: 0,108780,3,2,5,05,11,6,0,0,0,1,0,0,0,0
"POINT (6.996983429000068 51.446336534000068)",Unfall 108825 (2019) Kat:3, Licht: 0,108825,3,6,2,05,15,6,0,0,0,1,0,0,0,1
"POINT (7.059972827000024 51.445693472000073)",Unfall 108924 (2019) Kat:3, Licht: 0,108924,3,6,1,05,15,1,0,0,0,1,0,1,0,0
"POINT (7.043535293000048 51.483610028000044)",Unfall 108928 (2019) Kat:2, Licht: 1,108928,2,1,8,05,21,5,0,1,0,1,0,0,0,0
"POINT (6.956468026000039 51.400612084000045)",Unfall 108930 (2019) Kat:3, Licht: 0,108930,3,3,5,05,11,5,0,0,1,1,0,0,0,0
"POINT (6.928755383000066 51.487927327000079)",Unfall 109126 (2019) Kat:2, Licht: 0,109126,2,4,6,05,12,3,1,0,0,1,1,0,0,0
"POINT (6.968549869000071 51.393353030000071)",Unfall 109128 (2019) Kat:3, Licht: 0,109128,3,3,5,05,11,3,1,0,0,1,0,0,0,0
"POINT (7.103857349000066 51.452934874000050)",Unfall 109130 (2019) Kat:3, Licht: 0,109130,3,3,5,05,13,3,1,0,0,1,0,0,0,1
"POINT (7.094226989000049 51.449214996000080)",Unfall 109187 (2019) Kat:3, Licht: 0,109187,3,3,5,05,05,5,0,0,0,1,0,0,0,0
"POINT (7.080779309000036 51.460169740000026)",Unfall 109370 (2019) Kat:3, Licht: 0,109370,3,3,5,05,17,2,0,0,1,1,0,0,0,0
"POINT (7.042424377000032 51.473434217000033)",Unfall 109386 (2019) Kat:2, Licht: 0,109386,2,2,3,05,12,4,0,0,1,0,0,0,1,0
"POINT (7.008939651000048 51.483916458000067)",Unfall 109387 (2019) Kat:3, Licht: 0,109387,3,6,2,05,12,4,0,0,0,1,0,0,0,0
"POINT (7.002139997000029 51.434417148000080)",Unfall 109389 (2019) Kat:2, Licht: 0,109389,2,3,5,05,11,4,0,0,0,1,0,0,0,0
"POINT (7.016992573000039 51.454753538000034)",Unfall 109390 (2019) Kat:3, Licht: 0,109390,3,3,5,05,19,4,0,0,0,1,0,0,0,0
"POINT (7.007548339000039 51.505631134000055)",Unfall 109514 (2019) Kat:3, Licht: 0,109514,3,6,2,06,14,1,0,0,0,1,0,0,0,1
"POINT (6.964223883000045 51.461544139000068)",Unfall 109515 (2019) Kat:3, Licht: 0,109515,3,2,2,06,14,1,0,0,0,1,1,1,0,0
"POINT (7.072139770000035 51.450520321000056)",Unfall 109516 (2019) Kat:3, Licht: 0,109516,3,3,5,06,12,1,0,0,0,1,0,1,0,0
"POINT (7.001190718000032 51.493550305000042)",Unfall 109697 (2019) Kat:3, Licht: 0,109697,3,1,0,06,16,7,0,0,1,0,0,0,0,0
"POINT (7.036492315000032 51.384541560000059)",Unfall 109700 (2019) Kat:2, Licht: 0,109700,2,1,9,06,16,7,0,0,0,0,0,1,0,0
"POINT (6.955705024000054 51.462966745000074)",Unfall 109730 (2019) Kat:3, Licht: 0,109730,3,7,0,06,10,2,0,0,1,1,0,0,0,0
"POINT (7.003498196000066 51.388352699000052)",Unfall 109734 (2019) Kat:3, Licht: 0,109734,3,1,8,06,08,2,1,0,0,1,0,0,0,0
"POINT (6.959019944000033 51.419933506000064)",Unfall 109735 (2019) Kat:3, Licht: 0,109735,3,6,2,06,12,2,0,0,0,1,0,0,0,0
"POINT (6.973797249000029 51.415628941000080)",Unfall 109737 (2019) Kat:3, Licht: 0,109737,3,3,2,06,12,2,0,0,0,1,0,0,0,0
"POINT (7.009028830000034 51.433553181000036)",Unfall 109739 (2019) Kat:3, Licht: 0,109739,3,6,3,06,08,2,0,0,0,1,0,0,0,0
"POINT (7.055587411000033 51.432318010000074)",Unfall 109899 (2019) Kat:3, Licht: 0,109899,3,7,7,05,09,6,0,0,1,0,0,0,0,0
"POINT (7.037944879000065 51.439600107000047)",Unfall 109900 (2019) Kat:3, Licht: 0,109900,3,6,1,05,20,6,0,0,0,1,0,0,0,0
"POINT (7.068318547000047 51.455838524000058)",Unfall 109902 (2019) Kat:2, Licht: 0,109902,2,1,0,05,15,6,0,0,1,0,0,0,0,0
"POINT (7.010374349000074 51.417631507000067)",Unfall 110049 (2019) Kat:3, Licht: 0,110049,3,6,2,06,14,7,0,0,0,1,0,0,0,0
"POINT (6.986277771000061 51.459355212000048)",Unfall 110051 (2019) Kat:3, Licht: 0,110051,3,2,5,06,14,7,0,0,0,1,0,0,0,1
"POINT (7.026366700000040 51.469928418000052)",Unfall 110053 (2019) Kat:3, Licht: 0,110053,3,2,5,06,18,7,0,0,1,1,0,0,0,0
"POINT (7.050550391000058 51.490380640000069)",Unfall 110159 (2019) Kat:3, Licht: 0,110159,3,4,6,06,16,4,0,0,0,1,1,0,0,0
"POINT (6.963796004000074 51.461717687000032)",Unfall 110161 (2019) Kat:3, Licht: 0,110161,3,6,2,06,19,4,0,0,0,1,0,0,0,0
"POINT (6.980939675000059 51.460462594000035)",Unfall 110163 (2019) Kat:3, Licht: 0,110163,3,2,5,06,17,4,0,0,1,1,0,0,0,0
"POINT (7.035515671000042 51.444574168000031)",Unfall 110165 (2019) Kat:3, Licht: 0,110165,3,4,6,06,12,4,0,0,1,0,1,0,0,0
"POINT (6.998480006000023 51.487561837000044)",Unfall 110237 (2019) Kat:3, Licht: 0,110237,3,6,2,06,08,6,0,0,0,1,0,1,0,0
"POINT (6.933135068000070 51.358695794000027)",Unfall 110238 (2019) Kat:2, Licht: 0,110238,2,2,5,06,16,6,0,0,0,1,0,0,0,0
"POINT (6.997300328000051 51.441715268000053)",Unfall 110239 (2019) Kat:3, Licht: 0,110239,3,4,0,06,18,6,1,0,0,1,1,0,0,0
"POINT (7.109829133000062 51.455361134000043)",Unfall 110242 (2019) Kat:2, Licht: 0,110242,2,2,4,06,11,6,0,0,0,1,0,0,0,0
"POINT (7.073134948000075 51.423199984000064)",Unfall 110422 (2019) Kat:3, Licht: 0,110422,3,2,2,06,08,3,0,0,0,1,0,0,0,0
"POINT (7.047809033000021 51.427309821000051)",Unfall 110426 (2019) Kat:3, Licht: 0,110426,3,2,0,06,10,3,0,0,1,1,0,0,0,0
"POINT (6.997829043000024 51.455736695000041)",Unfall 110427 (2019) Kat:3, Licht: 0,110427,3,6,2,06,19,3,0,0,0,1,0,0,0,0
"POINT (7.010167915000068 51.497873787000060)",Unfall 110474 (2019) Kat:2, Licht: 0,110474,2,6,2,06,16,5,0,0,0,1,0,0,0,0
"POINT (7.000448177000067 51.464752505000035)",Unfall 110475 (2019) Kat:3, Licht: 0,110475,3,6,2,06,14,5,0,0,0,1,0,0,0,0
"POINT (7.032211465000046 51.473121073000073)",Unfall 110585 (2019) Kat:3, Licht: 0,110585,3,4,6,06,11,3,0,0,0,1,1,0,0,0
"POINT (6.953098049000062 51.480513746000042)",Unfall 110586 (2019) Kat:3, Licht: 0,110586,3,3,5,06,14,3,0,0,0,1,0,0,0,0
"POINT (7.050489329000072 51.427957546000073)",Unfall 110587 (2019) Kat:3, Licht: 0,110587,3,3,5,06,18,3,0,0,0,1,0,0,0,0
"POINT (7.000092103000043 51.506385253000076)",Unfall 110631 (2019) Kat:3, Licht: 0,110631,3,6,2,06,16,3,0,0,0,1,0,0,0,0
"POINT (7.043339581000055 51.483658661000050)",Unfall 110667 (2019) Kat:2, Licht: 0,110667,2,4,6,06,17,2,0,0,0,1,1,0,0,0
"POINT (7.006996852000043 51.403242000000034)",Unfall 110668 (2019) Kat:3, Licht: 0,110668,3,6,6,06,13,2,0,0,1,0,1,0,0,0
"POINT (7.039436974000068 51.383127198000068)",Unfall 110767 (2019) Kat:3, Licht: 0,110767,3,3,5,06,15,1,0,0,0,0,0,1,0,0
"POINT (6.959091924000063 51.420041439000045)",Unfall 110769 (2019) Kat:3, Licht: 0,110769,3,2,5,06,21,1,0,0,0,1,0,0,0,0
"POINT (7.022946087000037 51.469246151000050)",Unfall 110771 (2019) Kat:3, Licht: 0,110771,3,3,5,06,11,1,0,0,0,1,0,0,0,0
"POINT (7.012443192000035 51.461968390000038)",Unfall 110772 (2019) Kat:3, Licht: 0,110772,3,3,5,06,16,1,0,0,1,1,0,0,0,0
"POINT (6.951879700000063 51.495211143000063)",Unfall 110895 (2019) Kat:3, Licht: 0,110895,3,6,2,06,06,5,0,0,0,0,0,1,1,0
"POINT (6.968010162000041 51.486091127000066)",Unfall 110896 (2019) Kat:3, Licht: 0,110896,3,2,5,06,15,5,0,0,0,1,0,1,0,0
"POINT (6.971494513000039 51.478786091000075)",Unfall 110897 (2019) Kat:3, Licht: 1,110897,3,5,1,06,04,5,0,1,1,1,0,0,0,0
"POINT (7.013689723000027 51.433290406000026)",Unfall 110899 (2019) Kat:3, Licht: 0,110899,3,6,2,06,08,5,0,0,0,1,0,0,0,0
"POINT (7.034066821000067 51.456203461000030)",Unfall 110900 (2019) Kat:2, Licht: 1,110900,2,6,4,06,22,5,0,1,0,1,0,0,0,0
"POINT (7.018332551000071 51.469874966000077)",Unfall 110901 (2019) Kat:3, Licht: 0,110901,3,6,2,06,08,5,0,0,0,1,0,0,0,0
"POINT (6.930102799000053 51.461581643000045)",Unfall 111054 (2019) Kat:3, Licht: 0,111054,3,6,2,06,16,4,0,0,0,1,0,0,0,0
"POINT (7.069664909000039 51.467432160000044)",Unfall 111056 (2019) Kat:3, Licht: 0,111056,3,6,2,06,15,4,0,0,0,1,0,0,0,0
"POINT (7.008944772000064 51.417267930000037)",Unfall 111085 (2019) Kat:3, Licht: 0,111085,3,6,1,06,08,6,0,0,0,1,0,0,0,0
"POINT (7.037834257000043 51.439646576000030)",Unfall 111104 (2019) Kat:2, Licht: 0,111104,2,6,2,06,15,7,0,0,0,1,0,0,0,0
"POINT (7.003705404000073 51.434075979000056)",Unfall 111116 (2019) Kat:3, Licht: 0,111116,3,6,0,06,10,6,0,0,0,1,0,0,0,1
"POINT (7.007224887000064 51.517762431000051)",Unfall 111149 (2019) Kat:2, Licht: 0,111149,2,4,6,06,16,7,0,0,0,1,1,0,0,0
"POINT (6.997608454000044 51.492662505000055)",Unfall 111162 (2019) Kat:3, Licht: 0,111162,3,4,6,06,08,6,0,0,0,1,1,0,0,1
"POINT (7.015953908000029 51.388646632000075)",Unfall 111200 (2019) Kat:3, Licht: 0,111200,3,6,2,06,16,1,0,0,0,1,0,1,0,0
"POINT (7.078436855000064 51.438115633000052)",Unfall 111220 (2019) Kat:2, Licht: 0,111220,2,1,0,06,16,7,0,0,1,0,0,0,0,0
"POINT (7.078467715000045 51.438119650000033)",Unfall 111322 (2019) Kat:3, Licht: 0,111322,3,5,2,06,16,7,0,0,0,1,0,0,0,0
"POINT (7.006985942000028 51.516673331000050)",Unfall 111339 (2019) Kat:3, Licht: 0,111339,3,7,0,06,16,6,0,0,1,0,0,0,0,0
"POINT (7.020894884000029 51.496937439000078)",Unfall 111518 (2019) Kat:2, Licht: 0,111518,2,7,6,06,15,3,0,0,1,0,1,0,0,0
"POINT (6.966761496000061 51.473550765000027)",Unfall 111519 (2019) Kat:3, Licht: 0,111519,3,6,2,06,12,3,0,0,0,1,0,0,0,0
"POINT (6.990023834000056 51.436385365000035)",Unfall 111700 (2019) Kat:3, Licht: 0,111700,3,4,0,06,17,2,0,0,1,0,1,0,0,0
"POINT (6.984007418000033 51.437903115000040)",Unfall 111702 (2019) Kat:3, Licht: 0,111702,3,7,0,06,14,2,0,0,0,0,0,0,0,1
"POINT (7.031281439000054 51.450601746000075)",Unfall 111703 (2019) Kat:3, Licht: 0,111703,3,5,0,06,13,2,0,0,1,1,0,0,0,0
"POINT (7.039187779000031 51.476481346000071)",Unfall 111704 (2019) Kat:3, Licht: 0,111704,3,3,5,06,16,4,0,0,0,1,0,0,0,0
"POINT (6.963973821000025 51.475746259000061)",Unfall 111706 (2019) Kat:3, Licht: 0,111706,3,2,5,06,09,4,0,0,0,1,0,0,0,1
"POINT (7.084575806000032 51.395840312000075)",Unfall 111813 (2019) Kat:3, Licht: 0,111813,3,3,8,06,08,6,0,0,0,1,0,0,0,0
"POINT (7.083514677000039 51.444876563000037)",Unfall 111814 (2019) Kat:3, Licht: 0,111814,3,4,0,06,14,6,0,0,0,1,1,0,0,0
"POINT (6.936700505000033 51.486324268000033)",Unfall 111923 (2019) Kat:3, Licht: 0,111923,3,7,0,06,12,1,0,0,0,0,0,1,0,0
"POINT (7.001459891000025 51.481674307000048)",Unfall 112075 (2019) Kat:3, Licht: 0,112075,3,6,3,06,13,7,0,0,0,1,0,1,0,0
"POINT (7.054502750000040 51.431768260000069)",Unfall 112077 (2019) Kat:3, Licht: 0,112077,3,7,0,06,13,7,0,0,1,0,0,0,0,0
"POINT (7.036568519000070 51.474470435000057)",Unfall 112144 (2019) Kat:3, Licht: 0,112144,3,6,1,06,13,3,0,0,0,1,0,0,0,0
"POINT (6.973278538000045 51.479186518000063)",Unfall 112145 (2019) Kat:3, Licht: 0,112145,3,3,5,06,09,3,0,0,0,1,0,1,0,0
"POINT (6.978517807000060 51.476455815000065)",Unfall 112146 (2019) Kat:3, Licht: 0,112146,3,2,4,06,14,3,0,0,0,1,0,0,0,0
"POINT (6.977200734000064 51.414282679000053)",Unfall 112147 (2019) Kat:3, Licht: 0,112147,3,6,1,06,12,3,0,0,0,1,0,0,0,0
"POINT (7.017978979000077 51.435528753000028)",Unfall 112148 (2019) Kat:3, Licht: 0,112148,3,2,4,06,08,3,0,0,0,1,0,0,0,0
"POINT (7.070072393000032 51.449775977000058)",Unfall 112149 (2019) Kat:3, Licht: 0,112149,3,3,5,06,07,3,0,0,0,1,0,1,0,0
"POINT (7.036258373000067 51.444439861000035)",Unfall 112150 (2019) Kat:3, Licht: 0,112150,3,6,1,06,15,3,0,0,1,1,0,0,0,0
"POINT (6.987503959000037 51.503257879000046)",Unfall 112195 (2019) Kat:3, Licht: 0,112195,3,6,3,06,14,3,0,0,0,1,0,0,1,0
"POINT (6.995235983000043 51.446070833000078)",Unfall 112248 (2019) Kat:3, Licht: 0,112248,3,6,2,06,14,5,0,0,0,1,0,0,0,0
"POINT (7.009355929000037 51.491038954000032)",Unfall 112362 (2019) Kat:2, Licht: 0,112362,2,4,6,06,09,2,0,0,0,1,1,0,0,0
"POINT (6.964704073000064 51.458243160000052)",Unfall 112364 (2019) Kat:3, Licht: 0,112364,3,6,2,06,12,2,0,0,0,1,0,0,0,0
"POINT (7.076226619000067 51.444184202000031)",Unfall 112366 (2019) Kat:3, Licht: 0,112366,3,2,5,06,12,2,0,0,0,0,0,0,0,1
"POINT (7.036606890000030 51.453676218000055)",Unfall 112451 (2019) Kat:3, Licht: 0,112451,3,6,2,06,15,4,0,0,0,1,0,0,0,0
"POINT (7.111305536000032 51.451355878000072)",Unfall 112651 (2019) Kat:3, Licht: 0,112651,3,4,6,06,14,6,0,0,0,1,1,0,0,0
"POINT (7.004241033000028 51.459169184000075)",Unfall 112653 (2019) Kat:3, Licht: 0,112653,3,7,0,06,18,6,0,0,0,1,0,1,0,0
"POINT (7.044613275000074 51.469686567000053)",Unfall 112679 (2019) Kat:3, Licht: 0,112679,3,2,5,06,12,1,0,0,0,1,0,0,0,1
"POINT (6.939856334000069 51.485528080000051)",Unfall 112681 (2019) Kat:3, Licht: 0,112681,3,7,0,06,17,1,0,0,0,0,0,1,0,0
"POINT (6.996586775000026 51.392509310000037)",Unfall 112683 (2019) Kat:2, Licht: 0,112683,2,2,2,06,21,1,0,0,0,1,0,1,0,0
"POINT (7.083624459000021 51.443636861000073)",Unfall 112684 (2019) Kat:2, Licht: 0,112684,2,1,8,06,14,1,0,0,0,0,0,1,0,0
"POINT (7.017520947000037 51.442159972000070)",Unfall 112687 (2019) Kat:3, Licht: 0,112687,3,5,1,06,10,1,0,0,1,1,0,0,0,0
"POINT (7.111957838000024 51.471600913000032)",Unfall 112776 (2019) Kat:3, Licht: 0,112776,3,6,3,06,14,6,0,0,0,1,0,1,0,0
"POINT (6.980211095000072 51.467947927000068)",Unfall 112924 (2019) Kat:2, Licht: 0,112924,2,4,6,06,17,5,0,0,0,1,1,0,0,0
"POINT (7.046041173000049 51.426797786000066)",Unfall 112926 (2019) Kat:2, Licht: 2,112926,2,7,0,06,22,5,0,2,1,0,0,0,0,0
"POINT (7.046025107000048 51.426792878000072)",Unfall 112928 (2019) Kat:2, Licht: 2,112928,2,7,0,06,22,5,0,2,1,1,0,0,0,0
"POINT (6.980491923000045 51.436274016000027)",Unfall 112934 (2019) Kat:3, Licht: 0,112934,3,1,0,06,08,7,0,0,1,0,0,0,0,0
"POINT (7.084582745000034 51.424569359000031)",Unfall 113005 (2019) Kat:3, Licht: 0,113005,3,6,2,07,20,3,0,0,0,1,0,0,0,0
"POINT (7.004520885000034 51.434120019000034)",Unfall 113006 (2019) Kat:3, Licht: 0,113006,3,6,0,07,17,3,0,0,0,0,0,0,0,1
"POINT (7.036161036000067 51.446013456000060)",Unfall 113007 (2019) Kat:3, Licht: 0,113007,3,6,1,07,12,3,0,0,0,1,0,0,1,0
"POINT (7.088418712000021 51.466035466000051)",Unfall 113095 (2019) Kat:3, Licht: 0,113095,3,6,3,07,19,3,0,0,0,1,0,0,1,0
"POINT (6.998038870000073 51.490443913000036)",Unfall 113215 (2019) Kat:3, Licht: 0,113215,3,2,3,07,05,4,0,0,0,1,0,0,0,0
"POINT (7.000203079000073 51.483369813000081)",Unfall 113292 (2019) Kat:2, Licht: 0,113292,2,6,2,07,14,2,0,0,0,1,0,1,0,0
"POINT (7.056243925000047 51.423823277000054)",Unfall 113294 (2019) Kat:3, Licht: 0,113294,3,6,1,07,15,2,0,0,0,1,0,0,0,1
"POINT (7.027339893000033 51.443478538000079)",Unfall 113297 (2019) Kat:3, Licht: 0,113297,3,3,5,07,18,2,0,0,1,1,0,0,0,0
"POINT (7.028758364000055 51.451925612000082)",Unfall 113299 (2019) Kat:2, Licht: 0,113299,2,2,5,07,19,2,0,0,0,1,0,0,0,0
"POINT (6.963168742000050 51.441362634000029)",Unfall 113439 (2019) Kat:3, Licht: 0,113439,3,6,2,07,16,2,0,0,0,1,0,0,0,0
"POINT (6.988685697000051 51.478533275000075)",Unfall 113478 (2019) Kat:3, Licht: 0,113478,3,6,4,07,14,7,0,0,0,1,0,0,0,0
"POINT (6.967601939000076 51.473724793000031)",Unfall 113479 (2019) Kat:3, Licht: 2,113479,3,4,6,07,22,7,1,2,0,1,1,0,0,0
"POINT (6.980534408000040 51.412205089000054)",Unfall 113481 (2019) Kat:3, Licht: 0,113481,3,6,2,07,11,7,0,0,0,1,0,1,0,0
"POINT (7.026065143000039 51.449300683000047)",Unfall 113484 (2019) Kat:3, Licht: 0,113484,3,7,2,07,18,7,0,0,0,1,0,1,0,0
"POINT (6.973024064000072 51.431413172000077)",Unfall 113612 (2019) Kat:2, Licht: 0,113612,2,5,2,07,12,2,0,0,0,1,0,0,0,0
"POINT (7.105774021000059 51.477280837000080)",Unfall 113614 (2019) Kat:3, Licht: 0,113614,3,3,5,07,18,2,0,0,0,1,0,1,0,0
"POINT (6.999364622000030 51.446243281000079)",Unfall 113708 (2019) Kat:3, Licht: 0,113708,3,6,2,07,17,2,0,0,0,1,0,0,0,0
"POINT (7.023051658000043 51.419752464000055)",Unfall 113809 (2019) Kat:3, Licht: 2,113809,3,3,5,07,22,1,0,2,0,1,0,0,0,0
"POINT (7.018332551000071 51.469874966000077)",Unfall 113810 (2019) Kat:2, Licht: 0,113810,2,3,5,07,11,1,0,0,0,1,0,0,0,0
"POINT (7.076922639000031 51.444134870000028)",Unfall 113967 (2019) Kat:3, Licht: 0,113967,3,7,5,07,07,5,0,0,1,1,0,0,0,0
"POINT (6.980171629000040 51.460676726000031)",Unfall 114008 (2019) Kat:2, Licht: 0,114008,2,4,6,07,08,5,1,0,0,1,1,0,0,0
"POINT (7.055733214000043 51.428543977000061)",Unfall 114009 (2019) Kat:2, Licht: 0,114009,2,2,5,07,14,5,0,0,0,1,0,0,0,1
"POINT (7.037413928000035 51.448356612000055)",Unfall 114010 (2019) Kat:3, Licht: 0,114010,3,2,0,07,11,5,0,0,0,1,0,0,0,1