WKT,Name,OBJECTID,UKATEGORIE,UTYP1,UART,UMONAT,USTUNDE,UWOCHENTAG,STRZUSTAND,ULICHTVERH,ISTRAD,ISTPKW,ISTFUSS,ISTKRAD,ISTGKFZ,ISTSONSTIG
"POINT (6.994063102000041 51.459031422000066)",Unfall 114011 (2019) Kat:3, Licht: 2,114011,3,1,9,07,23,5,1,2,0,1,0,0,0,0
"POINT (7.008344799000042 51.523891751000065)",Unfall 114152 (2019) Kat:3, Licht: 0,114152,3,6,2,07,17,4,0,0,0,1,0,0,0,0
"POINT (7.048962125000060 51.500741049000055)",Unfall 114153 (2019) Kat:3, Licht: 0,114153,3,3,5,07,20,4,1,0,1,0,0,0,0,1
"POINT (7.012600262000035 51.477648346000080)",Unfall 114154 (2019) Kat:3, Licht: 0,114154,3,7,0,07,20,4,1,0,1,0,0,0,0,0
"POINT (7.009467539000070 51.486444160000076)",Unfall 114155 (2019) Kat:3, Licht: 0,114155,3,6,2,07,08,4,0,0,0,1,0,0,0,0
"POINT (6.995813263000059 51.498416688000077)",Unfall 114156 (2019) Kat:3, Licht: 0,114156,3,6,2,07,12,4,0,0,0,1,0,0,0,0
"POINT (6.946215775000042 51.463266610000062)",Unfall 114157 (2019) Kat:3, Licht: 0,114157,3,2,5,07,11,4,0,0,1,1,0,0,0,0
"POINT (7.061774685000046 51.418812377000052)",Unfall 114158 (2019) Kat:2, Licht: 0,114158,2,6,2,07,16,4,0,0,0,1,0,0,0,0
"POINT (6.982861764000063 51.449525080000058)",Unfall 114159 (2019) Kat:3, Licht: 2,114159,3,3,5,07,23,4,1,2,0,1,0,0,0,0
"POINT (6.987156520000042 51.465825194000047)",Unfall 114160 (2019) Kat:3, Licht: 0,114160,3,3,0,07,14,4,0,0,1,0,0,0,0,0
"POINT (7.119036239000025 51.416512473000068)",Unfall 114263 (2019) Kat:3, Licht: 0,114263,3,2,6,07,07,3,0,0,0,1,1,0,0,0
"POINT (7.055657457000052 51.428606371000058)",Unfall 114264 (2019) Kat:3, Licht: 0,114264,3,5,1,07,12,3,0,0,0,1,0,0,0,0
"POINT (7.022930318000022 51.469242798000039)",Unfall 114265 (2019) Kat:3, Licht: 1,114265,3,2,5,07,19,3,0,1,1,1,0,0,0,0
"POINT (6.979496785000038 51.485148278000054)",Unfall 114291 (2019) Kat:2, Licht: 0,114291,2,6,2,07,15,1,0,0,1,0,0,0,0,0
"POINT (7.002772797000034 51.479976057000044)",Unfall 114292 (2019) Kat:3, Licht: 0,114292,3,3,5,07,18,1,0,0,1,1,0,0,0,0
"POINT (6.977504781000050 51.473681698000064)",Unfall 114349 (2019) Kat:3, Licht: 0,114349,3,6,2,07,15,7,0,0,0,1,0,0,0,0
"POINT (7.003062121000028 51.437241496000070)",Unfall 114350 (2019) Kat:2, Licht: 2,114350,2,2,5,07,22,7,0,2,0,1,0,0,0,0
"POINT (6.986970736000046 51.437148186000059)",Unfall 114351 (2019) Kat:3, Licht: 0,114351,3,6,2,07,16,7,0,0,0,1,0,0,0,0
"POINT (6.987156520000042 51.465825194000047)",Unfall 114352 (2019) Kat:3, Licht: 0,114352,3,3,5,07,20,7,0,0,1,1,0,0,0,0
"POINT (7.032714847000023 51.459185601000058)",Unfall 114353 (2019) Kat:3, Licht: 0,114353,3,2,5,07,20,7,0,0,0,1,0,0,0,0
"POINT (6.997608454000044 51.492662505000055)",Unfall 114457 (2019) Kat:3, Licht: 0,114457,3,6,2,07,13,6,0,0,0,1,0,0,0,0
"POINT (7.073117454000055 51.421468220000065)",Unfall 114458 (2019) Kat:3, Licht: 0,114458,3,7,6,07,10,6,0,0,0,1,1,0,0,0
"POINT (7.082010554000021 51.473359107000078)",Unfall 114459 (2019) Kat:3, Licht: 0,114459,3,7,3,07,12,6,0,0,0,1,0,0,0,0
"POINT (7.000963973000069 51.517410832000053)",Unfall 114635 (2019) Kat:3, Licht: 0,114635,3,7,0,07,16,4,0,0,0,0,0,0,1,0
"POINT (7.043864953000025 51.502969496000048)",Unfall 114636 (2019) Kat:3, Licht: 0,114636,3,6,2,07,17,4,0,0,0,1,0,0,0,0
"POINT (6.959344939000062 51.448163509000040)",Unfall 114637 (2019) Kat:3, Licht: 0,114637,3,3,5,07,15,4,0,0,0,1,0,0,0,0
"POINT (7.083406746000037 51.470231845000058)",Unfall 114638 (2019) Kat:3, Licht: 2,114638,3,7,9,07,23,4,0,2,1,0,0,0,0,0
"POINT (7.033211949000076 51.473542005000070)",Unfall 114737 (2019) Kat:3, Licht: 0,114737,3,4,6,07,11,3,0,0,0,0,1,1,0,0
"POINT (6.965072061000058 51.461500209000064)",Unfall 114738 (2019) Kat:3, Licht: 0,114738,3,2,5,07,12,3,0,0,0,1,0,0,0,0
"POINT (6.939967291000073 51.368560016000060)",Unfall 114739 (2019) Kat:3, Licht: 0,114739,3,2,6,07,11,3,0,0,0,1,1,0,0,0
"POINT (7.022807396000076 51.436465548000058)",Unfall 114741 (2019) Kat:3, Licht: 0,114741,3,6,2,07,17,3,0,0,0,1,0,0,0,0
"POINT (7.036571671000047 51.448635676000038)",Unfall 114811 (2019) Kat:2, Licht: 0,114811,2,7,5,07,10,2,0,0,0,0,0,1,1,1
"POINT (7.006787213000052 51.470698373000062)",Unfall 114812 (2019) Kat:3, Licht: 0,114812,3,3,5,07,11,2,0,0,1,1,0,0,0,0
"POINT (6.980458132000024 51.488857685000028)",Unfall 114915 (2019) Kat:3, Licht: 0,114915,3,2,5,07,16,7,1,0,0,1,0,0,0,0
"POINT (6.999425075000033 51.517599583000049)",Unfall 114916 (2019) Kat:2, Licht: 0,114916,2,1,9,07,10,7,0,0,0,1,0,0,0,0
"POINT (6.978736877000074 51.470442556000080)",Unfall 114917 (2019) Kat:3, Licht: 0,114917,3,6,0,07,14,7,0,0,0,1,0,0,0,1
"POINT (6.979814425000029 51.435478055000033)",Unfall 114918 (2019) Kat:3, Licht: 0,114918,3,1,8,07,17,7,1,0,0,1,0,0,0,0
"POINT (7.010323478000032 51.497280849000049)",Unfall 114944 (2019) Kat:3, Licht: 0,114944,3,1,0,07,13,5,0,0,0,0,0,1,0,0
"POINT (7.094231303000072 51.449216778000050)",Unfall 115021 (2019) Kat:3, Licht: 0,115021,3,6,2,07,11,6,0,0,0,1,0,0,0,1
"POINT (7.082284023000057 51.469486886000027)",Unfall 115022 (2019) Kat:3, Licht: 0,115022,3,2,5,07,14,6,0,0,1,1,0,0,0,0
"POINT (7.043384572000036 51.447386620000032)",Unfall 115140 (2019) Kat:3, Licht: 0,115140,3,4,6,07,06,5,0,0,0,0,1,0,0,1
"POINT (7.043668781000065 51.483021429000075)",Unfall 115264 (2019) Kat:3, Licht: 0,115264,3,6,3,07,18,4,0,0,0,1,0,0,0,0
"POINT (6.914613283000051 51.474475397000049)",Unfall 115265 (2019) Kat:3, Licht: 0,115265,3,6,2,07,08,4,0,0,0,1,0,0,0,0
"POINT (7.053101899000069 51.432724964000045)",Unfall 115266 (2019) Kat:3, Licht: 0,115266,3,6,3,07,14,4,0,0,0,1,0,1,0,0
"POINT (7.109894913000062 51.455294982000055)",Unfall 115369 (2019) Kat:3, Licht: 0,115369,3,6,1,07,09,3,0,0,0,1,0,0,0,0
"POINT (7.038000366000063 51.439576799000065)",Unfall 115467 (2019) Kat:3, Licht: 0,115467,3,6,2,07,16,5,0,0,0,1,0,0,0,1
"POINT (7.055522259000043 51.428541977000066)",Unfall 115470 (2019) Kat:3, Licht: 0,115470,3,3,0,07,10,5,0,0,0,1,0,0,0,0
"POINT (6.999050850000060 51.423265127000036)",Unfall 115472 (2019) Kat:3, Licht: 0,115472,3,6,1,07,17,5,0,0,0,1,0,0,0,0
"POINT (7.001917265000031 51.433082226000067)",Unfall 115474 (2019) Kat:3, Licht: 0,115474,3,6,1,07,16,5,0,0,0,1,0,0,0,0
"POINT (6.962841982000043 51.463407969000059)",Unfall 115515 (2019) Kat:3, Licht: 0,115515,3,6,2,07,17,2,0,0,0,1,0,0,0,0
"POINT (7.117168894000031 51.437348994000047)",Unfall 115517 (2019) Kat:3, Licht: 0,115517,3,2,0,07,18,2,0,0,0,1,0,0,0,0
"POINT (7.079258515000049 51.463400429000046)",Unfall 115519 (2019) Kat:3, Licht: 0,115519,3,7,0,07,08,2,0,0,0,1,1,0,0,0
"POINT (7.034924019000073 51.444493888000068)",Unfall 115521 (2019) Kat:3, Licht: 0,115521,3,7,5,07,18,2,0,0,0,1,0,0,0,0
"POINT (7.035427653000056 51.449060372000076)",Unfall 115523 (2019) Kat:3, Licht: 0,115523,3,6,1,07,19,2,0,0,0,1,0,0,0,0
"POINT (7.051355976000025 51.458953123000072)",Unfall 115562 (2019) Kat:3, Licht: 0,115562,3,6,3,07,11,5,0,0,0,1,0,0,1,0
"POINT (7.036022781000042 51.383965111000066)",Unfall 115609 (2019) Kat:3, Licht: 0,115609,3,6,8,07,12,1,0,0,0,1,0,0,0,0
"POINT (6.939276565000057 51.485663396000064)",Unfall 115676 (2019) Kat:3, Licht: 0,115676,3,7,0,07,14,7,0,0,0,0,0,1,0,0
"POINT (6.929404398000031 51.464854044000049)",Unfall 115677 (2019) Kat:3, Licht: 0,115677,3,2,5,07,16,7,0,0,0,1,0,1,0,0
"POINT (7.078340029000060 51.442355331000044)",Unfall 115678 (2019) Kat:3, Licht: 0,115678,3,1,0,07,15,7,0,0,1,0,0,0,0,0
"POINT (7.049360786000023 51.409970601000055)",Unfall 115679 (2019) Kat:3, Licht: 0,115679,3,6,2,07,16,7,0,0,0,1,0,1,0,0
"POINT (7.001036230000068 51.446167814000034)",Unfall 115680 (2019) Kat:2, Licht: 0,115680,2,3,5,07,16,7,0,0,0,1,0,0,0,0
"POINT (6.968225895000046 51.461293997000041)",Unfall 115803 (2019) Kat:2, Licht: 0,115803,2,7,3,07,15,6,0,0,0,1,0,0,0,1
"POINT (7.031240969000066 51.460483437000050)",Unfall 115805 (2019) Kat:3, Licht: 2,115805,3,2,5,07,22,6,0,2,0,1,0,0,0,0
"POINT (7.011375068000064 51.482440573000076)",Unfall 115839 (2019) Kat:3, Licht: 0,115839,3,6,2,07,18,2,0,0,0,1,0,0,0,0
"POINT (7.000335849000066 51.446893900000077)",Unfall 115981 (2019) Kat:3, Licht: 0,115981,3,6,2,08,16,5,0,0,0,1,0,0,0,0
"POINT (6.988017892000073 51.452475958000036)",Unfall 116029 (2019) Kat:3, Licht: 0,116029,3,2,6,07,14,4,0,0,0,1,1,0,0,0
"POINT (7.007200345000058 51.452522951000049)",Unfall 116030 (2019) Kat:2, Licht: 0,116030,2,3,5,07,15,4,0,0,1,1,0,0,0,0
"POINT (6.961370028000033 51.470793749000052)",Unfall 116176 (2019) Kat:3, Licht: 0,116176,3,3,5,08,17,6,1,0,0,1,0,0,0,1
"POINT (6.982914073000075 51.459750972000052)",Unfall 116178 (2019) Kat:3, Licht: 0,116178,3,1,8,08,10,6,0,0,0,1,0,0,0,0
"POINT (7.079592482000066 51.463995994000072)",Unfall 116180 (2019) Kat:3, Licht: 0,116180,3,2,5,08,15,6,0,0,0,1,0,0,0,0
"POINT (6.988749715000040 51.459606226000062)",Unfall 116182 (2019) Kat:3, Licht: 0,116182,3,6,0,08,12,6,0,0,0,0,0,0,0,1
"POINT (7.015931795000029 51.455670424000061)",Unfall 116184 (2019) Kat:3, Licht: 0,116184,3,6,2,08,16,6,0,0,0,1,0,0,0,0
"POINT (7.008139506000020 51.522751317000029)",Unfall 116285 (2019) Kat:3, Licht: 0,116285,3,5,0,07,11,3,0,0,1,1,0,0,0,0
"POINT (7.037160786000072 51.474818443000061)",Unfall 116287 (2019) Kat:3, Licht: 0,116287,3,3,5,07,09,3,0,0,0,1,0,1,0,0
"POINT (7.009197636000067 51.484943708000060)",Unfall 116289 (2019) Kat:3, Licht: 0,116289,3,6,3,07,11,3,0,0,0,1,0,0,0,0
"POINT (7.061747278000041 51.418822902000045)",Unfall 116338 (2019) Kat:3, Licht: 0,116338,3,7,9,08,06,5,0,0,0,1,0,0,0,0
"POINT (6.978367304000074 51.449648082000067)",Unfall 116340 (2019) Kat:3, Licht: 0,116340,3,1,0,08,14,5,1,0,0,0,0,1,0,0
"POINT (6.995781551000050 51.497961493000048)",Unfall 116490 (2019) Kat:2, Licht: 0,116490,2,6,4,08,12,5,0,0,0,1,0,0,0,0
"POINT (7.013689723000027 51.433290406000026)",Unfall 116492 (2019) Kat:3, Licht: 0,116492,3,6,1,08,17,5,0,0,0,1,0,0,0,0
"POINT (6.909022341000025 51.477200143000061)",Unfall 116520 (2019) Kat:2, Licht: 0,116520,2,1,0,08,15,2,0,0,1,0,0,0,0,0
"POINT (7.001874202000067 51.432933922000075)",Unfall 116522 (2019) Kat:3, Licht: 0,116522,3,6,2,08,09,2,0,0,0,1,0,0,0,0
"POINT (7.007610060000047 51.449439935000044)",Unfall 116524 (2019) Kat:3, Licht: 0,116524,3,4,6,08,17,2,0,0,0,1,1,0,0,0
"POINT (7.022426507000034 51.457566327000052)",Unfall 116526 (2019) Kat:3, Licht: 0,116526,3,2,5,08,15,2,0,0,0,1,0,0,0,0
"POINT (7.022056819000056 51.510853741000062)",Unfall 116597 (2019) Kat:3, Licht: 0,116597,3,7,7,08,17,2,0,0,0,1,0,0,0,1
"POINT (6.991076215000021 51.436265894000030)",Unfall 116678 (2019) Kat:3, Licht: 0,116678,3,7,0,08,07,4,0,0,0,0,1,0,0,1
"POINT (6.978008866000039 51.447276462000048)",Unfall 116681 (2019) Kat:3, Licht: 0,116681,3,4,6,08,19,4,0,0,0,1,1,0,0,0
"POINT (7.008722782000064 51.525776626000038)",Unfall 116688 (2019) Kat:3, Licht: 0,116688,3,7,0,08,19,1,0,0,1,0,1,0,0,0
"POINT (7.047822162000045 51.459189611000056)",Unfall 116689 (2019) Kat:3, Licht: 0,116689,3,4,6,08,08,4,0,0,0,1,1,0,0,0
"POINT (6.997182758000065 51.458909630000051)",Unfall 116690 (2019) Kat:3, Licht: 0,116690,3,6,2,08,15,4,0,0,0,1,0,0,0,0
"POINT (7.015361859000052 51.457397963000062)",Unfall 116691 (2019) Kat:3, Licht: 0,116691,3,6,3,08,17,4,0,0,0,1,0,0,0,0
"POINT (7.032198269000048 51.460850792000031)",Unfall 116847 (2019) Kat:3, Licht: 0,116847,3,3,5,08,15,7,0,0,0,1,0,0,0,0
"POINT (7.024711893000074 51.418803990000072)",Unfall 116867 (2019) Kat:3, Licht: 0,116867,3,7,2,08,07,3,1,0,1,1,0,0,0,0
"POINT (7.041281151000021 51.502147560000026)",Unfall 116902 (2019) Kat:3, Licht: 0,116902,3,3,5,08,18,4,0,0,0,1,0,1,0,0
"POINT (7.035967845000073 51.445677330000080)",Unfall 116904 (2019) Kat:2, Licht: 0,116904,2,3,5,08,08,4,0,0,1,1,0,0,0,0
"POINT (7.037413928000035 51.448356612000055)",Unfall 116906 (2019) Kat:3, Licht: 0,116906,3,4,6,08,13,4,0,0,0,1,1,0,0,0
"POINT (7.003031174000057 51.447376882000071)",Unfall 116946 (2019) Kat:3, Licht: 0,116946,3,6,1,08,16,1,0,0,0,1,0,0,0,0
"POINT (7.006243504000054 51.448924928000054)",Unfall 116982 (2019) Kat:3, Licht: 0,116982,3,6,2,08,17,4,0,0,0,1,0,1,0,0
"POINT (7.046725634000040 51.456969720000075)",Unfall 116984 (2019) Kat:3, Licht: 0,116984,3,6,1,08,10,4,0,0,0,1,0,0,0,0
"POINT (6.997658168000044 51.446661317000064)",Unfall 116986 (2019) Kat:2, Licht: 0,116986,2,6,2,08,09,4,0,0,0,1,0,0,0,0
"POINT (6.991559896000069 51.398890074000064)",Unfall 117088 (2019) Kat:3, Licht: 0,117088,3,1,8,08,08,3,1,0,0,1,0,0,0,0
"POINT (7.054291617000047 51.428530258000080)",Unfall 117090 (2019) Kat:3, Licht: 0,117090,3,3,5,08,07,3,1,0,0,1,0,0,0,0
"POINT (7.008047847000057 51.522194897000077)",Unfall 117242 (2019) Kat:3, Licht: 0,117242,3,3,0,08,07,6,0,0,1,1,0,0,0,0
"POINT (6.925992324000049 51.476486819000058)",Unfall 117244 (2019) Kat:2, Licht: 0,117244,2,6,4,08,13,6,0,0,0,1,0,0,0,1
"POINT (7.005476223000073 51.388457783000035)",Unfall 117246 (2019) Kat:3, Licht: 1,117246,3,2,6,08,22,6,1,1,0,1,1,0,0,0
"POINT (7.046920583000031 51.486824831000035)",Unfall 117309 (2019) Kat:3, Licht: 0,117309,3,6,2,08,14,2,1,0,0,1,0,0,0,0
"POINT (7.019589044000043 51.379962752000040)",Unfall 117312 (2019) Kat:3, Licht: 0,117312,3,7,9,08,11,2,0,0,0,0,0,0,1,0
"POINT (6.945741099000031 51.363329781000061)",Unfall 117481 (2019) Kat:2, Licht: 0,117481,2,6,1,08,09,6,0,0,0,1,0,0,0,0
"POINT (7.010542083000075 51.388469473000043)",Unfall 117482 (2019) Kat:2, Licht: 0,117482,2,1,8,08,20,6,0,0,1,0,0,0,0,0
"POINT (7.016374109000026 51.428390791000027)",Unfall 117483 (2019) Kat:3, Licht: 0,117483,3,6,2,08,13,6,0,0,0,1,0,0,0,0
"POINT (7.044719606000058 51.436740882000038)",Unfall 117484 (2019) Kat:3, Licht: 0,117484,3,6,1,08,06,6,0,0,0,1,0,0,0,0
"POINT (7.046358194000050 51.465236094000034)",Unfall 117485 (2019) Kat:2, Licht: 0,117485,2,2,6,08,18,6,0,0,0,1,1,0,0,0
"POINT (7.050550391000058 51.490380640000069)",Unfall 117594 (2019) Kat:3, Licht: 0,117594,3,6,2,08,10,5,1,0,0,1,0,0,0,0
"POINT (7.045261980000021 51.467434373000060)",Unfall 117595 (2019) Kat:3, Licht: 0,117595,3,6,2,08,19,5,1,0,0,1,0,0,0,0
"POINT (7.016997074000074 51.454745639000066)",Unfall 117596 (2019) Kat:2, Licht: 2,117596,2,1,9,08,03,5,1,2,0,1,0,0,0,0
"POINT (6.924187426000060 51.456863247000058)",Unfall 117624 (2019) Kat:3, Licht: 1,117624,3,7,0,08,05,7,1,1,1,0,0,0,0,0
"POINT (7.098175261000051 51.463035894000029)",Unfall 117626 (2019) Kat:2, Licht: 2,117626,2,1,8,08,22,7,1,2,0,1,0,0,0,0
"POINT (7.015658210000026 51.456672786000070)",Unfall 117627 (2019) Kat:2, Licht: 0,117627,2,6,2,08,15,7,1,0,0,1,0,0,0,0
"POINT (7.009417567000071 51.485837902000071)",Unfall 117682 (2019) Kat:3, Licht: 0,117682,3,2,6,08,08,3,0,0,0,1,1,0,0,0
"POINT (6.932559603000073 51.485684581000044)",Unfall 117800 (2019) Kat:2, Licht: 0,117800,2,7,0,08,08,2,0,0,0,0,0,0,1,0
"POINT (6.942016035000052 51.367002063000029)",Unfall 117802 (2019) Kat:3, Licht: 0,117802,3,3,5,08,06,2,0,0,0,1,0,0,0,1
"POINT (7.006981318000044 51.403238618000046)",Unfall 117803 (2019) Kat:3, Licht: 0,117803,3,3,5,08,17,2,0,0,1,1,0,0,0,0
"POINT (7.016983107000044 51.454770153000027)",Unfall 117804 (2019) Kat:2, Licht: 0,117804,2,3,5,08,18,2,0,0,0,1,0,0,0,0
"POINT (7.007794774000047 51.450510690000044)",Unfall 117805 (2019) Kat:2, Licht: 0,117805,2,2,5,08,10,2,0,0,0,1,0,0,0,1
"POINT (7.059504340000046 51.490511298000058)",Unfall 117882 (2019) Kat:3, Licht: 2,117882,3,1,1,08,02,1,1,2,0,1,0,0,0,0
"POINT (6.977968923000049 51.447246468000060)",Unfall 117884 (2019) Kat:2, Licht: 0,117884,2,7,1,08,07,1,1,0,0,1,0,0,0,0
"POINT (7.077885581000032 51.464843605000056)",Unfall 117998 (2019) Kat:3, Licht: 0,117998,3,6,2,08,08,6,0,0,0,1,0,0,0,1
"POINT (7.075607744000024 51.464404925000053)",Unfall 118002 (2019) Kat:3, Licht: 0,118002,3,6,3,08,11,6,0,0,0,1,0,0,1,0
"POINT (6.943489939000074 51.389281410000081)",Unfall 118090 (2019) Kat:3, Licht: 0,118090,3,6,2,08,18,5,0,0,0,1,0,0,0,0
"POINT (6.994547312000066 51.491916883000044)",Unfall 118130 (2019) Kat:3, Licht: 0,118130,3,7,5,08,16,6,0,0,1,1,0,0,0,0
"POINT (7.037763175000066 51.478038970000057)",Unfall 118145 (2019) Kat:3, Licht: 0,118145,3,2,5,08,09,6,0,0,0,1,0,0,0,0
"POINT (6.982928340000058 51.476790568000069)",Unfall 118160 (2019) Kat:3, Licht: 2,118160,3,3,5,08,23,6,0,2,0,1,0,0,0,0
"POINT (6.973861187000068 51.461580376000029)",Unfall 118173 (2019) Kat:3, Licht: 0,118173,3,7,5,08,11,6,0,0,0,1,0,1,0,0
"POINT (7.075960092000059 51.399553263000030)",Unfall 118205 (2019) Kat:3, Licht: 0,118205,3,1,0,08,12,6,1,0,1,0,0,0,0,0
"POINT (7.022646688000066 51.387876003000031)",Unfall 118211 (2019) Kat:2, Licht: 0,118211,2,3,5,08,10,6,0,0,0,1,0,1,0,0
"POINT (7.062981095000055 51.482964758000037)",Unfall 118219 (2019) Kat:3, Licht: 0,118219,3,7,0,08,19,4,0,0,1,0,0,0,0,0
"POINT (6.997903605000033 51.491246305000061)",Unfall 118220 (2019) Kat:3, Licht: 0,118220,3,6,2,08,17,4,0,0,0,1,0,1,0,0
"POINT (7.018017036000060 51.449635333000060)",Unfall 118221 (2019) Kat:2, Licht: 0,118221,2,7,0,08,06,6,0,0,0,1,0,0,0,0
"POINT (7.020011739000040 51.388334369000063)",Unfall 118222 (2019) Kat:3, Licht: 0,118222,3,6,2,08,17,4,0,0,0,1,0,0,0,0
"POINT (7.065910786000075 51.417162294000036)",Unfall 118223 (2019) Kat:2, Licht: 0,118223,2,1,8,08,09,4,0,0,0,0,0,1,0,0
"POINT (6.966230041000074 51.448747264000076)",Unfall 118224 (2019) Kat:3, Licht: 0,118224,3,5,1,08,13,4,0,0,1,1,0,0,0,0
"POINT (7.007023161000063 51.453413873000045)",Unfall 118225 (2019) Kat:3, Licht: 0,118225,3,6,3,08,15,4,0,0,0,1,0,0,0,1
"POINT (7.039165653000055 51.382647049000070)",Unfall 118330 (2019) Kat:3, Licht: 0,118330,3,1,0,08,15,1,0,0,0,0,0,1,0,0
"POINT (6.995783844000073 51.499324809000029)",Unfall 118331 (2019) Kat:3, Licht: 0,118331,3,7,1,08,15,2,0,0,0,1,0,0,0,0
"POINT (7.000651390000030 51.384003460000031)",Unfall 118332 (2019) Kat:3, Licht: 0,118332,3,4,6,08,15,1,0,0,0,1,1,0,0,0
"POINT (6.900442601000066 51.474187619000077)",Unfall 118335 (2019) Kat:3, Licht: 0,118335,3,2,0,08,16,2,0,0,1,1,0,0,0,0
"POINT (7.050598944000058 51.434088672000030)",Unfall 118340 (2019) Kat:3, Licht: 0,118340,3,6,2,08,08,2,0,0,0,1,0,0,0,0
"POINT (7.013244675000067 51.450406161000046)",Unfall 118347 (2019) Kat:2, Licht: 2,118347,2,4,6,08,22,2,0,2,0,1,1,0,0,0
"POINT (7.003119280000021 51.447291552000081)",Unfall 118351 (2019) Kat:3, Licht: 0,118351,3,6,2,08,19,2,0,0,0,1,0,0,0,0
"POINT (6.998278166000034 51.488717132000033)",Unfall 118483 (2019) Kat:3, Licht: 0,118483,3,7,6,08,15,7,0,0,0,1,1,0,0,0
"POINT (6.943804176000072 51.462864372000070)",Unfall 118484 (2019) Kat:3, Licht: 1,118484,3,2,5,08,20,7,0,1,0,1,0,1,0,0
"POINT (6.976569126000072 51.449845714000048)",Unfall 118485 (2019) Kat:3, Licht: 0,118485,3,1,0,08,14,7,0,0,1,0,0,0,0,0
"POINT (7.061154425000041 51.462655639000047)",Unfall 118553 (2019) Kat:3, Licht: 0,118553,3,6,2,08,16,7,0,0,0,1,0,0,0,0
"POINT (7.009000300000025 51.484162841000057)",Unfall 118644 (2019) Kat:3, Licht: 0,118644,3,4,6,08,15,5,0,0,0,1,1,0,0,0
"POINT (6.963274196000043 51.475734922000072)",Unfall 118647 (2019) Kat:3, Licht: 0,118647,3,6,0,08,10,5,0,0,0,0,0,0,0,1
"POINT (7.036771685000076 51.440096569000048)",Unfall 118652 (2019) Kat:3, Licht: 0,118652,3,6,1,08,18,5,0,0,0,1,0,0,0,0
"POINT (7.046069049000039 51.503495450000059)",Unfall 118654 (2019) Kat:3, Licht: 2,118654,3,5,1,08,00,4,0,2,0,1,0,0,0,1
"POINT (6.980037672000037 51.435830753000062)",Unfall 118655 (2019) Kat:3, Licht: 0,118655,3,1,0,08,19,5,0,0,1,0,0,0,0,0
"POINT (6.970880201000057 51.478486995000026)",Unfall 118656 (2019) Kat:3, Licht: 0,118656,3,5,1,08,16,4,0,0,0,0,0,0,0,1
"POINT (7.002950741000063 51.388400065000042)",Unfall 118657 (2019) Kat:3, Licht: 0,118657,3,5,0,08,11,4,0,0,0,1,0,0,0,1
"POINT (7.024420924000026 51.418403841000043)",Unfall 118659 (2019) Kat:3, Licht: 0,118659,3,7,0,08,08,4,0,0,1,0,0,0,0,0
"POINT (7.017924466000068 51.442401885000038)",Unfall 118660 (2019) Kat:3, Licht: 0,118660,3,2,5,08,17,5,0,0,0,1,0,0,0,0
"POINT (7.052076218000025 51.428242479000062)",Unfall 118661 (2019) Kat:3, Licht: 0,118661,3,7,6,08,09,4,0,0,0,1,1,0,0,0
"POINT (7.078206596000030 51.461501564000059)",Unfall 118663 (2019) Kat:3, Licht: 0,118663,3,6,3,08,13,4,0,0,1,1,0,0,0,0
"POINT (6.929909421000048 51.356107094000038)",Unfall 118833 (2019) Kat:3, Licht: 0,118833,3,6,3,08,13,3,0,0,1,1,0,0,0,0
"POINT (7.105214228000023 51.478246660000082)",Unfall 118834 (2019) Kat:3, Licht: 2,118834,3,3,5,08,21,3,0,2,1,1,0,0,0,0
"POINT (7.080357815000070 51.465631263000034)",Unfall 118836 (2019) Kat:2, Licht: 0,118836,2,3,5,08,17,3,0,0,0,1,0,0,0,0
"POINT (7.015915944000028 51.453119159000039)",Unfall 118838 (2019) Kat:2, Licht: 0,118838,2,6,1,08,10,3,0,0,0,1,0,1,0,0
"POINT (7.047870269000043 51.457548405000068)",Unfall 118917 (2019) Kat:3, Licht: 0,118917,3,6,2,08,13,3,0,0,0,1,0,0,0,1
"POINT (7.036887596000042 51.440045352000027)",Unfall 118987 (2019) Kat:3, Licht: 0,118987,3,6,1,08,14,7,0,0,0,1,0,0,0,0
"POINT (7.068262026000070 51.473010666000050)",Unfall 119048 (2019) Kat:3, Licht: 0,119048,3,2,5,08,12,7,0,0,0,1,0,0,0,0
"POINT (6.996743637000066 51.392644790000077)",Unfall 119104 (2019) Kat:3, Licht: 0,119104,3,7,6,08,19,7,0,0,0,1,1,0,0,0
"POINT (7.007215091000035 51.517718043000059)",Unfall 119125 (2019) Kat:3, Licht: 0,119125,3,2,5,08,15,6,0,0,0,1,0,0,0,0
"POINT (7.084573624000029 51.424579893000043)",Unfall 119129 (2019) Kat:3, Licht: 0,119129,3,2,5,08,19,6,0,0,1,1,0,0,0,0