WKT,Name,OBJECTID,UKATEGORIE,UTYP1,UART,UMONAT,USTUNDE,UWOCHENTAG,STRZUSTAND,ULICHTVERH,ISTRAD,ISTPKW,ISTFUSS,ISTKRAD,ISTGKFZ,ISTSONSTIG
"POINT (7.036293639000064 51.440345981000064)",Unfall 119132 (2019) Kat:3, Licht: 0,119132,3,6,2,09,13,2,0,0,0,1,0,0,1,0
"POINT (7.107931250000036 51.455934116000037)",Unfall 119136 (2019) Kat:2, Licht: 0,119136,2,3,5,08,07,6,0,0,0,1,0,1,0,0
"POINT (7.021489332000044 51.454395498000054)",Unfall 119139 (2019) Kat:3, Licht: 1,119139,3,6,3,08,20,6,0,1,0,1,0,1,0,0
"POINT (6.963227920000065 51.441373547000069)",Unfall 119233 (2019) Kat:2, Licht: 2,119233,2,6,2,09,20,2,0,2,0,1,0,0,0,0
"POINT (7.008855698000048 51.483320619000040)",Unfall 119303 (2019) Kat:3, Licht: 2,119303,3,6,2,08,21,7,1,2,0,1,0,0,0,1
"POINT (7.001454334000073 51.481682939000052)",Unfall 119323 (2019) Kat:2, Licht: 2,119323,2,2,5,09,05,1,0,2,0,1,0,0,0,0
"POINT (7.038219463000075 51.439484761000074)",Unfall 119325 (2019) Kat:2, Licht: 2,119325,2,6,2,09,23,1,0,2,0,1,0,0,0,0
"POINT (6.935196276000056 51.497163994000061)",Unfall 119468 (2019) Kat:3, Licht: 0,119468,3,3,5,09,08,4,0,0,0,1,0,0,0,0
"POINT (7.032763882000040 51.441700141000069)",Unfall 119469 (2019) Kat:3, Licht: 0,119469,3,2,5,09,14,4,0,0,0,1,0,0,0,0
"POINT (6.987615803000040 51.444902194000065)",Unfall 119527 (2019) Kat:3, Licht: 0,119527,3,6,2,09,08,4,0,0,0,1,0,0,0,0
"POINT (7.039228750000063 51.501609967000036)",Unfall 119553 (2019) Kat:3, Licht: 0,119553,3,6,2,09,16,6,0,0,0,1,0,0,0,0
"POINT (6.998002064000048 51.455047457000035)",Unfall 119638 (2019) Kat:3, Licht: 0,119638,3,6,3,09,19,3,0,0,0,1,0,0,0,0
"POINT (7.001333379000073 51.465068636000069)",Unfall 119640 (2019) Kat:3, Licht: 0,119640,3,6,2,09,09,3,0,0,0,1,0,0,0,0
"POINT (6.921417689000066 51.487657984000066)",Unfall 119866 (2019) Kat:3, Licht: 0,119866,3,6,2,09,18,2,0,0,0,1,0,1,0,0
"POINT (6.977127291000045 51.461339609000049)",Unfall 119867 (2019) Kat:3, Licht: 0,119867,3,1,0,09,13,2,0,0,1,0,0,0,0,0
"POINT (7.025318082000069 51.384950864000075)",Unfall 119868 (2019) Kat:2, Licht: 0,119868,2,1,9,09,16,2,0,0,0,1,0,0,0,0
"POINT (7.013930443000049 51.388866882000059)",Unfall 119869 (2019) Kat:2, Licht: 1,119869,2,3,5,09,19,2,0,1,0,1,0,1,0,0
"POINT (7.036505304000059 51.439965964000066)",Unfall 119922 (2019) Kat:3, Licht: 0,119922,3,6,2,09,16,2,0,0,0,1,0,0,0,0
"POINT (7.083635928000035 51.404328516000078)",Unfall 119925 (2019) Kat:3, Licht: 0,119925,3,1,9,09,13,2,0,0,0,0,0,1,0,0
"POINT (6.990025281000044 51.436385095000048)",Unfall 119993 (2019) Kat:3, Licht: 2,119993,3,3,2,09,01,1,0,2,0,1,0,0,0,1
"POINT (6.976858319000030 51.461376032000032)",Unfall 120140 (2019) Kat:3, Licht: 0,120140,3,4,6,09,12,7,0,0,1,0,1,0,0,0
"POINT (6.975429346000055 51.446043195000073)",Unfall 120141 (2019) Kat:3, Licht: 0,120141,3,1,0,09,16,7,1,0,0,0,0,1,0,0
"POINT (7.025580063000064 51.449053757000058)",Unfall 120143 (2019) Kat:3, Licht: 2,120143,3,4,6,09,22,7,0,2,0,1,1,0,0,0
"POINT (7.004673129000025 51.440786122000077)",Unfall 120358 (2019) Kat:3, Licht: 0,120358,3,3,5,09,09,1,0,0,0,1,0,0,0,0
"POINT (6.988754199000027 51.459606080000071)",Unfall 120360 (2019) Kat:2, Licht: 0,120360,2,3,5,09,07,1,0,0,0,1,0,0,0,0
"POINT (7.093764866000072 51.468985752000037)",Unfall 120369 (2019) Kat:3, Licht: 0,120369,3,6,2,09,18,6,0,0,0,1,0,0,0,0
"POINT (6.977550785000062 51.443540428000063)",Unfall 120430 (2019) Kat:3, Licht: 1,120430,3,7,8,09,16,1,0,1,0,1,0,0,0,0
"POINT (6.997598894000021 51.414178454000080)",Unfall 120534 (2019) Kat:3, Licht: 0,120534,3,5,1,09,15,5,0,0,0,1,0,0,0,0
"POINT (7.024493890000031 51.437143076000041)",Unfall 120536 (2019) Kat:3, Licht: 0,120536,3,6,2,09,15,5,0,0,0,1,0,0,0,0
"POINT (6.944033419000050 51.390243440000063)",Unfall 120548 (2019) Kat:2, Licht: 0,120548,2,7,8,09,10,7,0,0,0,1,0,0,0,0
"POINT (7.024650034000047 51.418589696000026)",Unfall 120550 (2019) Kat:3, Licht: 0,120550,3,7,6,09,17,7,0,0,0,1,1,0,0,0
"POINT (7.024637002000077 51.418613382000046)",Unfall 120552 (2019) Kat:3, Licht: 0,120552,3,7,6,09,17,7,0,0,0,1,1,0,0,0
"POINT (7.001454334000073 51.481682939000052)",Unfall 120771 (2019) Kat:3, Licht: 0,120771,3,2,5,09,15,4,1,0,1,1,0,0,0,0
"POINT (7.008692389000032 51.525621916000034)",Unfall 120772 (2019) Kat:2, Licht: 0,120772,2,3,5,09,18,6,0,0,0,1,0,0,0,0
"POINT (6.930854790000069 51.351064965000035)",Unfall 120773 (2019) Kat:2, Licht: 0,120773,2,1,0,09,17,4,1,0,0,0,0,1,0,0
"POINT (6.994072288000041 51.519281250000063)",Unfall 120774 (2019) Kat:2, Licht: 0,120774,2,3,5,09,07,6,0,0,0,1,0,1,0,0
"POINT (6.998909780000076 51.422158277000051)",Unfall 120775 (2019) Kat:3, Licht: 0,120775,3,2,5,09,14,4,1,0,0,1,0,0,0,0
"POINT (6.909287261000031 51.477111960000059)",Unfall 120776 (2019) Kat:2, Licht: 0,120776,2,1,0,09,16,6,0,0,1,0,0,0,0,0
"POINT (6.991208203000042 51.438281739000047)",Unfall 120777 (2019) Kat:3, Licht: 0,120777,3,1,0,09,14,4,1,0,0,1,0,1,0,0
"POINT (7.073116887000026 51.421470375000069)",Unfall 120778 (2019) Kat:3, Licht: 0,120778,3,2,5,09,15,6,0,0,1,1,0,0,0,0
"POINT (7.074736242000029 51.466934355000035)",Unfall 120779 (2019) Kat:3, Licht: 0,120779,3,3,5,09,10,4,0,0,0,1,0,0,0,0
"POINT (6.990754875000050 51.399623399000063)",Unfall 120780 (2019) Kat:3, Licht: 0,120780,3,1,8,09,18,6,0,0,1,0,0,0,0,0
"POINT (7.061735132000024 51.418828230000031)",Unfall 120861 (2019) Kat:3, Licht: 0,120861,3,6,2,09,15,3,0,0,0,1,0,0,0,0
"POINT (6.994766693000031 51.464917455000034)",Unfall 120862 (2019) Kat:1, Licht: 0,120862,1,6,4,09,06,3,0,0,0,1,0,1,0,0
"POINT (7.005031905000067 51.457334596000067)",Unfall 120863 (2019) Kat:3, Licht: 0,120863,3,1,5,09,18,3,0,0,1,1,0,0,0,0
"POINT (6.994072288000041 51.519281250000063)",Unfall 120972 (2019) Kat:3, Licht: 0,120972,3,6,2,09,17,2,1,0,0,1,0,0,0,0
"POINT (6.932954551000023 51.487337212000057)",Unfall 120973 (2019) Kat:3, Licht: 0,120973,3,7,0,09,09,2,1,0,1,0,0,0,0,0
"POINT (7.021467594000058 51.436727004000034)",Unfall 120974 (2019) Kat:3, Licht: 0,120974,3,1,0,09,14,2,1,0,0,0,0,1,0,1
"POINT (6.911762533000058 51.475947694000070)",Unfall 121056 (2019) Kat:3, Licht: 0,121056,3,6,2,09,13,6,0,0,0,1,0,0,0,0
"POINT (7.085473374000060 51.397638671000038)",Unfall 121058 (2019) Kat:3, Licht: 0,121058,3,6,2,09,14,6,0,0,0,1,0,0,0,0
"POINT (7.083235017000050 51.389211836000072)",Unfall 121059 (2019) Kat:3, Licht: 0,121059,3,4,6,09,14,6,0,0,0,1,1,0,0,0
"POINT (7.046419886000024 51.465238750000026)",Unfall 121060 (2019) Kat:3, Licht: 1,121060,3,2,4,09,07,6,0,1,0,1,0,1,0,0
"POINT (6.988754199000027 51.459606080000071)",Unfall 121084 (2019) Kat:3, Licht: 0,121084,3,6,1,09,16,4,0,0,0,1,0,0,0,0
"POINT (7.092938996000044 51.468334421000066)",Unfall 121129 (2019) Kat:3, Licht: 2,121129,3,6,9,09,21,6,0,2,0,1,0,0,0,0
"POINT (6.997749242000054 51.446431444000041)",Unfall 121130 (2019) Kat:3, Licht: 0,121130,3,6,2,09,18,6,0,0,0,1,0,0,0,0
"POINT (7.036204073000022 51.440337976000080)",Unfall 121131 (2019) Kat:3, Licht: 0,121131,3,6,1,09,15,6,0,0,0,1,0,0,1,0
"POINT (6.950325316000033 51.496029143000044)",Unfall 121206 (2019) Kat:2, Licht: 0,121206,2,6,2,09,07,5,0,0,0,1,0,0,0,0
"POINT (7.083872392000046 51.443950226000027)",Unfall 121208 (2019) Kat:3, Licht: 0,121208,3,7,7,09,16,5,0,0,1,0,0,0,0,0
"POINT (7.012403681000023 51.461954959000082)",Unfall 121269 (2019) Kat:2, Licht: 2,121269,2,2,5,09,06,4,0,2,0,1,0,0,0,0
"POINT (7.050550391000058 51.490380640000069)",Unfall 121271 (2019) Kat:3, Licht: 0,121271,3,7,0,09,12,4,0,0,0,0,1,0,0,1
"POINT (7.007394901000055 51.449372136000079)",Unfall 121277 (2019) Kat:3, Licht: 0,121277,3,6,1,09,08,4,0,0,0,1,0,0,0,1
"POINT (7.036136877000047 51.440437123000038)",Unfall 121324 (2019) Kat:3, Licht: 0,121324,3,3,5,09,13,4,0,0,1,1,0,0,0,0
"POINT (6.949538865000022 51.481859189000033)",Unfall 121377 (2019) Kat:3, Licht: 0,121377,3,7,5,09,13,7,0,0,1,1,0,0,0,0
"POINT (6.965585599000065 51.407163620000063)",Unfall 121432 (2019) Kat:3, Licht: 0,121432,3,2,1,09,10,1,0,0,1,1,0,0,0,0
"POINT (7.003063445000066 51.447345171000052)",Unfall 121544 (2019) Kat:3, Licht: 2,121544,3,3,5,09,20,7,0,2,0,1,0,0,0,0
"POINT (7.000582846000043 51.387730397000041)",Unfall 121545 (2019) Kat:3, Licht: 0,121545,3,1,0,09,14,1,0,0,0,0,0,1,0,0
"POINT (7.006991262000042 51.403240783000058)",Unfall 121609 (2019) Kat:3, Licht: 0,121609,3,2,5,09,13,1,0,0,1,1,0,0,0,0
"POINT (7.008260763000067 51.523428560000070)",Unfall 121671 (2019) Kat:3, Licht: 0,121671,3,6,1,09,13,4,0,0,0,1,0,0,0,0
"POINT (6.973095566000040 51.475388502000044)",Unfall 121673 (2019) Kat:3, Licht: 0,121673,3,3,5,09,13,4,0,0,1,1,0,0,0,0
"POINT (6.932190097000046 51.487549885000078)",Unfall 121674 (2019) Kat:3, Licht: 0,121674,3,7,0,09,18,4,0,0,1,0,0,0,0,1
"POINT (7.091356320000045 51.445035590000032)",Unfall 121675 (2019) Kat:3, Licht: 0,121675,3,5,1,09,13,4,0,0,0,1,0,0,0,0
"POINT (7.026236537000045 51.458551807000049)",Unfall 121676 (2019) Kat:3, Licht: 0,121676,3,6,2,09,15,4,0,0,0,1,0,0,0,0
"POINT (7.016737604000070 51.508796938000046)",Unfall 121735 (2019) Kat:3, Licht: 0,121735,3,6,2,09,17,4,0,0,0,1,0,0,0,0
"POINT (7.026873579000039 51.452538510000068)",Unfall 121800 (2019) Kat:3, Licht: 2,121800,3,1,0,09,23,3,1,2,0,0,0,0,0,1
"POINT (7.035165667000058 51.455561405000026)",Unfall 121801 (2019) Kat:2, Licht: 2,121801,2,2,6,09,20,3,1,2,0,1,1,0,0,0
"POINT (7.002634075000060 51.447187546000066)",Unfall 121832 (2019) Kat:3, Licht: 0,121832,3,6,2,09,12,3,0,0,0,1,0,0,0,0
"POINT (6.979431934000047 51.460859935000030)",Unfall 121935 (2019) Kat:3, Licht: 0,121935,3,7,2,09,14,2,0,0,0,1,0,0,0,0
"POINT (6.980525467000064 51.412198059000048)",Unfall 121936 (2019) Kat:3, Licht: 0,121936,3,3,4,09,08,2,0,0,0,1,0,0,1,0
"POINT (7.076613842000029 51.443675965000068)",Unfall 121990 (2019) Kat:3, Licht: 0,121990,3,7,8,09,13,7,1,0,0,1,0,0,0,0
"POINT (7.082089160000066 51.387753709000037)",Unfall 122170 (2019) Kat:3, Licht: 0,122170,3,6,2,09,13,2,1,0,0,1,0,0,0,0
"POINT (7.039081993000025 51.501567615000056)",Unfall 122232 (2019) Kat:3, Licht: 0,122232,3,7,0,09,14,1,1,0,0,1,0,0,0,0
"POINT (7.011813263000022 51.493973711000081)",Unfall 122346 (2019) Kat:3, Licht: 0,122346,3,6,0,09,13,5,1,0,0,1,0,1,0,0
"POINT (7.081258493000064 51.474341315000061)",Unfall 122348 (2019) Kat:3, Licht: 0,122348,3,2,3,09,11,5,1,0,0,1,0,0,1,0
"POINT (7.070059196000045 51.449770738000041)",Unfall 122350 (2019) Kat:3, Licht: 0,122350,3,3,5,09,10,5,1,0,0,1,0,1,0,0
"POINT (7.034924019000073 51.444493888000068)",Unfall 122353 (2019) Kat:3, Licht: 0,122353,3,3,5,09,15,5,1,0,0,1,0,0,0,1
"POINT (7.081674832000033 51.386489785000038)",Unfall 122422 (2019) Kat:2, Licht: 1,122422,2,1,9,10,07,4,1,1,0,1,0,0,0,0
"POINT (6.998096523000072 51.419921621000071)",Unfall 122504 (2019) Kat:3, Licht: 2,122504,3,6,4,10,23,3,1,2,0,1,0,0,0,0
"POINT (6.988017892000073 51.452475958000036)",Unfall 122505 (2019) Kat:3, Licht: 2,122505,3,6,2,10,06,3,1,2,0,1,0,0,0,0
"POINT (7.005077512000071 51.459270012000047)",Unfall 122508 (2019) Kat:3, Licht: 0,122508,3,6,3,10,13,3,0,0,0,1,0,1,0,0
"POINT (6.977373435000061 51.421117796000033)",Unfall 122554 (2019) Kat:3, Licht: 0,122554,3,3,5,10,13,5,0,0,1,1,0,0,0,0
"POINT (6.995813309000027 51.498427728000081)",Unfall 122767 (2019) Kat:3, Licht: 0,122767,3,6,1,09,10,2,1,0,0,1,0,0,0,0
"POINT (6.991178865000052 51.399284180000052)",Unfall 122768 (2019) Kat:2, Licht: 0,122768,2,1,9,09,14,2,1,0,0,1,0,0,0,0
"POINT (7.008212871000069 51.523169892000055)",Unfall 122769 (2019) Kat:2, Licht: 2,122769,2,2,5,10,21,4,1,2,0,1,0,0,0,0
"POINT (7.047157204000030 51.446798368000032)",Unfall 122770 (2019) Kat:3, Licht: 0,122770,3,6,2,09,15,2,1,0,0,1,0,0,0,0
"POINT (7.038219463000075 51.439484761000074)",Unfall 122771 (2019) Kat:3, Licht: 0,122771,3,6,2,10,17,4,1,0,0,0,0,1,0,1
"POINT (6.968668812000033 51.442210593000027)",Unfall 122773 (2019) Kat:3, Licht: 0,122773,3,6,1,10,12,4,0,0,0,1,0,0,0,0
"POINT (7.090079906000028 51.465168301000062)",Unfall 122776 (2019) Kat:3, Licht: 0,122776,3,6,1,10,15,4,0,0,0,1,0,0,0,0
"POINT (7.043430681000075 51.455218222000042)",Unfall 122791 (2019) Kat:3, Licht: 2,122791,3,7,7,10,01,2,1,2,0,1,0,0,0,0
"POINT (7.099380696000026 51.471729995000032)",Unfall 122834 (2019) Kat:3, Licht: 0,122834,3,1,9,10,15,1,1,0,0,1,0,0,0,0
"POINT (7.008692389000032 51.525621916000034)",Unfall 122936 (2019) Kat:2, Licht: 0,122936,2,3,5,10,09,3,1,0,0,1,0,0,0,0
"POINT (6.998275416000070 51.488732224000046)",Unfall 122937 (2019) Kat:3, Licht: 2,122937,3,2,5,10,06,3,1,2,0,1,1,0,0,0
"POINT (6.975000577000060 51.445872515000076)",Unfall 122938 (2019) Kat:3, Licht: 0,122938,3,6,3,10,09,3,1,0,1,1,0,0,0,0
"POINT (7.080393074000028 51.465774716000055)",Unfall 122939 (2019) Kat:2, Licht: 0,122939,2,5,1,10,15,3,0,0,0,1,1,0,0,1
"POINT (7.088032077000037 51.444892446000040)",Unfall 122940 (2019) Kat:3, Licht: 0,122940,3,6,2,10,09,3,1,0,0,1,0,0,1,0
"POINT (7.077984270000059 51.449271268000075)",Unfall 122941 (2019) Kat:3, Licht: 0,122941,3,2,6,10,07,3,1,0,0,1,1,0,0,0
"POINT (7.003072783000050 51.447335995000060)",Unfall 122942 (2019) Kat:3, Licht: 0,122942,3,2,2,10,10,3,1,0,0,1,0,0,0,0
"POINT (7.007071714000063 51.511516890000053)",Unfall 122949 (2019) Kat:3, Licht: 0,122949,3,6,2,10,13,7,0,0,0,1,0,0,0,0
"POINT (7.064788167000074 51.404713613000069)",Unfall 122951 (2019) Kat:3, Licht: 0,122951,3,4,6,10,15,7,0,0,0,1,1,0,0,0
"POINT (7.007659600000068 51.520142438000050)",Unfall 123129 (2019) Kat:3, Licht: 0,123129,3,1,0,10,17,6,1,0,0,0,0,1,0,0
"POINT (7.060374727000067 51.484541320000062)",Unfall 123130 (2019) Kat:3, Licht: 0,123130,3,3,5,10,13,6,0,0,0,1,0,1,0,0
"POINT (6.906230902000061 51.478660316000060)",Unfall 123132 (2019) Kat:3, Licht: 0,123132,3,1,0,10,14,6,1,0,0,0,0,1,0,0
"POINT (6.989829658000076 51.436421550000034)",Unfall 123134 (2019) Kat:3, Licht: 0,123134,3,7,0,10,10,6,1,0,0,1,0,0,0,1
"POINT (7.005449957000053 51.388457287000051)",Unfall 123171 (2019) Kat:3, Licht: 2,123171,3,2,2,10,19,2,0,2,0,1,0,0,0,0
"POINT (7.043242980000059 51.437223030000041)",Unfall 123173 (2019) Kat:3, Licht: 0,123173,3,6,2,10,14,2,0,0,0,1,0,1,0,0
"POINT (7.100606450000043 51.472176791000038)",Unfall 123229 (2019) Kat:3, Licht: 0,123229,3,1,8,10,12,6,1,0,0,1,0,0,0,0
"POINT (7.039551253000070 51.474362213000063)",Unfall 123392 (2019) Kat:2, Licht: 0,123392,2,6,1,10,12,5,0,0,0,1,0,0,0,1
"POINT (7.037752510000075 51.451178331000051)",Unfall 123394 (2019) Kat:3, Licht: 2,123394,3,2,5,10,05,5,1,2,0,1,0,0,0,0
"POINT (7.028867474000037 51.451871112000049)",Unfall 123396 (2019) Kat:2, Licht: 0,123396,2,4,6,10,09,5,0,0,0,1,1,0,0,0
"POINT (7.006971130000068 51.516597621000074)",Unfall 123492 (2019) Kat:3, Licht: 0,123492,3,5,3,10,10,7,0,0,1,1,0,0,0,0
"POINT (7.001493072000073 51.481706587000076)",Unfall 123494 (2019) Kat:3, Licht: 0,123494,3,4,6,10,15,7,0,0,0,1,1,0,0,0
"POINT (6.973362121000037 51.449681994000059)",Unfall 123496 (2019) Kat:3, Licht: 2,123496,3,2,6,10,20,7,1,2,0,1,1,0,0,0
"POINT (7.053499632000069 51.492472805000034)",Unfall 123566 (2019) Kat:3, Licht: 0,123566,3,3,5,10,17,4,1,0,0,1,0,0,0,0
"POINT (6.997608454000044 51.492662505000055)",Unfall 123567 (2019) Kat:3, Licht: 0,123567,3,6,2,10,15,4,1,0,0,1,0,0,1,0
"POINT (7.103976002000024 51.458737408000047)",Unfall 123569 (2019) Kat:2, Licht: 0,123569,2,6,0,10,16,4,1,0,0,0,0,1,0,1
"POINT (7.007977869000058 51.494957117000070)",Unfall 123704 (2019) Kat:3, Licht: 0,123704,3,5,1,10,14,6,1,0,0,0,0,1,0,1
"POINT (7.006974644000025 51.472518548000039)",Unfall 123706 (2019) Kat:3, Licht: 0,123706,3,6,2,10,13,6,1,0,0,1,0,0,0,1
"POINT (6.973780121000061 51.445386632000066)",Unfall 123708 (2019) Kat:3, Licht: 0,123708,3,5,1,10,09,6,1,0,1,1,0,0,0,0
"POINT (7.004919144000041 51.459570545000076)",Unfall 123711 (2019) Kat:2, Licht: 0,123711,2,6,2,10,13,6,1,0,0,1,0,0,0,0
"POINT (6.981959143000040 51.444197487000054)",Unfall 123743 (2019) Kat:3, Licht: 0,123743,3,6,2,10,18,6,0,0,0,1,0,0,0,0
"POINT (7.032211465000046 51.473121073000073)",Unfall 123843 (2019) Kat:3, Licht: 0,123843,3,2,5,10,07,3,0,0,0,1,0,0,0,0
"POINT (7.058536047000075 51.483789944000080)",Unfall 123845 (2019) Kat:3, Licht: 1,123845,3,6,2,10,18,3,1,1,0,1,0,1,0,0
"POINT (6.964198482000029 51.461549651000041)",Unfall 123847 (2019) Kat:3, Licht: 2,123847,3,2,5,10,19,3,1,2,1,1,0,0,0,0
"POINT (7.085579782000025 51.391058638000061)",Unfall 123848 (2019) Kat:3, Licht: 0,123848,3,5,1,10,15,3,0,0,0,1,1,0,0,0
"POINT (7.000374867000062 51.387569150000047)",Unfall 123850 (2019) Kat:3, Licht: 2,123850,3,5,1,10,20,3,1,2,0,1,0,0,0,0
"POINT (7.028177833000029 51.422044647000064)",Unfall 123852 (2019) Kat:2, Licht: 2,123852,2,4,6,10,19,3,1,2,0,1,1,0,0,0
"POINT (7.055657457000052 51.428606371000058)",Unfall 123854 (2019) Kat:3, Licht: 0,123854,3,6,3,10,09,3,0,0,0,1,0,0,0,1
"POINT (6.991914735000023 51.436340960000052)",Unfall 123856 (2019) Kat:3, Licht: 2,123856,3,5,1,10,18,3,1,2,0,1,0,0,0,0
"POINT (7.008892152000044 51.483723490000045)",Unfall 123914 (2019) Kat:3, Licht: 2,123914,3,5,1,10,21,5,1,2,0,1,0,0,0,0
"POINT (7.010292726000046 51.497174532000031)",Unfall 123915 (2019) Kat:3, Licht: 0,123915,3,6,2,10,13,5,1,0,0,1,0,0,0,0
"POINT (7.055288331000043 51.430542157000048)",Unfall 123918 (2019) Kat:3, Licht: 1,123918,3,1,0,10,17,5,1,1,0,0,0,1,0,0
"POINT (6.966984641000067 51.448061325000026)",Unfall 123920 (2019) Kat:3, Licht: 0,123920,3,5,2,10,16,5,0,0,0,1,0,0,0,0
"POINT (6.992914705000032 51.509803574000046)",Unfall 124069 (2019) Kat:3, Licht: 0,124069,3,7,9,10,13,2,0,0,0,0,0,0,1,0
"POINT (6.954345028000034 51.399664486000063)",Unfall 124071 (2019) Kat:3, Licht: 1,124071,3,3,1,10,17,2,0,1,1,1,0,0,0,0
"POINT (6.926551980000056 51.487811952000072)",Unfall 124164 (2019) Kat:3, Licht: 2,124164,3,3,5,10,19,4,1,2,0,1,0,0,0,0
"POINT (6.978068586000063 51.461179066000057)",Unfall 124166 (2019) Kat:3, Licht: 0,124166,3,3,5,10,12,4,0,0,0,1,0,0,0,0
"POINT (7.024956590000045 51.420413687000064)",Unfall 124169 (2019) Kat:3, Licht: 0,124169,3,6,1,10,11,4,1,0,0,1,0,0,0,1
"POINT (7.110450502000049 51.437454313000046)",Unfall 124232 (2019) Kat:3, Licht: 0,124232,3,6,2,10,16,1,0,0,0,1,0,0,0,0
"POINT (7.103475053000068 51.472384622000050)",Unfall 124352 (2019) Kat:3, Licht: 0,124352,3,1,9,10,17,1,1,0,0,1,0,0,0,0
"POINT (7.099280233000059 51.471858056000031)",Unfall 124355 (2019) Kat:3, Licht: 2,124355,3,1,8,10,04,1,1,2,0,1,0,0,0,0
"POINT (7.001771225000027 51.432556413000043)",Unfall 124397 (2019) Kat:3, Licht: 0,124397,3,6,1,10,17,7,1,0,0,1,0,0,0,0
"POINT (7.105777294000063 51.477272139000036)",Unfall 124398 (2019) Kat:3, Licht: 2,124398,3,6,4,10,23,7,1,2,0,1,0,0,0,0
"POINT (7.031168443000070 51.460477349000030)",Unfall 124399 (2019) Kat:2, Licht: 2,124399,2,3,5,10,21,7,1,2,0,1,0,0,0,0
"POINT (7.016446441000028 51.450769870000045)",Unfall 124400 (2019) Kat:3, Licht: 0,124400,3,6,2,10,10,7,1,0,0,1,0,0,0,1
"POINT (6.978884552000068 51.469979644000034)",Unfall 124425 (2019) Kat:2, Licht: 0,124425,2,3,2,10,14,6,1,0,0,1,0,1,0,0
"POINT (7.064038660000051 51.486143531000039)",Unfall 124527 (2019) Kat:2, Licht: 0,124527,2,1,0,10,14,5,0,0,0,1,0,0,0,0
"POINT (6.979902975000073 51.442957281000076)",Unfall 124541 (2019) Kat:3, Licht: 0,124541,3,3,1,10,11,5,0,0,0,1,0,0,0,1
"POINT (6.963877885000045 51.452912282000057)",Unfall 124554 (2019) Kat:2, Licht: 0,124554,2,2,6,10,16,5,0,0,0,1,1,0,0,0
"POINT (6.956184168000050 51.474166266000054)",Unfall 124578 (2019) Kat:3, Licht: 0,124578,3,7,5,10,07,4,1,0,0,1,0,0,0,0
"POINT (7.019529694000028 51.447823570000025)",Unfall 124580 (2019) Kat:3, Licht: 1,124580,3,2,5,10,17,4,0,1,0,1,0,0,0,0
"POINT (7.031240969000066 51.460483437000050)",Unfall 124581 (2019) Kat:3, Licht: 2,124581,3,2,5,10,21,4,0,2,0,1,0,0,0,0
"POINT (7.008852929000057 51.483334430000070)",Unfall 124665 (2019) Kat:2, Licht: 2,124665,2,6,2,10,00,3,0,2,0,1,0,0,0,0
"POINT (6.942009074000055 51.367009247000055)",Unfall 124783 (2019) Kat:2, Licht: 0,124783,2,3,5,10,08,2,0,0,0,1,0,0,0,0
"POINT (6.997300328000051 51.441715268000053)",Unfall 124784 (2019) Kat:3, Licht: 2,124784,3,2,4,10,07,2,1,2,0,1,0,0,0,0
"POINT (7.006771089000040 51.470811621000053)",Unfall 124786 (2019) Kat:2, Licht: 2,124786,2,7,6,10,04,2,1,2,0,1,1,0,0,0
"POINT (6.998278166000034 51.488717132000033)",Unfall 124832 (2019) Kat:3, Licht: 2,124832,3,4,6,10,18,2,0,2,0,0,1,0,0,1
"POINT (6.995812842000021 51.498447224000074)",Unfall 124841 (2019) Kat:3, Licht: 0,124841,3,6,2,10,10,2,0,0,0,1,0,0,0,0
"POINT (7.095833377000076 51.418835907000073)",Unfall 124878 (2019) Kat:3, Licht: 0,124878,3,1,8,10,14,2,0,0,0,1,0,0,0,0
"POINT (7.088340320000043 51.392084272000034)",Unfall 124930 (2019) Kat:3, Licht: 0,124930,3,2,0,10,10,7,0,0,1,0,0,0,0,0
"POINT (7.003062121000028 51.437241496000070)",Unfall 124931 (2019) Kat:3, Licht: 0,124931,3,3,5,10,09,7,0,0,1,1,0,0,0,0
"POINT (6.996559257000058 51.495029058000057)",Unfall 125036 (2019) Kat:3, Licht: 2,125036,3,6,2,10,07,6,0,2,0,1,0,0,0,0
"POINT (7.043400956000028 51.454971943000032)",Unfall 125076 (2019) Kat:3, Licht: 0,125076,3,6,2,10,15,6,0,0,0,1,0,0,0,0
"POINT (7.078710979000050 51.462380284000062)",Unfall 125107 (2019) Kat:3, Licht: 0,125107,3,4,0,10,15,5,0,0,0,1,1,0,0,0
"POINT (7.048427678000053 51.498037746000080)",Unfall 125112 (2019) Kat:3, Licht: 0,125112,3,4,6,10,11,3,0,0,0,1,1,0,0,0
"POINT (6.956817154000021 51.417327440000065)",Unfall 125120 (2019) Kat:3, Licht: 0,125120,3,1,2,10,11,3,0,0,0,1,0,1,0,0