WKT,Name,OBJECTID,UKATEGORIE,UTYP1,UART,UMONAT,USTUNDE,UWOCHENTAG,STRZUSTAND,ULICHTVERH,ISTRAD,ISTPKW,ISTFUSS,ISTKRAD,ISTGKFZ,ISTSONSTIG
"POINT (6.998477705000028 51.487573860000055)",Unfall 125169 (2019) Kat:3, Licht: 0,125169,3,2,6,10,16,4,0,0,0,1,1,0,0,0
"POINT (7.032211465000046 51.473121073000073)",Unfall 125225 (2019) Kat:3, Licht: 2,125225,3,4,6,10,18,5,0,2,0,1,1,0,0,0
"POINT (7.008149020000076 51.522809067000026)",Unfall 125355 (2019) Kat:3, Licht: 0,125355,3,5,0,10,16,5,0,0,0,1,0,0,0,1
"POINT (7.024655010000060 51.469559861000050)",Unfall 125357 (2019) Kat:2, Licht: 1,125357,2,6,2,10,17,4,0,1,0,1,0,0,0,1
"POINT (6.980488454000067 51.436272024000061)",Unfall 125485 (2019) Kat:3, Licht: 2,125485,3,1,0,11,19,2,1,2,0,0,0,1,0,0
"POINT (6.985765852000043 51.450313860000051)",Unfall 125486 (2019) Kat:3, Licht: 2,125486,3,1,0,11,20,2,1,2,0,0,0,1,0,0
"POINT (7.030071189000068 51.451259149000066)",Unfall 125571 (2019) Kat:3, Licht: 0,125571,3,2,5,11,15,1,0,0,0,1,0,0,0,0
"POINT (7.017584314000033 51.470790950000037)",Unfall 125635 (2019) Kat:2, Licht: 2,125635,2,6,1,11,17,7,0,2,0,1,0,0,0,0
"POINT (6.971395161000032 51.444447393000075)",Unfall 125862 (2019) Kat:3, Licht: 2,125862,3,2,6,11,17,5,1,2,0,1,1,0,0,0
"POINT (7.079378721000069 51.448448992000067)",Unfall 125863 (2019) Kat:3, Licht: 2,125863,3,6,2,11,17,5,1,2,0,1,0,0,0,0
"POINT (7.019634839000048 51.447888747000036)",Unfall 125864 (2019) Kat:3, Licht: 0,125864,3,6,2,11,13,5,1,0,0,1,0,0,0,0
"POINT (7.031328523000070 51.452532986000051)",Unfall 125910 (2019) Kat:2, Licht: 2,125910,2,6,2,11,18,5,1,2,0,1,0,0,0,1
"POINT (7.039302090000035 51.476507305000041)",Unfall 126007 (2019) Kat:3, Licht: 1,126007,3,3,5,11,07,4,1,1,0,1,0,0,0,0
"POINT (6.920932443000027 51.487633702000039)",Unfall 126008 (2019) Kat:3, Licht: 2,126008,3,6,2,11,23,4,0,2,0,1,0,0,0,0
"POINT (7.017924466000068 51.442401885000038)",Unfall 126009 (2019) Kat:3, Licht: 2,126009,3,3,5,11,19,4,0,2,0,1,0,0,0,0
"POINT (6.957059679000054 51.466014422000057)",Unfall 126088 (2019) Kat:3, Licht: 0,126088,3,2,5,11,15,6,0,0,0,1,0,0,0,0
"POINT (6.972610959000065 51.461565762000077)",Unfall 126093 (2019) Kat:2, Licht: 0,126093,2,3,5,11,08,6,0,0,0,1,0,1,0,0
"POINT (7.004369640000050 51.478430304000028)",Unfall 126226 (2019) Kat:3, Licht: 1,126226,3,6,2,11,16,3,0,1,0,1,0,0,0,0
"POINT (6.969558924000069 51.474330137000038)",Unfall 126228 (2019) Kat:3, Licht: 1,126228,3,6,2,11,17,3,1,1,0,1,0,0,0,0
"POINT (6.973861187000068 51.461580376000029)",Unfall 126229 (2019) Kat:3, Licht: 2,126229,3,7,4,11,18,3,1,2,0,1,0,0,0,0
"POINT (6.993036935000021 51.413191827000048)",Unfall 126231 (2019) Kat:3, Licht: 2,126231,3,3,0,11,17,3,0,2,1,1,0,0,0,0
"POINT (7.018675049000024 51.448710035000033)",Unfall 126233 (2019) Kat:2, Licht: 0,126233,2,2,5,11,14,3,1,0,0,1,0,0,0,0
"POINT (7.081116357000042 51.474525266000057)",Unfall 126250 (2019) Kat:3, Licht: 1,126250,3,2,5,11,07,3,1,1,1,1,0,0,0,0
"POINT (6.981840485000021 51.444393371000046)",Unfall 126290 (2019) Kat:3, Licht: 0,126290,3,6,2,11,13,3,0,0,0,1,0,0,0,0
"POINT (7.041281151000021 51.502147560000026)",Unfall 126372 (2019) Kat:3, Licht: 0,126372,3,6,2,11,11,2,0,0,0,1,0,0,0,0
"POINT (6.950908500000026 51.404405902000065)",Unfall 126373 (2019) Kat:3, Licht: 2,126373,3,3,1,11,17,2,1,2,0,1,0,0,0,0
"POINT (6.973106214000040 51.475391881000064)",Unfall 126492 (2019) Kat:2, Licht: 2,126492,2,4,6,11,21,4,1,2,0,1,1,0,0,0
"POINT (6.993007997000063 51.438864593000062)",Unfall 126532 (2019) Kat:3, Licht: 0,126532,3,6,1,11,16,1,0,0,0,1,0,0,0,0
"POINT (6.961540845000059 51.405075021000073)",Unfall 126583 (2019) Kat:3, Licht: 2,126583,3,6,2,11,18,4,1,2,0,1,0,0,1,0
"POINT (6.978593487000069 51.476414560000080)",Unfall 126634 (2019) Kat:3, Licht: 2,126634,3,2,6,11,20,7,0,2,0,1,1,0,0,0
"POINT (7.040908592000051 51.463346720000061)",Unfall 126635 (2019) Kat:3, Licht: 0,126635,3,6,2,11,11,7,1,0,0,1,0,0,0,0
"POINT (7.021511100000055 51.468803320000063)",Unfall 126905 (2019) Kat:3, Licht: 0,126905,3,7,1,11,10,6,0,0,0,0,0,1,0,1
"POINT (7.021721762000027 51.388179951000041)",Unfall 126941 (2019) Kat:3, Licht: 2,126941,3,2,6,11,20,2,1,2,0,1,1,0,0,0
"POINT (7.021925982000028 51.381744844000082)",Unfall 126942 (2019) Kat:2, Licht: 0,126942,2,2,1,11,12,2,1,0,0,1,0,0,0,0
"POINT (7.040352003000066 51.438432907000049)",Unfall 126945 (2019) Kat:3, Licht: 2,126945,3,6,2,11,06,2,1,2,0,1,0,0,0,0
"POINT (7.011551409000049 51.442921599000044)",Unfall 126947 (2019) Kat:3, Licht: 0,126947,3,2,6,11,10,2,1,0,0,1,1,0,0,0
"POINT (7.056562982000060 51.460735736000061)",Unfall 126999 (2019) Kat:2, Licht: 2,126999,2,6,3,11,18,6,0,2,0,1,0,0,1,0
"POINT (7.063427054000044 51.480429207000043)",Unfall 127114 (2019) Kat:2, Licht: 2,127114,2,2,4,11,17,1,1,2,0,1,0,0,0,0
"POINT (7.018615075000071 51.508792380000045)",Unfall 127147 (2019) Kat:3, Licht: 1,127147,3,6,2,11,07,5,1,1,0,1,0,0,0,0
"POINT (7.077176294000026 51.454550324000081)",Unfall 127149 (2019) Kat:3, Licht: 0,127149,3,4,6,11,16,5,0,0,0,1,1,0,0,0
"POINT (7.015851194000049 51.454115070000057)",Unfall 127303 (2019) Kat:3, Licht: 2,127303,3,6,3,11,18,5,0,2,0,1,0,0,0,0
"POINT (6.998290082000040 51.488649409000061)",Unfall 127322 (2019) Kat:3, Licht: 0,127322,3,6,3,11,14,7,0,0,0,1,0,1,0,0
"POINT (7.033073223000031 51.452846035000050)",Unfall 127384 (2019) Kat:3, Licht: 2,127384,3,6,2,11,17,7,1,2,0,1,0,0,0,0
"POINT (6.950345800000036 51.485828022000078)",Unfall 127466 (2019) Kat:3, Licht: 0,127466,3,5,0,11,15,4,0,0,0,1,0,0,0,0
"POINT (6.959952003000069 51.420979896000063)",Unfall 127468 (2019) Kat:3, Licht: 0,127468,3,6,1,11,11,4,0,0,0,1,0,0,0,0
"POINT (6.985471315000041 51.450078560000065)",Unfall 127469 (2019) Kat:3, Licht: 0,127469,3,1,0,11,15,4,0,0,1,0,0,0,0,0
"POINT (7.032714847000023 51.459185601000058)",Unfall 127472 (2019) Kat:3, Licht: 2,127472,3,2,5,11,22,4,0,2,0,1,0,0,0,0
"POINT (7.006919783000058 51.516335175000052)",Unfall 127556 (2019) Kat:3, Licht: 2,127556,3,3,5,11,06,6,1,2,0,0,0,1,0,1
"POINT (7.006786530000056 51.476706909000029)",Unfall 127558 (2019) Kat:3, Licht: 2,127558,3,6,2,11,06,6,1,2,0,1,0,0,0,0
"POINT (6.950013009000031 51.463431234000041)",Unfall 127560 (2019) Kat:3, Licht: 0,127560,3,2,5,11,15,6,0,0,1,1,0,0,0,0
"POINT (6.985194834000026 51.475271018000058)",Unfall 127743 (2019) Kat:3, Licht: 2,127743,3,6,3,11,17,1,0,2,0,1,0,0,0,0
"POINT (7.015483943000049 51.441347206000046)",Unfall 127845 (2019) Kat:3, Licht: 2,127845,3,1,0,11,02,3,1,2,0,0,0,0,0,1
"POINT (6.953098049000062 51.480513746000042)",Unfall 127955 (2019) Kat:2, Licht: 2,127955,2,4,6,11,19,2,0,2,0,1,1,0,0,0
"POINT (7.026597656000035 51.434994378000056)",Unfall 127995 (2019) Kat:3, Licht: 1,127995,3,6,2,11,16,2,0,1,0,1,0,0,0,1
"POINT (6.948414347000039 51.482202037000036)",Unfall 128124 (2019) Kat:3, Licht: 0,128124,3,3,5,11,12,5,1,0,0,1,0,0,0,0
"POINT (7.005445930000064 51.388457211000059)",Unfall 128125 (2019) Kat:3, Licht: 0,128125,3,2,6,11,12,5,1,0,0,1,1,0,0,0
"POINT (7.051297536000050 51.428101900000058)",Unfall 128126 (2019) Kat:3, Licht: 2,128126,3,4,6,11,16,5,1,2,0,1,1,0,0,0
"POINT (7.083197095000060 51.389353506000077)",Unfall 128127 (2019) Kat:3, Licht: 0,128127,3,1,6,11,12,5,1,0,0,1,1,0,0,0
"POINT (7.077853456000071 51.449180262000027)",Unfall 128128 (2019) Kat:3, Licht: 2,128128,3,2,6,11,16,5,1,2,0,1,1,0,0,0
"POINT (7.028573106000067 51.451627459000065)",Unfall 128185 (2019) Kat:3, Licht: 2,128185,3,6,2,11,07,5,1,2,0,1,0,0,1,0
"POINT (7.032901587000026 51.452730074000044)",Unfall 128186 (2019) Kat:3, Licht: 2,128186,3,6,2,11,06,5,1,2,0,1,0,0,0,1
"POINT (7.032714847000023 51.459185601000058)",Unfall 128251 (2019) Kat:3, Licht: 2,128251,3,2,4,11,21,6,0,2,0,1,0,0,0,0
"POINT (7.007567964000032 51.519639587000029)",Unfall 128279 (2019) Kat:2, Licht: 2,128279,2,7,3,11,19,4,1,2,0,1,0,0,0,0
"POINT (7.029117444000065 51.437590104000037)",Unfall 128282 (2019) Kat:3, Licht: 2,128282,3,2,6,11,17,4,1,2,0,1,1,0,0,0
"POINT (7.001164279000022 51.465164082000058)",Unfall 128283 (2019) Kat:3, Licht: 0,128283,3,6,3,11,14,4,0,0,0,0,0,0,1,0
"POINT (6.933003905000021 51.371416223000040)",Unfall 128441 (2019) Kat:3, Licht: 2,128441,3,7,9,12,04,1,1,2,0,1,0,0,0,0
"POINT (7.024494682000068 51.437143214000059)",Unfall 128442 (2019) Kat:3, Licht: 2,128442,3,7,1,12,17,1,0,2,0,1,0,0,0,0
"POINT (7.022927647000074 51.469242230000077)",Unfall 128443 (2019) Kat:3, Licht: 0,128443,3,2,4,12,13,1,0,0,0,1,0,0,0,0
"POINT (7.007379731000071 51.449367313000039)",Unfall 128513 (2019) Kat:3, Licht: 2,128513,3,4,6,11,22,7,0,2,0,1,1,0,0,0
"POINT (7.032714847000023 51.459185601000058)",Unfall 128514 (2019) Kat:3, Licht: 2,128514,3,2,5,11,06,7,2,2,0,1,0,0,0,0
"POINT (7.049962976000074 51.489395555000044)",Unfall 128619 (2019) Kat:3, Licht: 0,128619,3,4,6,11,11,6,0,0,0,1,1,0,0,0
"POINT (6.926545192000049 51.487811384000054)",Unfall 128622 (2019) Kat:3, Licht: 2,128622,3,3,5,11,19,6,0,2,0,1,0,0,0,0
"POINT (7.043493213000033 51.447369936000030)",Unfall 128623 (2019) Kat:3, Licht: 0,128623,3,7,0,11,15,6,0,0,0,0,1,0,0,1
"POINT (7.019529694000028 51.447823570000025)",Unfall 128625 (2019) Kat:3, Licht: 0,128625,3,7,6,11,09,6,0,0,1,1,1,0,0,0
"POINT (6.972910844000069 51.475329881000050)",Unfall 128634 (2019) Kat:3, Licht: 0,128634,3,2,0,12,15,5,0,0,0,1,1,0,0,0
"POINT (7.073072360000026 51.423239209000030)",Unfall 128743 (2019) Kat:2, Licht: 0,128743,2,4,6,12,08,4,1,0,0,1,1,0,0,0
"POINT (7.032714847000023 51.459185601000058)",Unfall 128744 (2019) Kat:3, Licht: 2,128744,3,2,4,12,21,4,1,2,0,1,0,0,0,0
"POINT (6.930501304000075 51.464116747000048)",Unfall 128946 (2019) Kat:3, Licht: 2,128946,3,6,1,12,07,3,1,2,0,1,0,0,0,0
"POINT (6.933039784000073 51.379627213000049)",Unfall 128948 (2019) Kat:3, Licht: 0,128948,3,6,2,12,11,3,1,0,0,1,0,0,0,0
"POINT (7.065910786000075 51.417162294000036)",Unfall 128951 (2019) Kat:3, Licht: 2,128951,3,6,6,12,06,3,1,2,1,0,1,0,0,0
"POINT (7.061086066000030 51.467270497000072)",Unfall 128975 (2019) Kat:3, Licht: 2,128975,3,3,4,12,18,2,1,2,0,1,0,1,0,0
"POINT (6.948414347000039 51.482202037000036)",Unfall 129125 (2019) Kat:3, Licht: 0,129125,3,7,6,12,12,7,1,0,0,1,1,0,0,0
"POINT (6.982311577000075 51.411807741000075)",Unfall 129126 (2019) Kat:3, Licht: 0,129126,3,2,2,12,12,7,0,0,0,1,0,0,0,0
"POINT (7.031168443000070 51.460477349000030)",Unfall 129127 (2019) Kat:3, Licht: 2,129127,3,2,5,12,23,7,0,2,0,1,0,0,0,0
"POINT (7.054060705000040 51.459916855000074)",Unfall 129150 (2019) Kat:3, Licht: 0,129150,3,6,2,12,14,7,0,0,0,1,0,0,0,1
"POINT (7.038844903000040 51.449919608000073)",Unfall 129151 (2019) Kat:3, Licht: 0,129151,3,6,2,12,12,7,0,0,0,1,0,0,0,1
"POINT (7.047439538000049 51.479889614000058)",Unfall 129293 (2019) Kat:3, Licht: 0,129293,3,1,8,12,09,6,1,0,0,1,0,0,0,0
"POINT (7.009467539000070 51.486444160000076)",Unfall 129295 (2019) Kat:3, Licht: 2,129295,3,4,6,12,17,6,1,2,0,1,1,0,0,0
"POINT (6.999027603000059 51.485656441000060)",Unfall 129297 (2019) Kat:2, Licht: 2,129297,2,2,5,12,17,6,1,2,1,1,0,0,0,0
"POINT (7.009462048000046 51.486485662000064)",Unfall 129298 (2019) Kat:3, Licht: 1,129298,3,6,2,12,16,6,1,1,0,1,0,0,0,0
"POINT (6.982913998000072 51.466023855000060)",Unfall 129299 (2019) Kat:2, Licht: 2,129299,2,2,0,12,17,6,1,2,0,1,1,0,0,0
"POINT (6.968195517000027 51.446815244000049)",Unfall 129301 (2019) Kat:3, Licht: 2,129301,3,3,6,12,18,6,1,2,0,1,1,0,0,0
"POINT (7.003155703000061 51.447445882000068)",Unfall 129302 (2019) Kat:3, Licht: 2,129302,3,2,6,12,17,6,1,2,0,1,1,0,0,0
"POINT (6.962722703000054 51.462224146000040)",Unfall 129359 (2019) Kat:3, Licht: 0,129359,3,3,5,12,12,2,1,0,0,1,0,0,0,0
"POINT (7.003062121000028 51.437241496000070)",Unfall 129363 (2019) Kat:3, Licht: 2,129363,3,2,1,12,17,2,1,2,0,1,1,0,0,0
"POINT (7.103304372000025 51.452717815000028)",Unfall 129364 (2019) Kat:3, Licht: 0,129364,3,7,6,12,11,2,1,0,0,1,1,0,0,0
"POINT (6.968740868000054 51.442440459000068)",Unfall 129373 (2019) Kat:3, Licht: 0,129373,3,6,2,12,15,5,0,0,0,1,0,0,0,0
"POINT (6.918451581000056 51.472175900000082)",Unfall 129451 (2019) Kat:3, Licht: 0,129451,3,5,1,12,11,4,1,0,0,1,0,0,0,0
"POINT (7.092529613000068 51.447418986000059)",Unfall 129452 (2019) Kat:3, Licht: 2,129452,3,6,2,12,07,4,1,2,0,1,0,0,0,0
"POINT (7.002009330000021 51.447184402000062)",Unfall 129530 (2019) Kat:3, Licht: 2,129530,3,6,2,12,23,4,0,2,0,1,0,0,0,1
"POINT (6.997382183000070 51.463179888000070)",Unfall 129691 (2019) Kat:3, Licht: 0,129691,3,3,5,12,16,5,0,0,1,1,0,0,0,0
"POINT (6.987063815000056 51.478888281000081)",Unfall 129702 (2019) Kat:3, Licht: 2,129702,3,7,0,12,06,3,2,2,0,0,0,1,0,0
"POINT (7.056243925000047 51.423823277000054)",Unfall 129704 (2019) Kat:2, Licht: 1,129704,2,2,6,12,08,3,0,1,0,1,1,0,0,0
"POINT (7.093165246000069 51.468629919000080)",Unfall 129708 (2019) Kat:3, Licht: 0,129708,3,6,3,12,12,3,0,0,0,1,0,0,0,0
"POINT (7.062968855000065 51.379990607000082)",Unfall 129803 (2019) Kat:3, Licht: 0,129803,3,1,8,12,11,1,1,0,0,1,0,0,0,0
"POINT (6.970389850000061 51.461494355000070)",Unfall 129951 (2019) Kat:2, Licht: 2,129951,2,4,6,12,21,3,1,2,0,1,1,0,0,0
"POINT (6.973854092000067 51.461580293000054)",Unfall 129953 (2019) Kat:3, Licht: 1,129953,3,2,6,12,20,3,1,1,0,1,1,0,0,0
"POINT (7.045822576000035 51.426731002000054)",Unfall 129955 (2019) Kat:2, Licht: 0,129955,2,1,0,12,13,3,0,0,1,0,0,0,0,0
"POINT (7.035835402000032 51.441138255000055)",Unfall 130026 (2019) Kat:3, Licht: 2,130026,3,6,2,12,19,3,1,2,0,1,0,0,0,0
"POINT (7.044864599000050 51.471310075000076)",Unfall 130143 (2019) Kat:2, Licht: 2,130143,2,3,5,12,18,2,1,2,0,1,0,1,0,0
"POINT (6.975535452000031 51.442237557000055)",Unfall 130184 (2019) Kat:3, Licht: 0,130184,3,2,5,12,14,6,1,0,0,1,0,0,0,0
"POINT (7.028894919000038 51.451857750000045)",Unfall 130186 (2019) Kat:3, Licht: 2,130186,3,4,6,12,16,6,1,2,0,1,1,0,0,0
"POINT (7.011530878000031 51.450006378000069)",Unfall 130217 (2019) Kat:2, Licht: 2,130217,2,6,2,12,16,2,0,2,0,1,0,0,1,0
"POINT (7.013223616000062 51.450403976000075)",Unfall 130353 (2019) Kat:3, Licht: 0,130353,3,7,4,12,08,5,0,0,0,1,0,0,0,1
"POINT (6.954591923000066 51.467754040000045)",Unfall 130597 (2019) Kat:3, Licht: 2,130597,3,4,6,12,07,6,0,2,0,1,1,0,0,0
"POINT (6.989694603000032 51.402456688000029)",Unfall 130598 (2019) Kat:3, Licht: 2,130598,3,4,6,12,07,6,0,2,0,1,1,0,0,0
"POINT (7.036840840000025 51.444561166000028)",Unfall 130599 (2019) Kat:3, Licht: 0,130599,3,3,5,12,10,6,1,0,1,1,0,0,0,0
"POINT (6.996557562000021 51.495031437000080)",Unfall 130616 (2019) Kat:3, Licht: 0,130616,3,6,2,12,11,4,0,0,0,1,0,0,0,0
"POINT (7.049355592000040 51.458054313000048)",Unfall 130690 (2019) Kat:3, Licht: 2,130690,3,6,3,12,17,4,0,2,0,1,0,0,1,0
"POINT (7.006319958000063 51.444767060000061)",Unfall 130804 (2019) Kat:3, Licht: 2,130804,3,7,0,12,21,6,0,2,0,0,0,0,0,1
"POINT (7.037977671000022 51.424347475000047)",Unfall 130886 (2019) Kat:3, Licht: 0,130886,3,2,2,12,13,5,0,0,0,1,0,1,0,0
"POINT (6.984392020000030 51.449671379000051)",Unfall 130888 (2019) Kat:3, Licht: 0,130888,3,6,2,12,19,5,0,0,0,1,0,0,0,0
"POINT (7.009515127000043 51.482385767000039)",Unfall 130899 (2019) Kat:3, Licht: 0,130899,3,3,5,12,11,3,1,0,1,1,0,0,0,0
"POINT (6.932813338000074 51.379282095000065)",Unfall 130972 (2019) Kat:2, Licht: 2,130972,2,1,9,12,00,4,1,2,0,1,0,0,0,0
"POINT (7.103475053000068 51.472384622000050)",Unfall 131004 (2019) Kat:3, Licht: 2,131004,3,1,8,12,06,4,1,2,0,1,0,0,0,0
"POINT (7.088537237000026 51.465942731000041)",Unfall 131005 (2019) Kat:3, Licht: 2,131005,3,1,8,12,00,4,1,2,0,1,0,0,0,0
"POINT (7.078204651000021 51.458497140000077)",Unfall 131016 (2019) Kat:3, Licht: 2,131016,3,5,0,12,19,2,0,2,0,1,1,0,1,0
"POINT (7.003402726000047 51.388315453000075)",Unfall 131059 (2019) Kat:3, Licht: 0,131059,3,4,6,12,13,3,1,0,0,1,1,0,0,0
"POINT (6.971016472000031 51.474747505000039)",Unfall 131159 (2019) Kat:3, Licht: 2,131159,3,4,6,12,19,2,1,2,0,1,1,0,0,0
"POINT (6.943830189000039 51.462868788000037)",Unfall 131161 (2019) Kat:3, Licht: 0,131161,3,2,4,12,14,2,1,0,0,1,0,0,0,0
"POINT (6.927587360000075 51.459620914000027)",Unfall 131163 (2019) Kat:3, Licht: 0,131163,3,1,0,12,11,2,0,0,0,0,0,1,0,0
"POINT (6.988017892000073 51.452475958000036)",Unfall 131164 (2019) Kat:2, Licht: 2,131164,2,7,6,12,16,2,1,2,0,1,1,0,0,0
"POINT (6.978056692000052 51.504609075000076)",Unfall 131230 (2019) Kat:3, Licht: 0,131230,3,1,8,12,08,7,2,0,0,1,0,0,0,0
"POINT (7.042983633000063 51.410089222000067)",Unfall 232785 (2019) Kat:2, Licht: 1,232785,2,1,8,01,11,7,1,1,0,1,0,0,0,0
"POINT (6.984866125000053 51.458179645000030)",Unfall 232786 (2019) Kat:3, Licht: 0,232786,3,4,1,01,14,7,1,0,0,1,1,0,0,0
"POINT (7.000620550000065 51.424604045000081)",Unfall 232866 (2019) Kat:3, Licht: 2,232866,3,4,6,01,17,5,1,2,0,1,1,0,0,0
"POINT (7.004450607000024 51.443825272000026)",Unfall 232867 (2019) Kat:3, Licht: 1,232867,3,7,6,01,07,5,1,1,0,1,1,0,0,0
"POINT (6.996680470000058 51.498544347000063)",Unfall 232896 (2019) Kat:3, Licht: 0,232896,3,2,5,01,11,4,0,0,0,1,0,0,0,0
"POINT (6.950325661000022 51.476713443000051)",Unfall 232897 (2019) Kat:3, Licht: 0,232897,3,3,5,01,10,4,1,0,0,1,0,0,0,0
"POINT (6.964002645000051 51.477047761000051)",Unfall 233040 (2019) Kat:3, Licht: 2,233040,3,2,6,01,17,7,1,2,0,1,1,0,0,0
"POINT (7.082804731000067 51.460870535000026)",Unfall 233048 (2019) Kat:3, Licht: 0,233048,3,6,2,01,13,3,1,0,0,1,0,0,0,1
"POINT (6.973431747000063 51.456137761000036)",Unfall 233138 (2019) Kat:3, Licht: 2,233138,3,6,4,01,19,2,1,2,1,1,0,0,0,0
"POINT (6.999219607000043 51.449203492000038)",Unfall 233146 (2019) Kat:3, Licht: 2,233146,3,3,5,01,18,3,1,2,0,1,0,0,0,0
"POINT (7.078264688000047 51.425089038000067)",Unfall 233160 (2019) Kat:3, Licht: 2,233160,3,2,6,01,07,4,0,2,0,1,1,0,0,0
"POINT (6.957450726000047 51.472622488000070)",Unfall 233242 (2019) Kat:3, Licht: 2,233242,3,3,5,01,18,2,1,2,1,1,0,0,0,0
"POINT (6.941736108000043 51.461103214000048)",Unfall 233251 (2019) Kat:3, Licht: 2,233251,3,5,1,01,07,3,1,2,1,1,0,0,0,0
"POINT (6.980834536000032 51.461750272000074)",Unfall 233265 (2019) Kat:3, Licht: 2,233265,3,4,6,01,17,4,0,2,0,1,1,0,0,0
"POINT (7.108314142000040 51.445281424000029)",Unfall 233294 (2019) Kat:3, Licht: 2,233294,3,1,8,01,00,2,1,2,0,1,0,0,0,0
"POINT (7.005537427000036 51.437668681000048)",Unfall 233376 (2019) Kat:2, Licht: 2,233376,2,4,6,01,07,2,1,2,0,1,1,0,0,0
"POINT (7.080728202000046 51.475048568000034)",Unfall 233377 (2019) Kat:3, Licht: 2,233377,3,2,6,01,07,2,1,2,0,1,1,0,0,0
"POINT (6.944575289000056 51.466670872000066)",Unfall 233447 (2019) Kat:3, Licht: 2,233447,3,6,2,01,21,7,1,2,0,1,0,0,0,0
"POINT (7.008009571000059 51.478881876000059)",Unfall 233509 (2019) Kat:3, Licht: 0,233509,3,5,3,01,09,6,1,0,1,1,0,0,0,0
"POINT (6.986572275000071 51.444874342000048)",Unfall 233510 (2019) Kat:2, Licht: 0,233510,2,2,5,01,09,6,1,0,0,1,0,0,0,0
"POINT (6.985126195000021 51.449802841000064)",Unfall 233511 (2019) Kat:3, Licht: 1,233511,3,3,0,01,16,6,1,1,1,1,0,0,0,0
"POINT (6.998757477000027 51.419125275000056)",Unfall 233597 (2019) Kat:3, Licht: 0,233597,3,4,6,01,15,7,0,0,0,1,1,0,0,0
"POINT (7.000200958000050 51.420546989000059)",Unfall 233651 (2019) Kat:3, Licht: 0,233651,3,7,6,01,11,6,0,0,0,1,1,0,0,0
"POINT (7.015769443000067 51.427374497000073)",Unfall 233652 (2019) Kat:3, Licht: 0,233652,3,1,0,01,11,6,2,0,1,0,0,0,0,0
"POINT (6.973434524000027 51.448958676000075)",Unfall 233653 (2019) Kat:3, Licht: 0,233653,3,6,6,01,12,6,0,0,0,1,1,0,0,0
"POINT (7.015921026000058 51.476781296000070)",Unfall 233705 (2019) Kat:3, Licht: 0,233705,3,7,4,01,15,5,1,0,0,1,0,0,0,0
"POINT (7.020101484000065 51.448391495000067)",Unfall 233706 (2019) Kat:3, Licht: 0,233706,3,1,0,01,13,5,1,0,0,1,0,0,0,0
"POINT (6.983911895000063 51.450683153000057)",Unfall 233824 (2019) Kat:3, Licht: 2,233824,3,7,1,01,20,6,1,2,0,1,0,0,0,0
"POINT (7.001666594000028 51.460747378000065)",Unfall 233825 (2019) Kat:3, Licht: 1,233825,3,2,6,01,17,6,1,1,0,1,1,0,0,0
"POINT (6.972829988000058 51.475392500000055)",Unfall 233927 (2019) Kat:3, Licht: 0,233927,3,4,0,01,11,4,1,0,0,1,1,0,0,0
"POINT (6.944576570000038 51.466639231000045)",Unfall 233974 (2019) Kat:3, Licht: 2,233974,3,2,6,01,20,3,1,2,0,1,1,0,0,0
"POINT (7.013123729000029 51.443580366000049)",Unfall 233975 (2019) Kat:2, Licht: 0,233975,2,2,4,01,17,3,0,0,1,1,0,0,0,0
"POINT (6.939432061000048 51.362781479000034)",Unfall 234039 (2019) Kat:2, Licht: 1,234039,2,4,1,01,08,2,0,1,0,1,1,0,0,0
"POINT (7.020796138000037 51.468370656000047)",Unfall 234040 (2019) Kat:3, Licht: 0,234040,3,3,5,01,15,2,0,0,1,1,0,0,0,0
"POINT (6.996043810000060 51.417832489000034)",Unfall 234090 (2019) Kat:2, Licht: 0,234090,2,4,6,01,11,4,2,0,0,1,1,0,0,0
"POINT (6.996437275000062 51.434601662000034)",Unfall 234091 (2019) Kat:3, Licht: 0,234091,3,2,5,01,14,4,2,0,0,1,0,0,0,0
"POINT (6.994214669000030 51.441568502000052)",Unfall 234092 (2019) Kat:3, Licht: 0,234092,3,4,6,01,15,4,1,0,0,1,1,0,0,0
"POINT (7.015199870000060 51.484388051000053)",Unfall 234288 (2019) Kat:2, Licht: 2,234288,2,1,8,01,20,7,1,2,0,1,0,0,0,0
"POINT (6.941408916000057 51.454632360000062)",Unfall 234313 (2019) Kat:3, Licht: 0,234313,3,1,8,02,14,3,1,0,0,1,0,0,0,0
"POINT (6.996076159000040 51.449914700000079)",Unfall 234355 (2019) Kat:3, Licht: 0,234355,3,6,1,02,10,2,0,0,0,1,0,0,0,0