WKT,Name,OBJECTID,UKATEGORIE,UTYP1,UART,UMONAT,USTUNDE,UWOCHENTAG,STRZUSTAND,ULICHTVERH,ISTRAD,ISTPKW,ISTFUSS,ISTKRAD,ISTGKFZ,ISTSONSTIG
"POINT (7.106974819000072 51.437192955000057)",Unfall 234398 (2019) Kat:3, Licht: 2,234398,3,7,0,02,06,1,1,2,0,0,0,0,0,1
"POINT (7.036560250000036 51.432209794000073)",Unfall 234432 (2019) Kat:2, Licht: 0,234432,2,3,5,02,11,7,1,0,0,1,0,0,0,1
"POINT (6.976570862000074 51.449859189000051)",Unfall 234433 (2019) Kat:3, Licht: 0,234433,3,4,0,02,15,7,1,0,0,1,1,0,0,0
"POINT (6.979176879000022 51.452853098000048)",Unfall 234434 (2019) Kat:2, Licht: 0,234434,2,2,5,02,15,7,1,0,1,1,0,0,0,0
"POINT (7.014077100000066 51.447282536000046)",Unfall 234435 (2019) Kat:3, Licht: 2,234435,3,6,0,02,22,7,1,2,0,0,0,1,0,0
"POINT (6.940110527000059 51.364358299000060)",Unfall 234496 (2019) Kat:3, Licht: 0,234496,3,6,6,02,16,6,0,0,0,1,1,0,0,0
"POINT (7.006979104000038 51.458039673000030)",Unfall 234497 (2019) Kat:3, Licht: 2,234497,3,7,6,02,19,6,0,2,0,1,1,0,0,0
"POINT (6.993552208000040 51.472935735000078)",Unfall 234582 (2019) Kat:3, Licht: 0,234582,3,2,6,02,16,2,1,0,0,1,1,0,0,0
"POINT (7.025385277000055 51.437286254000071)",Unfall 234583 (2019) Kat:3, Licht: 0,234583,3,6,2,02,13,2,0,0,0,1,0,0,0,0
"POINT (7.017676495000046 51.460829054000044)",Unfall 234602 (2019) Kat:3, Licht: 0,234602,3,1,6,02,14,1,0,0,0,1,1,0,0,0
"POINT (6.983141486000022 51.457326943000055)",Unfall 234632 (2019) Kat:3, Licht: 0,234632,3,6,2,02,12,7,0,0,0,1,0,0,0,0
"POINT (6.981096843000046 51.462252880000051)",Unfall 234633 (2019) Kat:2, Licht: 0,234633,2,2,5,02,10,7,0,0,0,1,0,0,0,0
"POINT (6.916382460000023 51.473445941000080)",Unfall 234681 (2019) Kat:3, Licht: 0,234681,3,2,3,02,09,6,1,0,1,1,0,0,0,0
"POINT (6.953634713000042 51.369325358000026)",Unfall 234682 (2019) Kat:3, Licht: 0,234682,3,7,0,02,12,6,1,0,0,1,0,0,0,0
"POINT (7.078493211000023 51.452529119000076)",Unfall 234683 (2019) Kat:3, Licht: 0,234683,3,3,5,02,15,6,0,0,0,1,0,0,0,0
"POINT (7.009412134000058 51.505094567000071)",Unfall 234737 (2019) Kat:2, Licht: 2,234737,2,7,0,02,07,5,1,2,0,0,1,0,0,1
"POINT (6.975644984000041 51.430620732000079)",Unfall 234738 (2019) Kat:3, Licht: 0,234738,3,6,4,02,13,5,0,0,1,1,0,0,0,0
"POINT (6.984820817000070 51.421467801000063)",Unfall 234739 (2019) Kat:3, Licht: 2,234739,3,6,1,02,06,5,1,2,0,1,0,0,0,0
"POINT (7.012901709000062 51.451964680000060)",Unfall 234740 (2019) Kat:3, Licht: 0,234740,3,5,0,02,16,5,0,0,1,0,0,0,0,1
"POINT (6.902254673000073 51.480460527000048)",Unfall 234782 (2019) Kat:2, Licht: 0,234782,2,2,5,02,13,4,0,0,0,1,0,0,0,0
"POINT (6.986078244000055 51.449590854000064)",Unfall 234783 (2019) Kat:3, Licht: 2,234783,3,3,0,02,18,4,0,2,0,1,0,0,0,1
"POINT (6.977050625000061 51.457644774000073)",Unfall 234861 (2019) Kat:3, Licht: 0,234861,3,2,5,02,11,6,0,0,0,1,0,0,0,0
"POINT (7.068636364000042 51.404018733000044)",Unfall 234886 (2019) Kat:3, Licht: 1,234886,3,3,0,02,17,3,0,1,1,1,0,0,0,0
"POINT (7.005537427000036 51.437668681000048)",Unfall 234891 (2019) Kat:3, Licht: 2,234891,3,2,4,02,20,3,0,2,0,1,0,0,0,0
"POINT (7.048489581000069 51.447389712000074)",Unfall 234894 (2019) Kat:3, Licht: 2,234894,3,2,6,02,19,3,0,2,0,1,1,0,0,0
"POINT (7.043384821000075 51.483602887000075)",Unfall 235012 (2019) Kat:3, Licht: 1,235012,3,2,0,02,07,4,0,1,0,0,0,0,0,1
"POINT (7.003705404000073 51.434075979000056)",Unfall 235013 (2019) Kat:3, Licht: 0,235013,3,4,6,02,12,4,0,0,0,1,1,0,0,0
"POINT (7.054127771000026 51.485617442000034)",Unfall 235124 (2019) Kat:3, Licht: 0,235124,3,7,8,02,10,3,0,0,0,1,0,0,0,0
"POINT (7.081875676000038 51.390542034000077)",Unfall 235125 (2019) Kat:3, Licht: 0,235125,3,4,6,02,16,3,0,0,0,1,1,0,0,0
"POINT (6.981611822000048 51.416477439000062)",Unfall 235126 (2019) Kat:3, Licht: 0,235126,3,7,6,02,17,3,0,0,1,0,1,0,0,0
"POINT (6.907115345000022 51.478529146000028)",Unfall 235202 (2019) Kat:3, Licht: 2,235202,3,7,0,02,19,2,0,2,1,1,0,0,0,0
"POINT (6.954153963000067 51.370441633000041)",Unfall 235203 (2019) Kat:3, Licht: 2,235203,3,1,9,02,20,2,0,2,0,1,0,0,0,0
"POINT (6.999902673000065 51.387659655000050)",Unfall 235246 (2019) Kat:3, Licht: 0,235246,3,7,0,02,16,1,0,0,1,0,1,0,0,0
"POINT (6.988627893000057 51.382735820000050)",Unfall 235247 (2019) Kat:3, Licht: 0,235247,3,1,0,02,16,1,0,0,1,0,0,0,0,0
"POINT (6.997901292000051 51.449477284000068)",Unfall 235248 (2019) Kat:3, Licht: 1,235248,3,5,6,02,06,1,0,1,0,1,1,0,0,0
"POINT (6.968504412000073 51.442505990000029)",Unfall 235249 (2019) Kat:3, Licht: 0,235249,3,2,6,02,16,1,0,0,0,1,1,0,0,0
"POINT (6.930214439000054 51.485184171000071)",Unfall 235371 (2019) Kat:3, Licht: 0,235371,3,5,1,02,14,1,0,0,1,1,0,0,0,0
"POINT (7.001366168000061 51.391760260000069)",Unfall 235470 (2019) Kat:3, Licht: 0,235470,3,3,5,02,15,6,0,0,1,1,0,0,0,0
"POINT (7.008226359000048 51.495913035000058)",Unfall 235521 (2019) Kat:3, Licht: 0,235521,3,4,6,02,12,5,0,0,0,1,1,0,0,0
"POINT (6.971008931000029 51.488660172000039)",Unfall 235522 (2019) Kat:3, Licht: 0,235522,3,7,4,02,08,5,0,0,0,1,0,0,0,0
"POINT (7.061101104000045 51.402925419000042)",Unfall 235523 (2019) Kat:3, Licht: 2,235523,3,7,0,02,18,5,0,2,0,0,0,1,0,0
"POINT (7.015159860000040 51.478779120000070)",Unfall 235767 (2019) Kat:3, Licht: 1,235767,3,4,6,02,17,3,0,1,0,1,1,0,0,0
"POINT (6.985567006000053 51.447027054000046)",Unfall 235768 (2019) Kat:3, Licht: 2,235768,3,6,2,02,19,3,0,2,0,1,0,0,0,0
"POINT (7.005458339000029 51.451475787000049)",Unfall 235769 (2019) Kat:3, Licht: 0,235769,3,1,0,02,11,3,0,0,0,0,0,1,0,0
"POINT (6.958428763000029 51.419202610000070)",Unfall 235845 (2019) Kat:3, Licht: 0,235845,3,3,5,02,15,2,0,0,1,1,0,0,0,0
"POINT (6.948316983000041 51.482019456000046)",Unfall 235857 (2019) Kat:3, Licht: 1,235857,3,6,2,03,18,5,1,1,0,1,0,0,0,0
"POINT (7.072443722000060 51.468426548000082)",Unfall 235858 (2019) Kat:2, Licht: 0,235858,2,3,5,03,16,5,1,0,1,1,0,0,0,0
"POINT (7.073490772000071 51.444603530000052)",Unfall 235915 (2019) Kat:3, Licht: 0,235915,3,5,6,03,14,4,0,0,0,1,1,0,0,0
"POINT (7.017962566000051 51.442424726000070)",Unfall 235916 (2019) Kat:2, Licht: 2,235916,2,2,4,03,21,4,1,2,0,1,0,0,0,0
"POINT (6.962801210000066 51.468936304000067)",Unfall 235979 (2019) Kat:2, Licht: 2,235979,2,1,9,03,23,2,1,2,0,1,0,0,0,0
"POINT (7.068573666000020 51.402401448000035)",Unfall 235980 (2019) Kat:3, Licht: 0,235980,3,3,6,03,12,2,1,0,0,0,1,0,0,1
"POINT (6.968646032000038 51.448938145000056)",Unfall 236039 (2019) Kat:2, Licht: 0,236039,2,3,5,03,11,7,0,0,0,1,1,0,0,0
"POINT (7.014661067000077 51.465524665000032)",Unfall 236040 (2019) Kat:3, Licht: 2,236040,3,1,1,03,21,7,0,2,0,1,1,0,0,0
"POINT (6.942557650000026 51.477052937000053)",Unfall 236231 (2019) Kat:3, Licht: 0,236231,3,3,5,03,08,2,1,0,1,1,0,0,0,0
"POINT (6.959072826000067 51.419976098000063)",Unfall 236232 (2019) Kat:3, Licht: 0,236232,3,7,0,03,09,2,1,0,0,0,1,0,0,1
"POINT (7.002880629000060 51.436600751000071)",Unfall 236233 (2019) Kat:3, Licht: 0,236233,3,4,6,03,07,2,1,0,0,1,1,0,0,0
"POINT (6.984915886000067 51.427838352000038)",Unfall 236263 (2019) Kat:3, Licht: 0,236263,3,7,6,03,10,1,1,0,0,1,1,0,0,0
"POINT (7.038274186000024 51.489121024000042)",Unfall 236295 (2019) Kat:3, Licht: 2,236295,3,3,5,03,20,7,1,2,0,1,0,0,0,0
"POINT (6.918989120000049 51.468233135000048)",Unfall 236371 (2019) Kat:3, Licht: 0,236371,3,2,6,03,17,2,0,0,0,1,1,0,0,0
"POINT (6.974925029000076 51.449583463000067)",Unfall 236372 (2019) Kat:2, Licht: 0,236372,2,2,6,03,11,2,0,0,0,1,1,0,0,0
"POINT (7.011955788000023 51.528869162000035)",Unfall 236401 (2019) Kat:3, Licht: 2,236401,3,7,0,03,19,1,1,2,1,0,0,0,0,0
"POINT (7.059257010000067 51.485422780000079)",Unfall 236402 (2019) Kat:2, Licht: 2,236402,2,7,0,03,19,1,0,2,0,1,1,0,0,0
"POINT (7.028690449000067 51.473990213000036)",Unfall 236403 (2019) Kat:3, Licht: 0,236403,3,3,5,03,15,1,1,0,0,1,0,0,0,0
"POINT (6.957562005000057 51.478041466000036)",Unfall 236489 (2019) Kat:2, Licht: 0,236489,2,2,5,03,16,6,0,0,0,0,0,1,0,1
"POINT (6.942702262000069 51.456169856000031)",Unfall 236601 (2019) Kat:3, Licht: 0,236601,3,3,5,03,07,4,1,0,1,1,0,0,0,0
"POINT (7.005568065000034 51.386226009000040)",Unfall 236602 (2019) Kat:2, Licht: 0,236602,2,1,0,03,15,4,1,0,1,0,0,0,0,0
"POINT (7.002958352000064 51.455661111000040)",Unfall 236701 (2019) Kat:3, Licht: 0,236701,3,3,5,03,11,5,0,0,1,0,0,0,0,1
"POINT (7.001531802000045 51.431589415000076)",Unfall 236830 (2019) Kat:3, Licht: 0,236830,3,2,2,03,14,3,0,0,1,1,0,0,0,0
"POINT (7.053472898000052 51.472156368000071)",Unfall 236831 (2019) Kat:3, Licht: 0,236831,3,6,2,03,09,3,0,0,0,1,0,0,0,0
"POINT (6.951589819000049 51.474866774000077)",Unfall 236884 (2019) Kat:3, Licht: 0,236884,3,4,0,03,16,4,0,0,0,0,1,0,0,1
"POINT (6.973525047000067 51.432243659000051)",Unfall 236986 (2019) Kat:3, Licht: 0,236986,3,1,2,03,16,2,1,0,0,1,0,0,0,0
"POINT (7.019933604000073 51.461517613000069)",Unfall 236987 (2019) Kat:3, Licht: 0,236987,3,7,3,03,05,2,1,0,0,1,0,0,0,1
"POINT (7.053676163000034 51.460211020000031)",Unfall 237035 (2019) Kat:3, Licht: 0,237035,3,7,6,03,16,1,0,0,0,1,1,0,0,0
"POINT (7.072113449000028 51.444439359000057)",Unfall 237036 (2019) Kat:3, Licht: 0,237036,3,7,0,03,16,1,0,0,1,1,0,0,0,0
"POINT (7.013244336000071 51.450390829000071)",Unfall 237037 (2019) Kat:3, Licht: 0,237037,3,3,5,03,15,1,0,0,0,1,0,0,0,0
"POINT (6.959074810000061 51.419977188000075)",Unfall 237068 (2019) Kat:3, Licht: 1,237068,3,2,2,03,19,7,1,1,0,1,0,0,0,0
"POINT (6.994992336000053 51.440735010000026)",Unfall 237128 (2019) Kat:3, Licht: 0,237128,3,7,0,03,10,6,0,0,0,1,0,0,0,0
"POINT (7.042746350000073 51.390450706000081)",Unfall 237208 (2019) Kat:2, Licht: 0,237208,2,1,0,03,17,7,0,0,0,0,0,1,0,0
"POINT (6.998317802000031 51.386846236000054)",Unfall 237209 (2019) Kat:3, Licht: 0,237209,3,6,3,03,13,7,0,0,1,1,0,0,0,0
"POINT (6.951494393000075 51.471936271000061)",Unfall 237283 (2019) Kat:2, Licht: 0,237283,2,7,0,03,16,6,0,0,0,1,0,0,0,1
"POINT (7.118173385000034 51.411958192000043)",Unfall 237284 (2019) Kat:2, Licht: 0,237284,2,5,0,03,18,6,0,0,1,1,0,0,0,0
"POINT (6.999149396000064 51.449215493000054)",Unfall 237285 (2019) Kat:3, Licht: 2,237285,3,2,5,03,00,6,0,2,0,1,0,0,0,0
"POINT (7.110133640000072 51.448319156000082)",Unfall 237286 (2019) Kat:3, Licht: 0,237286,3,7,1,03,11,6,0,0,0,1,0,1,0,0
"POINT (7.002652463000061 51.478785569000081)",Unfall 237351 (2019) Kat:3, Licht: 0,237351,3,4,6,03,16,5,0,0,0,1,1,0,0,0
"POINT (6.967479983000033 51.456748912000080)",Unfall 237352 (2019) Kat:3, Licht: 2,237352,3,1,8,03,20,5,0,2,0,1,0,0,0,0
"POINT (6.979913380000028 51.464465553000082)",Unfall 237353 (2019) Kat:3, Licht: 0,237353,3,3,5,03,08,5,0,0,0,1,0,0,0,0
"POINT (6.984835398000030 51.381979683000054)",Unfall 237354 (2019) Kat:3, Licht: 0,237354,3,3,5,03,17,5,0,0,0,1,0,0,0,0
"POINT (6.935497735000070 51.354956360000074)",Unfall 237434 (2019) Kat:3, Licht: 0,237434,3,6,4,04,17,5,1,0,0,1,0,0,0,0
"POINT (7.015967083000021 51.454656679000038)",Unfall 237435 (2019) Kat:3, Licht: 0,237435,3,6,2,04,18,5,1,0,0,1,0,0,0,0
"POINT (7.051248775000033 51.488681551000070)",Unfall 237495 (2019) Kat:3, Licht: 0,237495,3,7,0,04,13,4,0,0,0,0,1,0,0,1
"POINT (6.983139637000022 51.456928964000042)",Unfall 237496 (2019) Kat:3, Licht: 0,237496,3,3,5,04,09,4,1,0,0,1,0,0,0,0
"POINT (7.088100503000021 51.408136785000067)",Unfall 237497 (2019) Kat:3, Licht: 0,237497,3,7,6,04,17,4,0,0,0,0,1,0,0,1
"POINT (7.004444896000052 51.485318013000040)",Unfall 237633 (2019) Kat:3, Licht: 0,237633,3,3,5,04,12,2,0,0,0,1,0,0,0,1
"POINT (6.976276727000027 51.488704153000072)",Unfall 237634 (2019) Kat:3, Licht: 0,237634,3,3,5,04,13,2,0,0,0,1,0,0,0,1
"POINT (7.000140459000022 51.444926545000044)",Unfall 237635 (2019) Kat:3, Licht: 0,237635,3,7,0,04,20,2,0,0,1,0,0,0,0,0
"POINT (7.006718085000045 51.494746557000042)",Unfall 237731 (2019) Kat:3, Licht: 2,237731,3,4,6,04,21,2,0,2,0,1,1,0,0,0
"POINT (6.995094666000057 51.440046860000052)",Unfall 237732 (2019) Kat:3, Licht: 0,237732,3,7,3,04,06,2,0,0,0,1,0,0,0,0
"POINT (7.058969396000066 51.482136407000041)",Unfall 237782 (2019) Kat:2, Licht: 0,237782,2,7,0,04,18,1,0,0,1,0,0,0,0,0
"POINT (7.078385777000051 51.393419423000068)",Unfall 237783 (2019) Kat:2, Licht: 0,237783,2,3,6,04,10,1,0,0,1,0,1,0,0,0
"POINT (7.047211804000028 51.383754874000033)",Unfall 237784 (2019) Kat:3, Licht: 0,237784,3,1,8,04,19,1,0,0,0,0,0,1,0,0
"POINT (7.024820799000054 51.439211222000040)",Unfall 237785 (2019) Kat:3, Licht: 0,237785,3,7,6,04,18,1,0,0,0,1,1,0,0,0
"POINT (7.033694001000072 51.507127960000048)",Unfall 237833 (2019) Kat:3, Licht: 0,237833,3,6,3,04,14,7,0,0,1,1,0,0,0,0
"POINT (6.995672049000064 51.441729118000069)",Unfall 237834 (2019) Kat:3, Licht: 0,237834,3,7,0,04,14,7,0,0,1,1,0,0,0,0
"POINT (6.942559241000026 51.354858494000041)",Unfall 237890 (2019) Kat:3, Licht: 0,237890,3,7,1,04,15,6,0,0,0,1,0,0,0,0
"POINT (6.950665682000022 51.367865237000046)",Unfall 237891 (2019) Kat:3, Licht: 0,237891,3,4,6,04,13,6,0,0,0,1,1,0,0,0
"POINT (7.019469578000042 51.501388343000031)",Unfall 237930 (2019) Kat:3, Licht: 0,237930,3,7,0,04,11,7,1,0,0,0,0,0,0,1
"POINT (7.050550391000058 51.490380640000069)",Unfall 237931 (2019) Kat:2, Licht: 0,237931,2,6,4,04,18,7,1,0,0,1,0,0,0,0
"POINT (6.982700252000029 51.465296363000050)",Unfall 237932 (2019) Kat:3, Licht: 2,237932,3,1,4,04,22,7,1,2,0,1,0,0,0,0
"POINT (7.076655317000075 51.429642165000075)",Unfall 237933 (2019) Kat:3, Licht: 0,237933,3,4,6,04,12,7,0,0,0,1,1,0,0,0
"POINT (6.993923631000030 51.443164556000056)",Unfall 237934 (2019) Kat:3, Licht: 0,237934,3,3,5,04,19,7,0,0,0,1,0,0,0,0
"POINT (7.033808031000035 51.490957363000064)",Unfall 238035 (2019) Kat:3, Licht: 0,238035,3,2,4,04,11,5,0,0,0,1,0,0,0,0
"POINT (6.976224616000025 51.421116798000071)",Unfall 238101 (2019) Kat:3, Licht: 0,238101,3,7,0,04,16,4,0,0,0,0,0,1,0,1
"POINT (6.999243283000055 51.387060471000041)",Unfall 238102 (2019) Kat:3, Licht: 0,238102,3,7,6,04,20,4,0,0,1,0,1,0,0,0
"POINT (7.049698694000028 51.422392132000027)",Unfall 238103 (2019) Kat:2, Licht: 0,238103,2,1,1,04,11,4,0,0,0,1,0,0,0,0
"POINT (7.003970020000054 51.432196386000044)",Unfall 238104 (2019) Kat:2, Licht: 0,238104,2,7,0,04,16,4,0,0,1,0,0,0,0,0
"POINT (7.041695341000036 51.501750576000063)",Unfall 238182 (2019) Kat:3, Licht: 0,238182,3,6,0,04,10,5,0,0,0,1,0,0,0,1
"POINT (6.937869694000028 51.488778962000026)",Unfall 238183 (2019) Kat:3, Licht: 0,238183,3,7,6,04,11,5,0,0,0,1,1,0,0,0
"POINT (7.007768492000025 51.468187859000068)",Unfall 238293 (2019) Kat:3, Licht: 0,238293,3,6,2,04,09,3,0,0,0,1,0,0,0,0
"POINT (7.022590988000047 51.457559872000047)",Unfall 238294 (2019) Kat:3, Licht: 0,238294,3,2,5,04,19,3,0,0,0,1,0,0,0,1
"POINT (7.079886340000030 51.389292154000032)",Unfall 238351 (2019) Kat:3, Licht: 0,238351,3,2,5,04,15,2,0,0,1,1,0,0,0,0
"POINT (7.040770996000049 51.468449134000082)",Unfall 238470 (2019) Kat:2, Licht: 0,238470,2,5,9,04,17,3,0,0,0,1,0,1,0,0
"POINT (6.965351753000050 51.471369532000040)",Unfall 238471 (2019) Kat:3, Licht: 0,238471,3,4,6,04,18,3,0,0,0,0,1,0,0,1
"POINT (7.063607880000063 51.403549224000074)",Unfall 238472 (2019) Kat:3, Licht: 0,238472,3,3,5,04,08,3,0,0,0,1,0,0,0,0
"POINT (6.946906872000056 51.378305687000079)",Unfall 238517 (2019) Kat:3, Licht: 1,238517,3,7,8,04,20,2,0,1,0,1,0,0,0,0
"POINT (7.013061445000062 51.439613721000057)",Unfall 238598 (2019) Kat:2, Licht: 0,238598,2,3,5,04,14,7,0,0,0,1,0,1,0,0
"POINT (6.980138871000065 51.499999025000079)",Unfall 238599 (2019) Kat:3, Licht: 2,238599,3,3,5,04,05,7,0,2,0,1,0,0,1,0
"POINT (7.067732155000044 51.490901204000068)",Unfall 238654 (2019) Kat:2, Licht: 0,238654,2,7,0,04,16,6,0,0,1,0,0,0,0,0
"POINT (6.941732844000057 51.468629337000039)",Unfall 238655 (2019) Kat:2, Licht: 0,238655,2,2,5,04,15,6,0,0,1,0,0,0,0,0
"POINT (6.965447899000026 51.437336595000033)",Unfall 238656 (2019) Kat:3, Licht: 0,238656,3,6,2,04,18,6,0,0,1,0,0,0,0,0
"POINT (6.931080742000063 51.475222143000053)",Unfall 238719 (2019) Kat:3, Licht: 0,238719,3,3,5,04,14,7,1,0,0,1,0,0,0,0
"POINT (6.983734868000056 51.414566130000026)",Unfall 238720 (2019) Kat:2, Licht: 0,238720,2,1,9,04,10,7,1,0,1,0,0,0,0,0
"POINT (7.004227954000044 51.433070151000038)",Unfall 238721 (2019) Kat:3, Licht: 0,238721,3,6,0,04,14,7,1,0,0,0,0,1,0,0
"POINT (7.015719799000067 51.493923054000049)",Unfall 238777 (2019) Kat:3, Licht: 0,238777,3,1,4,04,17,6,0,0,0,1,0,0,0,0
"POINT (6.932330165000053 51.372707336000076)",Unfall 238836 (2019) Kat:3, Licht: 0,238836,3,7,1,04,11,5,0,0,0,1,0,0,0,0
"POINT (7.031265493000035 51.440135799000075)",Unfall 238837 (2019) Kat:3, Licht: 0,238837,3,4,6,04,08,5,0,0,0,1,1,0,0,0
"POINT (7.007968382000058 51.476992231000054)",Unfall 238907 (2019) Kat:3, Licht: 0,238907,3,7,1,04,17,4,0,0,0,1,0,0,0,1
"POINT (6.996207478000031 51.383886552000035)",Unfall 238908 (2019) Kat:3, Licht: 0,238908,3,2,0,04,16,4,0,0,0,1,0,1,0,0
"POINT (6.990754011000036 51.454244233000054)",Unfall 238910 (2019) Kat:3, Licht: 0,238910,3,6,2,04,10,4,0,0,0,1,0,0,0,0
"POINT (7.010063136000042 51.456640952000043)",Unfall 238911 (2019) Kat:3, Licht: 0,238911,3,7,6,04,12,4,0,0,0,0,1,1,0,0
"POINT (7.013595083000041 51.453058635000048)",Unfall 238994 (2019) Kat:3, Licht: 0,238994,3,5,3,05,12,4,0,0,1,1,0,0,0,0
"POINT (7.024628583000038 51.475725971000031)",Unfall 239068 (2019) Kat:3, Licht: 0,239068,3,1,0,04,17,3,0,0,1,0,0,0,0,0
"POINT (6.951825917000065 51.475004624000064)",Unfall 239069 (2019) Kat:3, Licht: 0,239069,3,7,6,04,11,3,0,0,0,0,1,0,0,1
"POINT (6.977007532000073 51.466344075000052)",Unfall 239070 (2019) Kat:3, Licht: 0,239070,3,7,5,04,16,3,0,0,1,0,0,0,0,0
"POINT (6.988754199000027 51.459606080000071)",Unfall 239156 (2019) Kat:3, Licht: 0,239156,3,3,0,04,16,2,0,0,1,1,0,0,0,0
"POINT (7.036742954000033 51.432720305000032)",Unfall 239182 (2019) Kat:3, Licht: 0,239182,3,4,6,05,10,5,0,0,0,1,1,0,0,0
"POINT (7.076179491000062 51.444223357000055)",Unfall 239186 (2019) Kat:2, Licht: 1,239186,2,2,5,05,05,5,0,1,1,1,0,0,0,0
"POINT (7.023246208000046 51.375990770000044)",Unfall 239196 (2019) Kat:3, Licht: 0,239196,3,3,5,04,14,1,1,0,0,1,0,0,0,1
"POINT (7.016652608000072 51.445887154000047)",Unfall 239197 (2019) Kat:3, Licht: 0,239197,3,1,0,04,16,1,1,0,0,0,0,1,0,0
"POINT (7.071013796000045 51.424665899000047)",Unfall 239261 (2019) Kat:3, Licht: 0,239261,3,1,8,05,15,2,0,0,0,1,0,0,0,0
"POINT (6.950254966000045 51.473416700000030)",Unfall 239322 (2019) Kat:3, Licht: 0,239322,3,7,0,05,17,7,1,0,0,1,1,0,0,0
"POINT (7.075096197000050 51.428412508000065)",Unfall 239323 (2019) Kat:3, Licht: 0,239323,3,3,5,05,11,7,0,0,0,1,0,0,0,1
"POINT (7.040512212000067 51.424404934000052)",Unfall 239335 (2019) Kat:3, Licht: 0,239335,3,6,6,05,12,3,0,0,0,1,1,0,0,0
"POINT (6.969431856000028 51.448955067000043)",Unfall 239344 (2019) Kat:2, Licht: 0,239344,2,4,6,05,15,3,0,0,0,1,1,0,0,0
"POINT (7.012705345000029 51.431254473000081)",Unfall 239384 (2019) Kat:3, Licht: 0,239384,3,7,6,05,13,6,0,0,0,1,1,0,0,0
"POINT (7.013016687000061 51.439590345000056)",Unfall 239385 (2019) Kat:3, Licht: 0,239385,3,2,5,05,07,6,1,0,1,1,0,0,0,0
"POINT (6.968660547000070 51.454606443000046)",Unfall 239387 (2019) Kat:3, Licht: 0,239387,3,3,5,05,07,6,0,0,0,1,0,0,0,0
"POINT (7.079299654000067 51.477008528000056)",Unfall 239388 (2019) Kat:3, Licht: 0,239388,3,2,5,05,11,6,0,0,0,1,0,0,0,0
"POINT (7.014298780000047 51.451932738000039)",Unfall 239389 (2019) Kat:3, Licht: 0,239389,3,5,0,05,16,6,0,0,0,1,0,0,0,0
"POINT (7.086336418000030 51.397034068000039)",Unfall 239467 (2019) Kat:3, Licht: 0,239467,3,1,0,05,07,5,0,0,1,0,0,0,0,0
"POINT (7.005636004000053 51.516117979000057)",Unfall 239468 (2019) Kat:2, Licht: 0,239468,2,3,5,05,11,7,0,0,0,1,0,0,0,0
"POINT (7.043123245000061 51.425914887000033)",Unfall 239518 (2019) Kat:3, Licht: 0,239518,3,1,9,05,11,7,1,0,0,0,0,1,0,0
"POINT (6.943162654000048 51.477741388000027)",Unfall 239520 (2019) Kat:3, Licht: 0,239520,3,3,5,05,06,6,0,0,0,1,0,0,0,0
"POINT (6.972579090000068 51.449681299000076)",Unfall 239521 (2019) Kat:3, Licht: 1,239521,3,4,6,05,08,6,1,1,0,1,1,0,0,0
"POINT (6.985191306000047 51.451591258000064)",Unfall 239522 (2019) Kat:2, Licht: 0,239522,2,4,6,05,14,6,1,0,0,1,1,0,0,0
"POINT (6.982103323000047 51.441606359000048)",Unfall 239593 (2019) Kat:2, Licht: 0,239593,2,3,5,05,15,5,0,0,1,1,0,0,0,0
"POINT (7.002682524000022 51.461072231000060)",Unfall 239594 (2019) Kat:3, Licht: 0,239594,3,2,5,05,13,5,0,0,0,1,0,0,0,0
"POINT (7.128668737000055 51.416330274000074)",Unfall 239624 (2019) Kat:3, Licht: 0,239624,3,5,1,05,10,7,0,0,0,1,0,1,0,0
"POINT (6.944576570000038 51.466639231000045)",Unfall 239669 (2019) Kat:3, Licht: 0,239669,3,6,2,05,16,4,1,0,0,1,0,0,1,0
"POINT (6.997888147000026 51.436337856000080)",Unfall 239725 (2019) Kat:3, Licht: 0,239725,3,6,2,05,19,4,0,0,0,1,0,0,0,0
"POINT (7.015640605000044 51.500244077000048)",Unfall 239756 (2019) Kat:3, Licht: 0,239756,3,7,6,05,11,4,0,0,0,1,1,0,0,0
"POINT (6.947994465000022 51.362381971000048)",Unfall 239809 (2019) Kat:1, Licht: 0,239809,1,1,6,05,13,4,0,0,0,1,1,0,0,0
"POINT (6.936058141000046 51.362878051000052)",Unfall 239828 (2019) Kat:3, Licht: 2,239828,3,7,6,05,22,3,0,2,0,1,1,0,0,0
"POINT (7.005537427000036 51.437668681000048)",Unfall 239829 (2019) Kat:3, Licht: 0,239829,3,2,3,05,06,3,0,0,1,0,0,0,0,0
"POINT (7.094234906000054 51.449190362000081)",Unfall 239831 (2019) Kat:2, Licht: 0,239831,2,7,0,05,15,3,0,0,0,1,0,0,0,0