WKT,Name,OBJECTID,UKATEGORIE,UTYP1,UART,UMONAT,USTUNDE,UWOCHENTAG,STRZUSTAND,ULICHTVERH,ISTRAD,ISTPKW,ISTFUSS,ISTKRAD,ISTGKFZ,ISTSONSTIG
"POINT (6.991874091000057 51.472024753000028)",Unfall 239832 (2019) Kat:3, Licht: 0,239832,3,6,2,05,11,3,0,0,0,0,0,0,1,1
"POINT (6.955494029000022 51.457810918000064)",Unfall 239900 (2019) Kat:3, Licht: 0,239900,3,1,0,05,16,2,0,0,1,0,0,0,0,0
"POINT (6.945483982000042 51.384628079000038)",Unfall 239919 (2019) Kat:3, Licht: 0,239919,3,6,6,05,16,4,0,0,0,1,1,0,0,0
"POINT (6.929985156000043 51.356042153000033)",Unfall 239952 (2019) Kat:3, Licht: 0,239952,3,3,5,05,15,1,0,0,0,1,0,0,0,0
"POINT (7.013037761000021 51.439601352000068)",Unfall 239954 (2019) Kat:3, Licht: 1,239954,3,1,0,05,20,1,0,1,1,0,0,0,0,0
"POINT (6.979039854000064 51.452526183000032)",Unfall 239998 (2019) Kat:3, Licht: 0,239998,3,7,7,05,13,7,0,0,1,0,0,0,0,0
"POINT (7.001535461000060 51.438053326000045)",Unfall 240070 (2019) Kat:3, Licht: 0,240070,3,3,5,05,08,6,0,0,0,1,0,0,0,0
"POINT (7.005720226000051 51.495577894000064)",Unfall 240155 (2019) Kat:3, Licht: 0,240155,3,4,6,05,18,5,0,0,0,1,1,0,0,0
"POINT (6.994127698000057 51.410183889000052)",Unfall 240156 (2019) Kat:3, Licht: 0,240156,3,7,1,05,08,5,0,0,0,1,0,1,0,0
"POINT (6.959298272000069 51.448180958000080)",Unfall 240157 (2019) Kat:3, Licht: 0,240157,3,7,0,05,17,5,0,0,0,1,0,1,0,0
"POINT (6.930297415000041 51.465660098000058)",Unfall 240273 (2019) Kat:3, Licht: 0,240273,3,3,5,05,13,4,0,0,0,1,0,0,0,0
"POINT (6.943830189000039 51.462868788000037)",Unfall 240274 (2019) Kat:3, Licht: 0,240274,3,7,0,05,06,4,1,0,0,0,0,1,0,0
"POINT (6.981160234000072 51.452156970000033)",Unfall 240275 (2019) Kat:2, Licht: 0,240275,2,2,3,05,16,4,0,0,1,1,0,0,0,0
"POINT (6.948044667000033 51.362338864000037)",Unfall 240340 (2019) Kat:3, Licht: 0,240340,3,3,0,05,14,3,1,0,1,0,0,0,0,1
"POINT (6.997147391000055 51.417477309000049)",Unfall 240342 (2019) Kat:3, Licht: 0,240342,3,1,1,05,17,3,1,0,0,1,0,0,0,0
"POINT (7.034406763000050 51.434586630000069)",Unfall 240343 (2019) Kat:3, Licht: 0,240343,3,5,0,05,11,3,1,0,1,0,0,0,1,0
"POINT (7.031259742000032 51.440139560000034)",Unfall 240344 (2019) Kat:3, Licht: 0,240344,3,1,7,05,11,3,1,0,0,1,0,0,0,0
"POINT (7.086096795000060 51.392310093000049)",Unfall 240420 (2019) Kat:3, Licht: 0,240420,3,4,6,05,10,2,0,0,0,1,1,0,0,0
"POINT (7.079571444000067 51.463977177000061)",Unfall 240421 (2019) Kat:3, Licht: 0,240421,3,7,5,05,14,2,0,0,0,1,1,0,0,1
"POINT (7.086354933000052 51.397015391000082)",Unfall 240484 (2019) Kat:3, Licht: 0,240484,3,7,0,05,15,1,0,0,0,0,0,1,0,1
"POINT (7.058263753000063 51.442029227000035)",Unfall 240485 (2019) Kat:2, Licht: 2,240485,2,1,0,05,00,1,0,2,1,0,0,0,0,0
"POINT (7.009470409000073 51.502003252000065)",Unfall 240539 (2019) Kat:3, Licht: 2,240539,3,3,5,05,00,7,0,2,0,1,0,0,0,0
"POINT (7.001415134000069 51.393891028000041)",Unfall 240540 (2019) Kat:3, Licht: 0,240540,3,7,8,05,13,7,0,0,1,0,0,0,0,0
"POINT (6.972355346000029 51.455365720000032)",Unfall 240541 (2019) Kat:3, Licht: 0,240541,3,3,5,05,19,7,0,0,1,1,0,0,0,0
"POINT (7.045898521000026 51.469826203000082)",Unfall 240543 (2019) Kat:2, Licht: 0,240543,2,7,6,05,19,7,0,0,0,1,1,0,0,0
"POINT (7.020606543000042 51.453700159000050)",Unfall 240544 (2019) Kat:3, Licht: 0,240544,3,4,0,05,14,7,0,0,0,0,1,0,0,1
"POINT (7.096598878000066 51.447639641000080)",Unfall 240639 (2019) Kat:3, Licht: 0,240639,3,5,6,05,13,6,0,0,0,1,1,0,0,0
"POINT (6.978112675000034 51.441046921000066)",Unfall 240667 (2019) Kat:3, Licht: 0,240667,3,1,8,05,15,1,0,0,0,1,0,0,0,0
"POINT (6.952521280000042 51.472249900000065)",Unfall 240726 (2019) Kat:3, Licht: 0,240726,3,6,2,05,08,5,0,0,0,1,0,0,0,0
"POINT (7.041408163000028 51.428762405000043)",Unfall 240728 (2019) Kat:2, Licht: 0,240728,2,1,0,05,12,5,0,0,1,0,0,0,0,0
"POINT (7.041357853000022 51.428773763000038)",Unfall 240729 (2019) Kat:3, Licht: 0,240729,3,7,8,05,09,5,0,0,0,1,0,0,0,0
"POINT (7.005267892000063 51.436711251000077)",Unfall 240849 (2019) Kat:3, Licht: 0,240849,3,5,1,05,09,4,0,0,0,0,0,0,0,1
"POINT (7.012904565000042 51.451936650000050)",Unfall 240850 (2019) Kat:3, Licht: 0,240850,3,3,5,05,19,4,0,0,1,0,0,0,0,1
"POINT (7.009784362000062 51.454800210000030)",Unfall 240851 (2019) Kat:3, Licht: 0,240851,3,3,5,05,07,4,0,0,0,1,0,0,0,1
"POINT (7.012559767000028 51.462005341000065)",Unfall 240920 (2019) Kat:3, Licht: 0,240920,3,6,1,05,15,3,0,0,0,1,0,0,0,0
"POINT (6.947989219000021 51.412370693000071)",Unfall 240981 (2019) Kat:2, Licht: 0,240981,2,4,5,05,20,2,0,0,0,1,1,0,0,0
"POINT (6.995849897000028 51.440714588000048)",Unfall 240982 (2019) Kat:3, Licht: 0,240982,3,7,5,05,19,2,0,0,0,1,0,1,0,0
"POINT (7.009181742000067 51.394673077000050)",Unfall 241144 (2019) Kat:3, Licht: 0,241144,3,5,1,06,20,7,0,0,0,1,1,0,0,0
"POINT (7.122755285000039 51.418385490000048)",Unfall 241274 (2019) Kat:3, Licht: 0,241274,3,1,0,05,16,5,0,0,0,1,0,1,0,0
"POINT (7.006483126000035 51.441026614000066)",Unfall 241275 (2019) Kat:3, Licht: 0,241275,3,6,0,05,19,5,0,0,1,1,0,0,0,0
"POINT (6.987224812000022 51.422191158000032)",Unfall 241350 (2019) Kat:3, Licht: 0,241350,3,3,5,06,18,4,0,0,1,1,0,0,0,0
"POINT (7.030504057000030 51.511015586000042)",Unfall 241423 (2019) Kat:3, Licht: 0,241423,3,6,2,06,17,3,0,0,0,1,0,0,0,0
"POINT (7.098983650000037 51.444108915000072)",Unfall 241424 (2019) Kat:3, Licht: 0,241424,3,4,0,06,11,3,0,0,0,1,1,0,0,0
"POINT (7.013615614000059 51.447423851000053)",Unfall 241425 (2019) Kat:3, Licht: 0,241425,3,7,0,06,12,3,0,0,0,0,1,0,0,1
"POINT (7.041539675000024 51.492834936000065)",Unfall 241518 (2019) Kat:3, Licht: 0,241518,3,3,5,06,07,2,1,0,0,1,0,0,0,0
"POINT (6.938121743000068 51.361312878000035)",Unfall 241534 (2019) Kat:3, Licht: 0,241534,3,5,2,06,12,1,0,0,0,1,0,0,0,0
"POINT (7.026262455000051 51.446495020000043)",Unfall 241535 (2019) Kat:2, Licht: 0,241535,2,6,2,06,14,1,0,0,0,1,0,1,0,0
"POINT (7.009113657000057 51.451717115000065)",Unfall 241680 (2019) Kat:3, Licht: 0,241680,3,3,5,06,14,6,0,0,1,1,0,0,0,0
"POINT (7.013771246000033 51.481719970000029)",Unfall 241786 (2019) Kat:3, Licht: 0,241786,3,6,4,06,20,5,0,0,0,1,0,0,0,0
"POINT (6.983043218000034 51.458666260000030)",Unfall 241787 (2019) Kat:3, Licht: 0,241787,3,3,5,06,13,5,0,0,0,1,0,0,0,0
"POINT (7.079544293000026 51.451865013000031)",Unfall 241788 (2019) Kat:2, Licht: 0,241788,2,1,9,06,17,5,0,0,0,0,0,1,0,0
"POINT (7.040719128000035 51.455483898000068)",Unfall 241789 (2019) Kat:3, Licht: 0,241789,3,1,0,06,13,5,0,0,0,0,0,0,0,1
"POINT (7.013090982000051 51.525998043000072)",Unfall 241797 (2019) Kat:3, Licht: 0,241797,3,3,5,06,13,5,0,0,0,1,0,0,0,0
"POINT (6.944282866000037 51.362305787000082)",Unfall 241798 (2019) Kat:3, Licht: 0,241798,3,7,6,06,15,5,0,0,0,1,1,0,0,0
"POINT (7.093180104000055 51.463564762000033)",Unfall 241799 (2019) Kat:3, Licht: 0,241799,3,2,4,06,07,5,0,0,0,1,0,0,0,0
"POINT (7.006693881000047 51.441752104000045)",Unfall 241800 (2019) Kat:3, Licht: 0,241800,3,6,2,06,08,5,0,0,0,1,0,1,0,0
"POINT (6.951631016000022 51.471979541000053)",Unfall 241881 (2019) Kat:3, Licht: 0,241881,3,6,0,06,12,4,1,0,0,1,1,0,0,0
"POINT (6.972287443000028 51.453383794000047)",Unfall 241882 (2019) Kat:2, Licht: 0,241882,2,3,5,06,11,4,1,0,0,1,0,0,0,0
"POINT (6.844545259000029 51.332750019000059)",Unfall 241919 (2019) Kat:3, Licht: 0,241919,3,6,3,06,08,4,0,0,0,1,0,0,1,0
"POINT (6.967083578000029 51.463971728000047)",Unfall 242021 (2019) Kat:3, Licht: 0,242021,3,3,5,06,17,2,0,0,0,1,0,0,0,0
"POINT (6.969813930000044 51.454049913000063)",Unfall 242022 (2019) Kat:2, Licht: 0,242022,2,1,3,06,16,2,0,0,1,1,0,0,0,0
"POINT (7.010625985000047 51.457091119000040)",Unfall 242060 (2019) Kat:3, Licht: 2,242060,3,7,6,06,00,1,0,2,0,1,1,0,0,0
"POINT (7.016710890000070 51.474974590000045)",Unfall 242129 (2019) Kat:3, Licht: 0,242129,3,3,5,06,13,7,0,0,0,1,0,0,0,0
"POINT (6.976988952000056 51.483302987000059)",Unfall 242130 (2019) Kat:3, Licht: 0,242130,3,1,1,06,19,7,0,0,0,1,0,0,0,0
"POINT (7.000579119000065 51.387747227000034)",Unfall 242132 (2019) Kat:3, Licht: 0,242132,3,4,6,06,11,7,0,0,0,1,1,0,0,0
"POINT (7.000993705000042 51.445477198000049)",Unfall 242133 (2019) Kat:3, Licht: 0,242133,3,6,0,06,17,7,0,0,0,1,0,1,0,0
"POINT (7.026773041000070 51.386956192000071)",Unfall 242235 (2019) Kat:3, Licht: 0,242235,3,1,8,06,11,6,0,0,0,1,0,0,0,0
"POINT (7.024536973000068 51.437339494000071)",Unfall 242236 (2019) Kat:3, Licht: 0,242236,3,4,6,06,13,6,0,0,1,0,1,0,0,0
"POINT (6.946738713000059 51.477474093000069)",Unfall 242384 (2019) Kat:3, Licht: 0,242384,3,7,0,06,16,3,0,0,0,1,0,0,0,0
"POINT (6.979153611000072 51.458005539000055)",Unfall 242385 (2019) Kat:3, Licht: 0,242385,3,1,4,06,16,3,0,0,0,1,0,0,0,0
"POINT (7.078324352000038 51.442354593000061)",Unfall 242386 (2019) Kat:3, Licht: 0,242386,3,6,2,06,20,3,1,0,0,1,0,0,0,0
"POINT (6.992697214000032 51.384292923000032)",Unfall 242387 (2019) Kat:3, Licht: 0,242387,3,4,6,06,10,3,0,0,0,0,1,1,0,0
"POINT (7.002279425000040 51.439539777000050)",Unfall 242388 (2019) Kat:2, Licht: 0,242388,2,3,5,06,10,3,0,0,0,1,0,1,0,0
"POINT (6.972287165000068 51.453377099000079)",Unfall 242389 (2019) Kat:3, Licht: 0,242389,3,2,1,06,19,3,0,0,1,1,0,0,0,0
"POINT (6.973379691000048 51.449694986000054)",Unfall 242391 (2019) Kat:3, Licht: 0,242391,3,2,6,06,13,3,0,0,0,1,1,0,0,0
"POINT (7.047283866000043 51.496432262000042)",Unfall 242506 (2019) Kat:3, Licht: 0,242506,3,6,3,06,14,2,0,0,0,0,0,1,0,1
"POINT (7.007367120000026 51.494817655000077)",Unfall 242646 (2019) Kat:3, Licht: 0,242646,3,7,6,06,08,6,0,0,0,0,1,1,0,0
"POINT (7.013345011000070 51.458895737000034)",Unfall 242647 (2019) Kat:2, Licht: 0,242647,2,4,6,06,12,6,0,0,1,0,1,0,0,0
"POINT (7.059728509000024 51.480918812000027)",Unfall 242711 (2019) Kat:3, Licht: 0,242711,3,4,6,06,16,5,0,0,0,1,1,0,0,0
"POINT (7.017121195000073 51.473863700000038)",Unfall 242713 (2019) Kat:3, Licht: 0,242713,3,4,6,06,16,5,0,0,0,1,1,0,0,0
"POINT (7.087127371000065 51.389566280000054)",Unfall 242714 (2019) Kat:3, Licht: 0,242714,3,3,5,06,18,5,0,0,0,1,0,0,0,0
"POINT (6.944497468000066 51.390866715000072)",Unfall 242715 (2019) Kat:3, Licht: 0,242715,3,3,5,06,12,5,0,0,0,1,0,1,0,0
"POINT (6.979051334000076 51.452523846000076)",Unfall 242716 (2019) Kat:3, Licht: 0,242716,3,2,6,06,07,5,1,0,0,1,1,0,0,0
"POINT (6.983452969000041 51.494973951000077)",Unfall 242828 (2019) Kat:3, Licht: 0,242828,3,7,6,06,18,4,0,0,0,1,1,0,0,0
"POINT (7.008898319000025 51.522122624000076)",Unfall 242829 (2019) Kat:3, Licht: 0,242829,3,7,6,06,19,4,1,0,0,1,1,0,0,0
"POINT (6.981027864000055 51.381786021000039)",Unfall 242830 (2019) Kat:3, Licht: 0,242830,3,2,5,06,18,4,0,0,1,1,0,0,0,0
"POINT (7.011673351000070 51.433212845000071)",Unfall 242832 (2019) Kat:3, Licht: 0,242832,3,2,0,06,09,4,0,0,1,1,0,0,0,0
"POINT (6.995011533000024 51.485435837000068)",Unfall 242852 (2019) Kat:3, Licht: 0,242852,3,3,5,06,14,3,0,0,1,1,0,0,0,0
"POINT (6.943411753000021 51.467974046000052)",Unfall 242853 (2019) Kat:3, Licht: 0,242853,3,7,5,06,16,3,0,0,1,1,0,0,0,0
"POINT (6.935089417000029 51.496685867000053)",Unfall 242854 (2019) Kat:3, Licht: 0,242854,3,3,5,06,16,3,0,0,1,1,0,0,0,0
"POINT (7.004511773000047 51.434140840000055)",Unfall 242855 (2019) Kat:3, Licht: 0,242855,3,1,0,06,18,3,0,0,1,0,0,0,0,0
"POINT (7.070059196000045 51.449770738000041)",Unfall 242856 (2019) Kat:3, Licht: 0,242856,3,3,1,06,08,3,0,0,0,1,0,0,0,0
"POINT (6.999452424000026 51.419809385000065)",Unfall 242960 (2019) Kat:2, Licht: 0,242960,2,1,0,06,14,2,0,0,1,0,0,0,0,0
"POINT (7.041782691000037 51.427909637000027)",Unfall 242961 (2019) Kat:3, Licht: 0,242961,3,3,5,06,16,2,0,0,1,1,0,0,0,0
"POINT (7.013287525000067 51.439522715000066)",Unfall 242962 (2019) Kat:2, Licht: 0,242962,2,4,6,06,18,2,0,0,0,1,1,0,0,0
"POINT (7.027704366000023 51.494034958000043)",Unfall 243038 (2019) Kat:3, Licht: 0,243038,3,7,0,06,14,1,0,0,1,0,0,0,0,0
"POINT (6.947459526000046 51.480363659000034)",Unfall 243125 (2019) Kat:3, Licht: 0,243125,3,4,6,06,14,6,0,0,0,1,1,0,0,0
"POINT (7.080920281000033 51.388498628000036)",Unfall 243126 (2019) Kat:3, Licht: 0,243126,3,1,0,06,20,6,0,0,1,0,0,0,0,0
"POINT (6.965425677000042 51.418182080000065)",Unfall 243127 (2019) Kat:2, Licht: 0,243127,2,3,5,06,18,6,0,0,1,1,0,0,0,0
"POINT (6.983284372000071 51.446766934000038)",Unfall 243128 (2019) Kat:3, Licht: 0,243128,3,1,0,06,13,6,0,0,0,0,0,1,0,0
"POINT (7.075411247000034 51.452954173000080)",Unfall 243129 (2019) Kat:3, Licht: 0,243129,3,4,6,06,07,6,0,0,0,1,1,0,0,0
"POINT (6.956807636000065 51.465114493000044)",Unfall 243229 (2019) Kat:3, Licht: 0,243229,3,7,5,06,14,5,0,0,0,1,0,0,0,0
"POINT (6.995691034000060 51.434882224000035)",Unfall 243230 (2019) Kat:3, Licht: 0,243230,3,3,0,06,08,5,0,0,1,1,0,0,0,0
"POINT (6.986674323000045 51.444625297000073)",Unfall 243231 (2019) Kat:2, Licht: 0,243231,2,4,6,06,14,5,0,0,0,0,1,0,0,1
"POINT (7.072466491000057 51.468435254000042)",Unfall 243232 (2019) Kat:3, Licht: 0,243232,3,2,5,06,11,5,0,0,0,1,0,0,0,0
"POINT (7.027322753000021 51.489206323000076)",Unfall 243324 (2019) Kat:3, Licht: 0,243324,3,7,8,06,09,4,0,0,0,1,0,0,0,0
"POINT (7.004524838000066 51.496401515000059)",Unfall 243326 (2019) Kat:3, Licht: 0,243326,3,7,0,06,13,4,0,0,1,1,0,0,0,0
"POINT (6.983819745000062 51.475958106000064)",Unfall 243327 (2019) Kat:3, Licht: 0,243327,3,7,1,06,11,4,0,0,0,1,0,1,0,0
"POINT (6.931948236000039 51.357729845000051)",Unfall 243328 (2019) Kat:3, Licht: 0,243328,3,6,2,06,18,4,0,0,0,1,0,0,0,0
"POINT (7.035644597000044 51.445436344000029)",Unfall 243329 (2019) Kat:3, Licht: 0,243329,3,7,5,06,07,4,0,0,1,1,0,0,0,0
"POINT (6.974803086000065 51.484370794000029)",Unfall 243361 (2019) Kat:3, Licht: 0,243361,3,6,0,07,14,2,0,0,0,0,0,1,0,0
"POINT (6.943830189000039 51.462868788000037)",Unfall 243362 (2019) Kat:2, Licht: 0,243362,2,2,5,07,21,2,0,0,0,0,0,1,0,1
"POINT (6.945364468000037 51.467592237000076)",Unfall 243363 (2019) Kat:2, Licht: 0,243363,2,4,6,07,13,2,0,0,0,1,1,0,0,0
"POINT (7.094854926000039 51.415426936000074)",Unfall 243364 (2019) Kat:3, Licht: 0,243364,3,1,9,07,05,2,0,0,0,1,0,0,0,0
"POINT (7.012559767000028 51.462005341000065)",Unfall 243365 (2019) Kat:3, Licht: 0,243365,3,6,2,07,11,2,0,0,0,1,0,1,0,0
"POINT (6.903161030000035 51.481803385000035)",Unfall 243515 (2019) Kat:2, Licht: 0,243515,2,4,6,06,20,7,0,0,0,1,1,0,0,0
"POINT (7.015920418000064 51.421959712000046)",Unfall 243516 (2019) Kat:3, Licht: 0,243516,3,6,4,06,10,7,0,0,1,0,0,0,0,0
"POINT (7.005537427000036 51.437668681000048)",Unfall 243666 (2019) Kat:2, Licht: 0,243666,2,2,5,07,18,4,0,0,1,1,0,0,0,0
"POINT (7.079837670000075 51.452339531000064)",Unfall 243667 (2019) Kat:3, Licht: 0,243667,3,5,1,07,21,4,0,0,1,1,0,0,0,0
"POINT (6.927622685000074 51.473776188000045)",Unfall 243767 (2019) Kat:2, Licht: 0,243767,2,2,5,07,11,3,0,0,1,1,0,0,0,0
"POINT (7.106628100000023 51.415211459000034)",Unfall 243768 (2019) Kat:2, Licht: 0,243768,2,1,0,07,18,3,0,0,1,0,0,0,0,0
"POINT (7.044290679000028 51.426265144000070)",Unfall 243769 (2019) Kat:3, Licht: 0,243769,3,1,0,07,09,3,0,0,1,0,0,0,0,0
"POINT (7.011216764000039 51.448215637000033)",Unfall 243770 (2019) Kat:3, Licht: 0,243770,3,2,5,07,12,3,0,0,1,1,0,0,0,0
"POINT (6.937192600000060 51.469484590000036)",Unfall 243891 (2019) Kat:3, Licht: 0,243891,3,6,3,07,19,7,0,0,1,1,0,0,0,0
"POINT (6.972494566000023 51.466354202000048)",Unfall 243892 (2019) Kat:3, Licht: 0,243892,3,4,6,07,20,7,1,0,1,0,1,0,0,0
"POINT (7.060148535000053 51.408195684000077)",Unfall 243893 (2019) Kat:3, Licht: 0,243893,3,6,2,07,16,7,0,0,0,1,0,0,0,0
"POINT (7.074911686000064 51.450192810000033)",Unfall 243894 (2019) Kat:2, Licht: 2,243894,2,4,6,07,23,7,1,2,0,1,1,0,0,0
"POINT (7.025570102000074 51.480804849000037)",Unfall 243972 (2019) Kat:2, Licht: 0,243972,2,4,6,07,14,6,0,0,0,1,1,0,0,0
"POINT (7.032762382000044 51.484458462000077)",Unfall 243973 (2019) Kat:3, Licht: 0,243973,3,6,2,07,07,6,0,0,0,1,0,1,0,0
"POINT (7.079871874000048 51.417968124000026)",Unfall 243974 (2019) Kat:3, Licht: 0,243974,3,3,0,07,15,6,0,0,0,0,0,0,0,1
"POINT (7.065580961000023 51.411144572000069)",Unfall 244090 (2019) Kat:2, Licht: 0,244090,2,1,0,07,07,5,0,0,0,0,0,1,0,0
"POINT (7.021260787000074 51.407987272000071)",Unfall 244119 (2019) Kat:3, Licht: 0,244119,3,6,0,07,10,4,0,0,1,0,1,0,0,0
"POINT (7.030342995000069 51.458999353000081)",Unfall 244207 (2019) Kat:2, Licht: 0,244207,2,7,4,07,18,3,0,0,0,1,0,1,0,0
"POINT (7.087579141000049 51.445294168000032)",Unfall 244208 (2019) Kat:3, Licht: 0,244208,3,4,6,07,12,3,0,0,0,1,1,0,0,0
"POINT (7.005425223000032 51.452031101000046)",Unfall 244209 (2019) Kat:2, Licht: 0,244209,2,4,6,07,10,3,0,0,0,1,1,0,0,0
"POINT (7.001947252000036 51.504055455000071)",Unfall 244288 (2019) Kat:3, Licht: 0,244288,3,3,5,07,07,2,0,0,0,1,0,0,0,0
"POINT (7.002661585000055 51.392010437000067)",Unfall 244289 (2019) Kat:3, Licht: 0,244289,3,3,5,07,13,2,0,0,0,1,0,0,0,0
"POINT (7.000144190000071 51.420491051000056)",Unfall 244290 (2019) Kat:3, Licht: 0,244290,3,7,1,07,12,2,0,0,0,1,0,0,0,0
"POINT (6.979866088000051 51.453639505000069)",Unfall 244291 (2019) Kat:2, Licht: 2,244291,2,1,0,07,22,2,0,2,0,0,0,1,0,0
"POINT (6.975438187000066 51.446101594000027)",Unfall 244292 (2019) Kat:3, Licht: 0,244292,3,1,0,07,16,2,0,0,0,0,0,1,0,0
"POINT (7.076754899000036 51.428894806000073)",Unfall 244293 (2019) Kat:3, Licht: 0,244293,3,2,6,07,09,2,0,0,0,1,1,0,0,0
"POINT (7.028527953000037 51.422482454000033)",Unfall 244358 (2019) Kat:2, Licht: 0,244358,2,4,6,07,17,1,0,0,0,1,1,0,0,0
"POINT (6.980138871000065 51.499999025000079)",Unfall 244398 (2019) Kat:3, Licht: 1,244398,3,3,5,07,04,7,0,1,0,1,0,0,0,0
"POINT (7.016710890000070 51.474974590000045)",Unfall 244399 (2019) Kat:3, Licht: 0,244399,3,3,5,07,13,7,0,0,0,1,0,0,0,0
"POINT (6.932330165000053 51.372707336000076)",Unfall 244400 (2019) Kat:2, Licht: 0,244400,2,6,2,07,10,7,1,0,0,1,0,0,0,0
"POINT (7.012300712000069 51.405459484000062)",Unfall 244401 (2019) Kat:3, Licht: 0,244401,3,3,5,07,16,7,0,0,1,1,0,0,0,0
"POINT (7.045334358000048 51.500467326000035)",Unfall 244557 (2019) Kat:2, Licht: 2,244557,2,1,0,07,01,5,1,2,1,0,0,0,0,0
"POINT (7.003996462000032 51.432285961000048)",Unfall 244558 (2019) Kat:3, Licht: 0,244558,3,7,6,07,20,5,0,0,1,0,1,0,0,0
"POINT (7.014751934000060 51.503546941000081)",Unfall 244676 (2019) Kat:3, Licht: 0,244676,3,2,6,07,10,5,0,0,0,1,1,0,0,0
"POINT (7.031684609000024 51.436945556000069)",Unfall 244748 (2019) Kat:3, Licht: 0,244748,3,6,3,07,15,4,0,0,0,1,0,1,0,0
"POINT (7.004511509000054 51.434139986000048)",Unfall 244749 (2019) Kat:3, Licht: 0,244749,3,7,0,07,14,4,0,0,0,0,0,0,0,1
"POINT (6.990054118000046 51.436394977000077)",Unfall 244750 (2019) Kat:2, Licht: 0,244750,2,7,6,07,13,4,0,0,0,1,1,0,0,0
"POINT (7.114148084000021 51.433968461000063)",Unfall 244751 (2019) Kat:3, Licht: 0,244751,3,1,0,07,15,4,0,0,0,0,0,1,0,0
"POINT (7.080321826000045 51.452012776000061)",Unfall 244752 (2019) Kat:3, Licht: 0,244752,3,7,0,07,17,4,0,0,1,0,0,0,0,0
"POINT (6.987789825000050 51.477427179000074)",Unfall 244865 (2019) Kat:3, Licht: 0,244865,3,3,5,07,16,2,0,0,1,1,0,0,0,0
"POINT (6.974751539000067 51.452273549000040)",Unfall 244867 (2019) Kat:3, Licht: 0,244867,3,5,0,07,14,2,0,0,0,1,0,0,0,1
"POINT (7.053472898000052 51.472156368000071)",Unfall 244868 (2019) Kat:3, Licht: 0,244868,3,3,5,07,09,2,0,0,0,1,0,0,0,0
"POINT (7.075417910000056 51.467664957000068)",Unfall 244869 (2019) Kat:2, Licht: 0,244869,2,3,5,07,11,2,0,0,0,1,0,0,0,0
"POINT (6.927587068000037 51.471980614000074)",Unfall 244962 (2019) Kat:3, Licht: 0,244962,3,4,6,07,08,2,0,0,0,1,1,0,0,0
"POINT (6.974112868000020 51.415393818000041)",Unfall 244964 (2019) Kat:3, Licht: 0,244964,3,3,5,07,18,2,0,0,0,1,0,0,0,0
"POINT (6.947459526000046 51.480363659000034)",Unfall 245005 (2019) Kat:3, Licht: 2,245005,3,4,0,07,00,3,0,2,0,1,1,0,0,0
"POINT (7.004322145000060 51.443574107000074)",Unfall 245015 (2019) Kat:3, Licht: 0,245015,3,7,0,07,07,3,0,0,1,0,0,0,0,0
"POINT (6.997329352000065 51.428783159000034)",Unfall 245023 (2019) Kat:3, Licht: 0,245023,3,6,4,07,09,1,0,0,1,0,0,0,0,0
"POINT (6.971107603000064 51.488395509000043)",Unfall 245075 (2019) Kat:2, Licht: 0,245075,2,1,0,07,15,7,0,0,1,0,0,0,0,0
"POINT (7.065554181000039 51.391828125000075)",Unfall 245150 (2019) Kat:3, Licht: 0,245150,3,3,5,07,14,6,0,0,1,1,0,0,0,0
"POINT (7.033373291000032 51.449103354000044)",Unfall 245194 (2019) Kat:3, Licht: 0,245194,3,5,1,07,15,6,0,0,0,1,0,0,0,0
"POINT (7.059046140000021 51.475644795000051)",Unfall 245276 (2019) Kat:3, Licht: 0,245276,3,1,0,07,18,5,0,0,1,0,0,0,0,0
"POINT (7.066907232000062 51.405538755000066)",Unfall 245287 (2019) Kat:2, Licht: 0,245287,2,5,1,07,13,7,0,0,0,1,0,0,0,0
"POINT (6.967497907000052 51.440256918000046)",Unfall 245305 (2019) Kat:3, Licht: 0,245305,3,1,0,07,17,7,1,0,1,0,0,0,0,0
"POINT (6.974241620000043 51.415480584000079)",Unfall 245362 (2019) Kat:2, Licht: 0,245362,2,3,5,07,17,4,0,0,0,1,0,0,0,0
"POINT (7.018452928000045 51.412774853000030)",Unfall 245475 (2019) Kat:3, Licht: 0,245475,3,7,0,07,16,4,0,0,0,0,0,1,0,0
"POINT (6.990268955000033 51.437071484000057)",Unfall 245476 (2019) Kat:3, Licht: 0,245476,3,6,1,07,18,4,0,0,0,1,0,0,0,0
"POINT (6.978306299000053 51.449789439000028)",Unfall 245477 (2019) Kat:2, Licht: 0,245477,2,1,8,07,18,4,1,0,0,1,0,1,0,0