WKT,Name,OBJECTID,UKATEGORIE,UTYP1,UART,UMONAT,USTUNDE,UWOCHENTAG,STRZUSTAND,ULICHTVERH,ISTRAD,ISTPKW,ISTFUSS,ISTKRAD,ISTGKFZ,ISTSONSTIG
"POINT (7.014887746000056 51.432322136000039)",Unfall 245535 (2019) Kat:3, Licht: 0,245535,3,1,1,07,15,3,0,0,1,1,0,0,0,0
"POINT (6.996780424000065 51.483014369000045)",Unfall 245598 (2019) Kat:3, Licht: 0,245598,3,5,1,07,18,2,0,0,0,1,0,0,0,0
"POINT (6.940992546000075 51.470175394000080)",Unfall 245599 (2019) Kat:3, Licht: 0,245599,3,6,2,07,16,2,0,0,0,1,0,0,0,0
"POINT (7.081813191000038 51.386016019000067)",Unfall 245600 (2019) Kat:3, Licht: 0,245600,3,7,9,07,09,2,0,0,0,1,0,0,0,0
"POINT (7.067471616000034 51.402446226000052)",Unfall 245601 (2019) Kat:2, Licht: 0,245601,2,4,6,07,11,2,0,0,0,1,1,0,0,0
"POINT (6.983770869000068 51.438836859000048)",Unfall 245602 (2019) Kat:3, Licht: 0,245602,3,3,5,07,17,2,0,0,0,1,0,1,0,0
"POINT (7.073422853000068 51.460864276000052)",Unfall 245603 (2019) Kat:3, Licht: 0,245603,3,4,6,07,16,2,0,0,0,1,1,0,0,0
"POINT (6.957386540000073 51.472482597000067)",Unfall 245652 (2019) Kat:3, Licht: 2,245652,3,1,9,07,23,1,1,2,0,1,0,0,0,0
"POINT (7.011959645000047 51.439436659000080)",Unfall 245772 (2019) Kat:3, Licht: 1,245772,3,1,0,08,01,7,1,1,1,0,0,0,0,0
"POINT (6.991097672000024 51.423384927000029)",Unfall 245824 (2019) Kat:3, Licht: 0,245824,3,1,0,08,11,6,1,0,0,0,0,1,0,0
"POINT (7.109966162000035 51.447067993000076)",Unfall 245825 (2019) Kat:3, Licht: 0,245825,3,6,2,08,14,6,0,0,0,1,0,0,0,0
"POINT (6.988257278000049 51.440482864000046)",Unfall 245923 (2019) Kat:3, Licht: 0,245923,3,6,2,08,13,5,0,0,0,1,0,1,0,0
"POINT (7.002942463000068 51.388510590000067)",Unfall 245995 (2019) Kat:3, Licht: 0,245995,3,4,6,08,12,5,0,0,0,1,1,0,0,0
"POINT (7.043792122000070 51.430368635000036)",Unfall 246064 (2019) Kat:3, Licht: 0,246064,3,1,1,08,15,4,0,0,1,1,0,0,0,0
"POINT (7.017675547000067 51.506117945000028)",Unfall 246120 (2019) Kat:3, Licht: 0,246120,3,7,0,08,09,3,0,0,1,1,0,0,0,0
"POINT (7.016442498000060 51.484933684000055)",Unfall 246176 (2019) Kat:3, Licht: 0,246176,3,7,0,08,13,2,0,0,0,1,0,0,0,0
"POINT (7.001112957000032 51.422131423000053)",Unfall 246177 (2019) Kat:3, Licht: 0,246177,3,2,4,08,15,2,0,0,1,1,0,0,0,0
"POINT (6.999822750000021 51.449119324000037)",Unfall 246178 (2019) Kat:3, Licht: 0,246178,3,3,5,08,14,2,0,0,0,1,0,0,0,0
"POINT (6.995686322000040 51.448353980000036)",Unfall 246179 (2019) Kat:2, Licht: 0,246179,2,3,0,08,16,2,0,0,0,1,0,1,0,0
"POINT (6.980138871000065 51.499999025000079)",Unfall 246283 (2019) Kat:3, Licht: 0,246283,3,6,2,08,16,2,1,0,0,1,0,0,1,0
"POINT (7.012893243000065 51.453498497000055)",Unfall 246284 (2019) Kat:3, Licht: 0,246284,3,6,6,08,14,2,0,0,1,0,1,0,0,0
"POINT (6.956747988000075 51.437034020000056)",Unfall 246327 (2019) Kat:2, Licht: 0,246327,2,1,0,08,11,1,0,0,1,0,0,0,0,0
"POINT (6.981098460000055 51.462255903000028)",Unfall 246373 (2019) Kat:2, Licht: 0,246373,2,4,6,08,19,7,0,0,0,1,1,0,0,0
"POINT (6.984378289000063 51.489441434000071)",Unfall 246487 (2019) Kat:3, Licht: 0,246487,3,4,6,08,16,7,0,0,0,0,1,0,0,1
"POINT (7.015237484000068 51.487305395000078)",Unfall 246488 (2019) Kat:3, Licht: 0,246488,3,7,0,08,13,7,0,0,0,1,0,0,0,1
"POINT (6.983771413000056 51.434445995000033)",Unfall 246489 (2019) Kat:3, Licht: 2,246489,3,2,8,08,01,7,1,2,1,0,0,0,0,0
"POINT (7.078067207000061 51.461378953000064)",Unfall 246490 (2019) Kat:3, Licht: 2,246490,3,7,6,08,04,7,0,2,0,1,1,0,0,0
"POINT (7.070165313000075 51.448594234000041)",Unfall 246491 (2019) Kat:2, Licht: 0,246491,2,7,6,08,13,7,0,0,0,1,1,0,0,0
"POINT (7.018216620000032 51.469900099000029)",Unfall 246492 (2019) Kat:2, Licht: 1,246492,2,3,5,08,19,7,1,1,0,1,0,0,0,0
"POINT (7.001599597000052 51.463555004000057)",Unfall 246493 (2019) Kat:3, Licht: 2,246493,3,4,6,08,01,7,1,2,0,1,1,0,0,0
"POINT (7.027981344000068 51.495134357000040)",Unfall 246537 (2019) Kat:3, Licht: 0,246537,3,3,5,08,10,6,0,0,0,1,0,0,0,0
"POINT (6.994006575000071 51.442934492000063)",Unfall 246538 (2019) Kat:2, Licht: 0,246538,2,1,0,08,18,6,0,0,0,0,0,0,0,1
"POINT (6.938159332000055 51.469638745000054)",Unfall 246613 (2019) Kat:3, Licht: 0,246613,3,7,5,08,09,5,0,0,1,0,0,0,0,0
"POINT (6.996949444000052 51.384450552000033)",Unfall 246772 (2019) Kat:2, Licht: 0,246772,2,4,6,08,10,5,0,0,0,1,1,0,0,0
"POINT (7.054947150000032 51.433321218000060)",Unfall 246773 (2019) Kat:3, Licht: 0,246773,3,6,4,08,16,5,0,0,1,1,0,0,0,0
"POINT (7.011978428000020 51.439438890000076)",Unfall 246774 (2019) Kat:2, Licht: 0,246774,2,1,0,08,12,5,0,0,1,0,0,0,0,0
"POINT (7.059829913000044 51.405002362000062)",Unfall 246842 (2019) Kat:3, Licht: 0,246842,3,3,5,08,18,4,0,0,1,1,0,0,0,0
"POINT (7.004559073000053 51.459053675000064)",Unfall 246843 (2019) Kat:3, Licht: 2,246843,3,1,9,08,22,4,0,2,0,1,0,0,0,0
"POINT (6.994039690000022 51.459145772000056)",Unfall 246844 (2019) Kat:2, Licht: 0,246844,2,6,2,08,17,4,0,0,0,1,0,0,0,0
"POINT (6.996129490000044 51.436143043000072)",Unfall 246912 (2019) Kat:3, Licht: 0,246912,3,7,1,08,16,3,0,0,1,1,0,0,0,0
"POINT (7.002458425000043 51.426751560000071)",Unfall 246913 (2019) Kat:3, Licht: 0,246913,3,2,5,08,15,3,0,0,1,1,0,0,0,0
"POINT (6.993728199000032 51.384699649000027)",Unfall 247014 (2019) Kat:3, Licht: 0,247014,3,2,2,08,13,2,0,0,0,0,0,1,0,0
"POINT (6.920558061000065 51.465247219000048)",Unfall 247085 (2019) Kat:3, Licht: 0,247085,3,7,3,08,14,1,0,0,1,1,0,0,0,0
"POINT (6.967083578000029 51.463971728000047)",Unfall 247086 (2019) Kat:3, Licht: 0,247086,3,3,5,08,14,1,0,0,0,1,0,0,0,0
"POINT (6.967632712000068 51.447242844000073)",Unfall 247087 (2019) Kat:3, Licht: 2,247087,3,7,6,08,02,1,0,2,1,0,1,0,0,0
"POINT (7.083174412000062 51.471795556000075)",Unfall 247088 (2019) Kat:3, Licht: 0,247088,3,2,2,08,11,1,0,0,1,1,0,0,0,0
"POINT (6.942385211000044 51.354282739000041)",Unfall 247233 (2019) Kat:2, Licht: 0,247233,2,6,4,08,08,6,0,0,0,1,0,0,0,0
"POINT (7.024422278000031 51.439272400000050)",Unfall 247234 (2019) Kat:3, Licht: 0,247234,3,3,0,08,17,6,0,0,1,1,0,0,0,0
"POINT (7.001654677000033 51.448834795000039)",Unfall 247235 (2019) Kat:3, Licht: 0,247235,3,3,5,08,07,6,0,0,1,1,0,0,0,0
"POINT (7.003388532000031 51.498583980000035)",Unfall 247322 (2019) Kat:3, Licht: 0,247322,3,5,6,08,13,5,0,0,0,1,1,0,0,0
"POINT (7.007612675000075 51.503833208000060)",Unfall 247323 (2019) Kat:3, Licht: 2,247323,3,7,0,08,20,5,0,2,1,1,0,0,0,0
"POINT (6.927436591000060 51.458837868000046)",Unfall 247324 (2019) Kat:3, Licht: 0,247324,3,7,0,08,13,5,1,0,1,0,0,0,0,0
"POINT (6.933658648000062 51.374614929000074)",Unfall 247325 (2019) Kat:3, Licht: 0,247325,3,3,5,08,11,5,0,0,0,1,0,0,0,0
"POINT (7.026679024000032 51.454213735000053)",Unfall 247327 (2019) Kat:3, Licht: 0,247327,3,3,5,08,16,5,0,0,1,1,0,0,0,0
"POINT (7.024471805000076 51.437139222000042)",Unfall 247403 (2019) Kat:3, Licht: 0,247403,3,2,0,08,18,4,0,0,1,1,0,0,0,0
"POINT (7.019647504000034 51.468322934000071)",Unfall 247404 (2019) Kat:3, Licht: 0,247404,3,7,6,08,14,4,0,0,0,1,1,0,0,0
"POINT (7.014839164000023 51.432300463000047)",Unfall 247486 (2019) Kat:2, Licht: 0,247486,2,2,5,08,09,3,0,0,1,1,0,0,0,0
"POINT (7.003602542000067 51.453484410000044)",Unfall 247487 (2019) Kat:3, Licht: 0,247487,3,6,2,08,14,3,0,0,0,1,0,1,0,0
"POINT (7.005963876000067 51.495680408000055)",Unfall 247544 (2019) Kat:3, Licht: 0,247544,3,2,6,09,18,2,0,0,0,1,1,0,0,0
"POINT (7.012096471000064 51.451924549000069)",Unfall 247545 (2019) Kat:3, Licht: 2,247545,3,7,1,09,01,2,0,2,1,1,0,0,0,0
"POINT (7.042746350000073 51.390450706000081)",Unfall 247604 (2019) Kat:3, Licht: 0,247604,3,1,0,09,16,1,0,0,0,0,0,1,0,0
"POINT (7.008477847000052 51.452909338000040)",Unfall 247605 (2019) Kat:3, Licht: 0,247605,3,5,1,09,20,1,0,0,1,1,0,0,0,0
"POINT (7.027981344000068 51.495134357000040)",Unfall 247682 (2019) Kat:3, Licht: 0,247682,3,3,5,08,08,7,0,0,0,1,0,0,0,0
"POINT (7.014298389000032 51.480813168000054)",Unfall 247683 (2019) Kat:3, Licht: 2,247683,3,6,3,08,05,7,0,2,1,1,0,0,0,0
"POINT (6.948107860000050 51.480104441000037)",Unfall 247684 (2019) Kat:3, Licht: 0,247684,3,7,0,08,13,7,0,0,0,0,0,0,0,1
"POINT (6.929856678000022 51.363190940000038)",Unfall 247685 (2019) Kat:3, Licht: 0,247685,3,7,0,08,14,7,0,0,1,0,1,0,0,0
"POINT (7.036828247000074 51.410919322000041)",Unfall 247686 (2019) Kat:2, Licht: 0,247686,2,3,6,08,09,7,0,0,0,1,1,0,0,0
"POINT (6.985567006000053 51.447027054000046)",Unfall 247688 (2019) Kat:2, Licht: 1,247688,2,1,0,08,22,7,1,1,0,0,0,1,0,0
"POINT (7.009558973000026 51.457204894000029)",Unfall 247689 (2019) Kat:3, Licht: 0,247689,3,7,0,08,14,7,0,0,0,0,0,0,0,1
"POINT (7.038284704000034 51.489132488000052)",Unfall 247771 (2019) Kat:2, Licht: 0,247771,2,7,0,09,14,6,0,0,0,0,0,0,0,1
"POINT (7.055053268000052 51.441379944000062)",Unfall 247772 (2019) Kat:3, Licht: 0,247772,3,4,6,09,17,6,0,0,0,0,1,0,0,1
"POINT (7.078501376000077 51.428929415000027)",Unfall 247851 (2019) Kat:3, Licht: 0,247851,3,4,6,09,13,5,0,0,0,1,1,0,0,0
"POINT (7.015444695000042 51.441351769000050)",Unfall 247852 (2019) Kat:3, Licht: 0,247852,3,7,0,09,14,5,0,0,1,0,0,0,0,0
"POINT (7.042934747000061 51.500581440000076)",Unfall 247916 (2019) Kat:3, Licht: 0,247916,3,3,5,09,15,4,0,0,0,1,0,0,0,1
"POINT (7.005640195000069 51.479808176000063)",Unfall 247917 (2019) Kat:3, Licht: 0,247917,3,4,6,09,16,4,0,0,0,1,1,0,0,0
"POINT (6.958380607000038 51.475166313000045)",Unfall 247918 (2019) Kat:3, Licht: 0,247918,3,7,6,09,11,4,0,0,0,1,1,0,0,0
"POINT (7.020805152000037 51.440444847000037)",Unfall 247919 (2019) Kat:3, Licht: 2,247919,3,5,1,09,02,4,0,2,0,1,0,0,0,0
"POINT (7.019879005000064 51.461550181000064)",Unfall 248004 (2019) Kat:3, Licht: 0,248004,3,1,0,09,16,3,0,0,0,1,0,1,0,0
"POINT (7.006264096000052 51.469557694000059)",Unfall 248010 (2019) Kat:3, Licht: 0,248010,3,3,5,09,16,3,0,0,1,1,0,0,0,0
"POINT (7.010475916000075 51.490478246000066)",Unfall 248050 (2019) Kat:3, Licht: 0,248050,3,3,5,09,07,3,0,0,1,1,0,0,0,0
"POINT (7.009203021000076 51.454110589000038)",Unfall 248051 (2019) Kat:3, Licht: 0,248051,3,7,0,09,11,3,0,0,1,1,0,0,0,0
"POINT (7.050349140000037 51.499859702000037)",Unfall 248112 (2019) Kat:3, Licht: 0,248112,3,7,6,09,13,2,0,0,0,1,1,0,0,0
"POINT (6.977271187000042 51.432200566000063)",Unfall 248113 (2019) Kat:3, Licht: 0,248113,3,7,6,09,09,2,0,0,0,1,1,0,0,0
"POINT (6.988599980000060 51.459552399000074)",Unfall 248114 (2019) Kat:3, Licht: 2,248114,3,2,5,09,21,2,0,2,1,1,0,0,0,0
"POINT (6.973208350000050 51.463754431000041)",Unfall 248158 (2019) Kat:3, Licht: 0,248158,3,3,5,09,17,1,0,0,1,1,0,0,0,0
"POINT (7.007768492000025 51.468187859000068)",Unfall 248211 (2019) Kat:3, Licht: 0,248211,3,2,5,09,15,7,0,0,0,1,0,0,0,0
"POINT (7.003283813000053 51.462410737000027)",Unfall 248212 (2019) Kat:3, Licht: 0,248212,3,2,5,09,09,7,0,0,1,1,0,0,0,0
"POINT (6.956718235000039 51.489247411000065)",Unfall 248379 (2019) Kat:3, Licht: 0,248379,3,4,6,09,15,5,0,0,0,1,1,0,0,0
"POINT (6.926716058000068 51.467440569000075)",Unfall 248380 (2019) Kat:3, Licht: 0,248380,3,7,1,09,16,5,0,0,0,1,0,1,0,0
"POINT (6.997445019000054 51.461972657000047)",Unfall 248381 (2019) Kat:3, Licht: 0,248381,3,2,5,09,16,5,0,0,1,1,0,0,0,0
"POINT (6.990077121000070 51.437744253000062)",Unfall 248467 (2019) Kat:3, Licht: 2,248467,3,4,6,09,20,4,1,2,0,1,1,0,0,0
"POINT (7.096266388000061 51.437902509000025)",Unfall 248468 (2019) Kat:3, Licht: 0,248468,3,6,2,09,09,4,0,0,0,1,0,0,0,0
"POINT (7.021975613000052 51.440304437000066)",Unfall 248469 (2019) Kat:3, Licht: 0,248469,3,2,3,09,14,4,1,0,1,1,0,0,0,0
"POINT (7.057103267000059 51.493872464000049)",Unfall 248567 (2019) Kat:3, Licht: 2,248567,3,1,8,09,21,3,0,2,1,0,0,0,0,0
"POINT (7.030788003000055 51.445144900000059)",Unfall 248568 (2019) Kat:3, Licht: 0,248568,3,7,6,09,15,3,0,0,0,1,1,0,0,0
"POINT (7.007494176000023 51.451624266000067)",Unfall 248569 (2019) Kat:3, Licht: 2,248569,3,3,5,09,22,3,0,2,1,1,0,0,0,0
"POINT (6.952501744000074 51.472232134000080)",Unfall 248618 (2019) Kat:3, Licht: 0,248618,3,3,5,09,14,2,1,0,1,1,0,0,0,0
"POINT (6.952521280000042 51.472249900000065)",Unfall 248619 (2019) Kat:3, Licht: 0,248619,3,7,5,09,14,2,1,0,1,1,0,0,0,0
"POINT (6.933635795000043 51.374257581000052)",Unfall 248620 (2019) Kat:3, Licht: 0,248620,3,7,6,09,18,2,1,0,0,1,1,0,0,0
"POINT (7.009447608000073 51.464713739000047)",Unfall 248621 (2019) Kat:3, Licht: 0,248621,3,6,3,09,13,2,1,0,1,0,0,0,0,1
"POINT (7.021211861000040 51.460262748000048)",Unfall 248622 (2019) Kat:2, Licht: 0,248622,2,7,0,09,15,2,1,0,1,0,0,0,0,0
"POINT (7.040952545000039 51.394722139000066)",Unfall 248688 (2019) Kat:3, Licht: 0,248688,3,6,4,09,17,1,0,0,1,1,0,0,0,0
"POINT (7.011132785000029 51.501438400000040)",Unfall 248748 (2019) Kat:3, Licht: 0,248748,3,6,6,09,17,7,0,0,1,0,1,0,0,0
"POINT (7.000582846000043 51.387730397000041)",Unfall 248749 (2019) Kat:3, Licht: 0,248749,3,2,6,09,11,7,0,0,0,1,1,0,0,0
"POINT (7.001021435000041 51.422108205000029)",Unfall 248751 (2019) Kat:3, Licht: 0,248751,3,7,3,09,10,7,0,0,0,1,0,0,0,1
"POINT (7.122871817000032 51.416625142000044)",Unfall 248829 (2019) Kat:3, Licht: 0,248829,3,2,6,09,10,6,0,0,0,1,1,0,0,0
"POINT (7.027323105000050 51.441203853000047)",Unfall 248830 (2019) Kat:2, Licht: 0,248830,2,3,5,09,16,6,0,0,1,1,0,0,0,0
"POINT (7.001040189000037 51.472556450000070)",Unfall 248832 (2019) Kat:3, Licht: 0,248832,3,7,1,09,13,6,0,0,0,1,0,1,0,0
"POINT (6.993391065000026 51.408808119000071)",Unfall 248942 (2019) Kat:3, Licht: 0,248942,3,6,1,09,13,5,0,0,0,1,0,0,0,0
"POINT (7.073847494000063 51.447444496000060)",Unfall 248943 (2019) Kat:2, Licht: 0,248943,2,4,6,09,07,5,0,0,0,1,1,0,0,0
"POINT (7.043079922000061 51.469297725000047)",Unfall 249025 (2019) Kat:3, Licht: 2,249025,3,4,6,09,06,4,0,2,0,1,1,0,0,0
"POINT (7.045237853000060 51.441309709000052)",Unfall 249026 (2019) Kat:3, Licht: 0,249026,3,3,5,09,08,4,0,0,1,1,0,0,0,0
"POINT (6.988765829000045 51.440551611000046)",Unfall 249027 (2019) Kat:2, Licht: 0,249027,2,5,5,09,10,4,0,0,1,1,0,0,0,0
"POINT (7.080058814000040 51.446607745000051)",Unfall 249028 (2019) Kat:3, Licht: 0,249028,3,2,0,09,19,4,0,0,1,1,0,0,0,0
"POINT (7.021049836000032 51.469880789000058)",Unfall 249029 (2019) Kat:3, Licht: 2,249029,3,3,5,09,20,4,0,2,1,1,0,0,0,0
"POINT (6.949301728000023 51.479554138000026)",Unfall 249041 (2019) Kat:3, Licht: 0,249041,3,7,0,09,16,3,0,0,1,0,0,0,0,0
"POINT (6.989660099000048 51.440710582000065)",Unfall 249043 (2019) Kat:3, Licht: 0,249043,3,7,6,09,15,3,0,0,0,1,1,0,0,0
"POINT (7.075326150000024 51.467640107000079)",Unfall 249044 (2019) Kat:2, Licht: 0,249044,2,6,3,09,11,3,0,0,0,1,0,1,0,0
"POINT (7.022255295000036 51.467036982000081)",Unfall 249045 (2019) Kat:3, Licht: 0,249045,3,7,1,09,18,3,0,0,0,1,0,0,0,0
"POINT (7.015856002000021 51.454653439000026)",Unfall 249046 (2019) Kat:3, Licht: 2,249046,3,6,3,09,20,3,1,2,0,1,0,0,0,0
"POINT (7.074323813000035 51.459219185000052)",Unfall 249135 (2019) Kat:3, Licht: 0,249135,3,3,5,09,14,2,0,0,0,1,0,0,0,0
"POINT (7.080705923000039 51.452813596000055)",Unfall 249136 (2019) Kat:2, Licht: 0,249136,2,1,0,09,12,2,1,0,1,0,0,0,0,0
"POINT (6.983042748000059 51.458676811000032)",Unfall 249137 (2019) Kat:3, Licht: 2,249137,3,7,9,09,20,2,0,2,0,1,0,0,0,0
"POINT (6.929180043000031 51.461710751000055)",Unfall 249201 (2019) Kat:3, Licht: 0,249201,3,6,6,09,13,1,0,0,0,1,1,0,0,0
"POINT (6.932330165000053 51.372707336000076)",Unfall 249202 (2019) Kat:3, Licht: 0,249202,3,1,0,09,14,1,0,0,1,0,0,0,0,0
"POINT (7.099651649000066 51.397834218000071)",Unfall 249203 (2019) Kat:3, Licht: 2,249203,3,1,0,09,03,1,0,2,0,0,0,0,0,1
"POINT (7.084408096000061 51.470050164000043)",Unfall 249204 (2019) Kat:2, Licht: 0,249204,2,2,4,09,10,1,0,0,1,1,0,0,0,0
"POINT (7.079880074000073 51.458261741000058)",Unfall 249205 (2019) Kat:3, Licht: 0,249205,3,3,5,09,11,1,0,0,1,1,0,0,0,0
"POINT (6.982519710000076 51.453196767000065)",Unfall 249278 (2019) Kat:2, Licht: 0,249278,2,1,0,09,18,7,0,0,1,0,0,0,0,0
"POINT (7.002271141000051 51.463730834000046)",Unfall 249279 (2019) Kat:3, Licht: 0,249279,3,6,3,09,09,7,0,0,0,1,0,1,0,0
"POINT (6.940121327000043 51.462401369000077)",Unfall 249340 (2019) Kat:2, Licht: 0,249340,2,3,5,09,11,6,0,0,0,1,0,0,0,0
"POINT (7.076051919000065 51.419471298000076)",Unfall 249342 (2019) Kat:3, Licht: 0,249342,3,3,5,09,10,6,0,0,0,1,0,0,0,0
"POINT (7.005036535000045 51.435879525000075)",Unfall 249343 (2019) Kat:3, Licht: 0,249343,3,4,6,09,15,6,0,0,1,0,1,0,0,0
"POINT (7.047435259000054 51.459161888000040)",Unfall 249344 (2019) Kat:3, Licht: 2,249344,3,1,9,09,22,6,1,2,0,1,0,0,0,0
"POINT (7.009237144000053 51.456027843000072)",Unfall 249345 (2019) Kat:3, Licht: 0,249345,3,5,1,09,17,6,0,0,0,1,0,0,0,1
"POINT (6.981618156000025 51.463213847000077)",Unfall 249443 (2019) Kat:3, Licht: 0,249443,3,6,2,09,13,5,1,0,0,1,0,0,0,0
"POINT (7.006716874000063 51.427508470000078)",Unfall 249444 (2019) Kat:3, Licht: 0,249444,3,7,6,09,11,5,1,0,0,0,1,0,1,0
"POINT (7.026379796000072 51.469934592000072)",Unfall 249446 (2019) Kat:2, Licht: 0,249446,2,1,0,09,13,5,1,0,0,0,0,1,0,0
"POINT (7.097311830000024 51.435102934000042)",Unfall 249527 (2019) Kat:3, Licht: 0,249527,3,1,8,09,14,4,0,0,0,1,0,0,0,1
"POINT (7.052696080000033 51.442642724000052)",Unfall 249528 (2019) Kat:3, Licht: 0,249528,3,7,0,09,07,4,1,0,1,0,0,0,0,1
"POINT (7.009459118000052 51.502001068000027)",Unfall 249571 (2019) Kat:3, Licht: 0,249571,3,3,5,10,09,4,0,0,0,1,0,0,0,0
"POINT (7.007715903000076 51.443725125000071)",Unfall 249572 (2019) Kat:3, Licht: 2,249572,3,7,5,10,19,4,1,2,0,1,0,0,0,0
"POINT (6.983536843000024 51.469109439000079)",Unfall 249666 (2019) Kat:3, Licht: 0,249666,3,2,5,10,14,3,1,0,0,1,0,0,0,0
"POINT (7.040928170000029 51.448233117000029)",Unfall 249667 (2019) Kat:2, Licht: 0,249667,2,6,3,10,13,3,1,0,0,1,0,1,0,0
"POINT (7.000585020000074 51.474328118000074)",Unfall 249748 (2019) Kat:3, Licht: 0,249748,3,2,5,09,08,2,1,0,1,1,0,0,0,0
"POINT (7.101924918000066 51.465884815000038)",Unfall 249780 (2019) Kat:3, Licht: 1,249780,3,1,0,09,18,1,1,1,0,0,0,1,0,0
"POINT (7.010008484000025 51.463652196000055)",Unfall 249781 (2019) Kat:3, Licht: 2,249781,3,6,1,09,19,1,1,2,0,1,0,0,0,0
"POINT (7.030495528000074 51.450443566000047)",Unfall 249844 (2019) Kat:3, Licht: 0,249844,3,7,6,10,13,2,1,0,0,1,1,0,0,0
"POINT (6.983311370000024 51.456075487000078)",Unfall 249845 (2019) Kat:3, Licht: 0,249845,3,2,5,10,16,2,0,0,1,1,0,0,0,0
"POINT (7.060850109000057 51.487985894000076)",Unfall 249896 (2019) Kat:3, Licht: 0,249896,3,6,2,10,17,1,1,0,0,1,0,0,0,0
"POINT (7.016719264000074 51.474952055000074)",Unfall 249897 (2019) Kat:3, Licht: 2,249897,3,3,5,10,21,1,1,2,0,1,0,0,0,0
"POINT (7.014103409000029 51.452048781000030)",Unfall 249898 (2019) Kat:3, Licht: 2,249898,3,7,0,10,22,1,1,2,0,0,0,0,0,1
"POINT (7.034718273000067 51.394120655000052)",Unfall 249941 (2019) Kat:3, Licht: 0,249941,3,6,6,10,11,7,0,0,0,1,1,0,0,0
"POINT (7.069613170000025 51.443412297000066)",Unfall 249942 (2019) Kat:3, Licht: 0,249942,3,2,5,10,10,7,0,0,0,1,0,0,0,0
"POINT (7.013177036000059 51.452100277000056)",Unfall 249943 (2019) Kat:3, Licht: 2,249943,3,7,0,10,03,7,1,2,0,0,0,0,0,1
"POINT (6.967999452000072 51.486028464000071)",Unfall 250017 (2019) Kat:3, Licht: 1,250017,3,2,6,10,18,6,1,1,0,1,1,0,0,0
"POINT (7.085506025000029 51.390525373000060)",Unfall 250019 (2019) Kat:3, Licht: 0,250019,3,4,6,10,11,6,1,0,0,1,1,0,0,0
"POINT (6.985372039000026 51.447492462000071)",Unfall 250020 (2019) Kat:3, Licht: 0,250020,3,6,4,10,15,6,1,0,0,1,0,0,0,0
"POINT (7.005629819000035 51.429965156000037)",Unfall 250057 (2019) Kat:3, Licht: 0,250057,3,7,0,10,12,5,0,0,1,0,0,0,0,0
"POINT (7.036571467000044 51.432191557000067)",Unfall 250100 (2019) Kat:3, Licht: 1,250100,3,4,6,10,07,3,1,1,0,1,1,0,0,0
"POINT (7.010333810000077 51.469021987000076)",Unfall 250101 (2019) Kat:3, Licht: 0,250101,3,6,3,10,16,3,0,0,0,1,0,0,1,0
"POINT (6.938682854000035 51.367130804000055)",Unfall 250126 (2019) Kat:3, Licht: 0,250126,3,7,6,10,13,6,0,0,0,1,1,0,0,0
"POINT (7.035154091000038 51.454383280000059)",Unfall 250127 (2019) Kat:3, Licht: 1,250127,3,7,6,10,18,6,0,1,0,1,1,0,0,0
"POINT (7.018210825000040 51.446501928000032)",Unfall 250128 (2019) Kat:3, Licht: 0,250128,3,4,6,10,14,6,1,0,0,1,1,0,0,0
"POINT (7.029208520000054 51.484028122000041)",Unfall 250195 (2019) Kat:3, Licht: 0,250195,3,4,6,10,07,5,0,0,0,1,1,0,0,0
"POINT (7.083866202000024 51.467077703000029)",Unfall 250196 (2019) Kat:3, Licht: 0,250196,3,7,1,10,10,5,0,0,0,1,0,0,0,0
"POINT (6.937657330000036 51.371041578000074)",Unfall 250254 (2019) Kat:3, Licht: 0,250254,3,7,1,10,11,4,0,0,0,1,0,1,0,0
"POINT (6.986766925000040 51.452671683000062)",Unfall 250255 (2019) Kat:2, Licht: 0,250255,2,4,6,10,17,4,1,0,0,1,1,0,0,0
"POINT (7.010864703000038 51.460346457000071)",Unfall 250256 (2019) Kat:2, Licht: 0,250256,2,3,5,10,17,4,1,0,1,1,0,0,0,0
"POINT (7.045735547000049 51.497906209000064)",Unfall 250337 (2019) Kat:3, Licht: 0,250337,3,3,5,10,17,3,0,0,0,1,0,0,0,0
"POINT (7.117541023000058 51.443861097000081)",Unfall 250406 (2019) Kat:3, Licht: 0,250406,3,7,1,10,12,3,0,0,0,1,0,0,0,0
"POINT (7.029009727000073 51.437598406000063)",Unfall 250407 (2019) Kat:3, Licht: 2,250407,3,3,6,10,18,3,1,2,0,1,1,0,0,0
"POINT (6.947642841000061 51.464020011000059)",Unfall 250480 (2019) Kat:3, Licht: 0,250480,3,5,1,10,10,2,0,0,0,0,0,0,0,1
"POINT (6.998323013000061 51.386832874000049)",Unfall 250481 (2019) Kat:3, Licht: 0,250481,3,4,6,10,13,2,0,0,0,1,1,0,0,0