WKT,Name,OBJECTID,UKATEGORIE,UTYP1,UART,UMONAT,USTUNDE,UWOCHENTAG,STRZUSTAND,ULICHTVERH,ISTRAD,ISTPKW,ISTFUSS,ISTKRAD,ISTGKFZ,ISTSONSTIG
"POINT (7.072165258000041 51.397944478000056)",Unfall 250526 (2019) Kat:3, Licht: 0,250526,3,7,6,10,15,1,0,0,0,1,1,0,0,0
"POINT (7.042601235000063 51.463204386000029)",Unfall 250566 (2019) Kat:3, Licht: 0,250566,3,7,0,10,18,7,1,0,1,0,0,0,0,1
"POINT (7.032536873000026 51.459174195000060)",Unfall 250606 (2019) Kat:3, Licht: 0,250606,3,7,4,10,17,1,1,0,0,1,1,0,0,1
"POINT (6.993359678000047 51.412379876000045)",Unfall 250644 (2019) Kat:3, Licht: 0,250644,3,7,6,10,15,7,1,0,0,1,1,0,0,0
"POINT (7.033871506000025 51.442665516000034)",Unfall 250645 (2019) Kat:3, Licht: 2,250645,3,2,5,10,20,7,1,2,1,1,0,0,0,0
"POINT (6.914960614000052 51.488593842000057)",Unfall 250769 (2019) Kat:3, Licht: 2,250769,3,5,1,10,05,5,0,2,1,0,0,0,1,0
"POINT (7.012512699000070 51.436951206000060)",Unfall 250770 (2019) Kat:3, Licht: 0,250770,3,5,3,10,12,5,1,0,0,1,0,1,0,0
"POINT (6.983000240000024 51.459720705000052)",Unfall 250771 (2019) Kat:3, Licht: 0,250771,3,6,2,10,16,5,1,0,0,1,0,0,0,0
"POINT (6.947520533000045 51.480481470000029)",Unfall 250841 (2019) Kat:3, Licht: 0,250841,3,1,0,10,16,4,1,0,1,0,0,0,0,0
"POINT (6.987306286000035 51.442768898000054)",Unfall 250842 (2019) Kat:3, Licht: 2,250842,3,2,6,10,07,4,1,2,0,1,1,0,0,0
"POINT (6.982710623000060 51.465317461000041)",Unfall 250862 (2019) Kat:3, Licht: 0,250862,3,6,2,10,15,6,0,0,0,1,0,0,0,0
"POINT (6.997159843000077 51.417495710000026)",Unfall 250864 (2019) Kat:2, Licht: 2,250864,2,1,0,10,21,6,0,2,1,0,0,0,0,0
"POINT (7.088654025000039 51.457763748000048)",Unfall 250865 (2019) Kat:3, Licht: 0,250865,3,7,0,10,14,6,0,0,1,0,0,0,0,0
"POINT (7.002938453000070 51.478868100000057)",Unfall 250919 (2019) Kat:3, Licht: 0,250919,3,2,5,10,08,5,0,0,1,1,0,0,0,0
"POINT (7.030344152000055 51.458983278000062)",Unfall 250920 (2019) Kat:3, Licht: 0,250920,3,4,6,10,15,5,0,0,0,1,1,0,0,0
"POINT (7.010007326000050 51.490475322000066)",Unfall 250978 (2019) Kat:3, Licht: 0,250978,3,3,5,10,15,4,0,0,1,1,0,0,0,0
"POINT (6.969978048000030 51.423875817000066)",Unfall 250979 (2019) Kat:3, Licht: 2,250979,3,7,8,10,07,4,1,2,1,0,1,0,0,0
"POINT (7.012713694000070 51.450094284000045)",Unfall 251038 (2019) Kat:2, Licht: 2,251038,2,2,6,10,07,3,0,2,0,1,1,0,0,0
"POINT (7.007494176000023 51.451624266000067)",Unfall 251039 (2019) Kat:3, Licht: 0,251039,3,3,5,10,12,3,0,0,1,1,0,0,0,0
"POINT (7.025139224000043 51.392657919000044)",Unfall 251125 (2019) Kat:3, Licht: 1,251125,3,7,6,10,07,4,0,1,0,1,1,0,0,0
"POINT (6.990178584000034 51.451848296000037)",Unfall 251160 (2019) Kat:3, Licht: 0,251160,3,2,5,10,16,3,0,0,0,1,0,0,0,0
"POINT (7.020584401000065 51.508389472000033)",Unfall 251243 (2019) Kat:3, Licht: 0,251243,3,3,5,10,09,2,0,0,1,1,0,0,0,0
"POINT (7.077661457000033 51.434445622000055)",Unfall 251244 (2019) Kat:3, Licht: 0,251244,3,4,0,10,08,2,0,0,0,1,1,0,0,0
"POINT (6.993378166000071 51.408803500000033)",Unfall 251245 (2019) Kat:3, Licht: 2,251245,3,2,6,10,18,2,0,2,0,1,1,0,0,0
"POINT (7.023928545000047 51.374131165000051)",Unfall 251272 (2019) Kat:3, Licht: 0,251272,3,7,0,10,16,1,1,0,1,0,0,0,0,0
"POINT (7.082761405000042 51.465919476000067)",Unfall 251273 (2019) Kat:3, Licht: 2,251273,3,4,6,10,21,1,0,2,0,1,1,0,0,0
"POINT (6.966428606000022 51.455830664000075)",Unfall 251328 (2019) Kat:3, Licht: 0,251328,3,3,5,10,12,7,0,0,1,1,0,0,0,0
"POINT (7.109557409000047 51.434700037000027)",Unfall 251329 (2019) Kat:3, Licht: 0,251329,3,3,5,10,15,7,0,0,1,1,0,0,0,0
"POINT (7.008724478000033 51.445113124000045)",Unfall 251399 (2019) Kat:2, Licht: 1,251399,2,2,0,11,17,2,1,1,1,1,0,0,0,0
"POINT (6.973431747000063 51.456137761000036)",Unfall 251426 (2019) Kat:3, Licht: 0,251426,3,2,4,11,11,7,1,0,0,1,0,0,0,0
"POINT (7.028160612000022 51.463426154000047)",Unfall 251427 (2019) Kat:3, Licht: 0,251427,3,6,1,11,12,7,1,0,0,1,0,0,0,0
"POINT (7.074812518000044 51.450031840000065)",Unfall 251509 (2019) Kat:3, Licht: 0,251509,3,3,5,11,11,2,0,0,1,1,0,0,0,0
"POINT (6.992931708000072 51.492967283000041)",Unfall 251546 (2019) Kat:3, Licht: 2,251546,3,3,5,10,19,5,0,2,0,1,0,0,0,0
"POINT (7.084835886000064 51.394199108000066)",Unfall 251547 (2019) Kat:3, Licht: 0,251547,3,7,2,10,08,5,0,0,0,1,0,0,0,0
"POINT (7.027567777000058 51.436890147000042)",Unfall 251548 (2019) Kat:3, Licht: 2,251548,3,3,0,10,17,5,0,2,0,1,0,0,0,0
"POINT (7.002013723000061 51.499601998000060)",Unfall 251601 (2019) Kat:3, Licht: 0,251601,3,1,0,11,15,2,1,0,1,0,0,0,0,0
"POINT (6.923270204000062 51.472768960000053)",Unfall 251675 (2019) Kat:3, Licht: 2,251675,3,6,2,11,20,5,1,2,0,1,0,1,0,0
"POINT (6.943019857000024 51.483376330000056)",Unfall 251684 (2019) Kat:3, Licht: 0,251684,3,7,0,11,08,5,1,0,1,1,0,0,0,0
"POINT (7.016417754000031 51.489334770000028)",Unfall 251696 (2019) Kat:3, Licht: 0,251696,3,3,5,11,08,4,1,0,1,1,0,0,0,0
"POINT (7.086119009000072 51.400529933000030)",Unfall 251697 (2019) Kat:3, Licht: 0,251697,3,7,6,11,13,5,1,0,0,1,1,0,0,0
"POINT (6.945980504000033 51.468344853000076)",Unfall 251698 (2019) Kat:3, Licht: 0,251698,3,4,6,11,15,4,0,0,0,1,1,0,0,0
"POINT (7.082828692000021 51.390185672000030)",Unfall 251699 (2019) Kat:3, Licht: 0,251699,3,2,6,11,15,4,0,0,0,1,1,0,0,0
"POINT (6.988609711000038 51.439852787000063)",Unfall 251700 (2019) Kat:3, Licht: 2,251700,3,2,5,11,18,4,1,2,0,1,0,1,0,0
"POINT (7.001738346000025 51.448818726000070)",Unfall 251706 (2019) Kat:3, Licht: 0,251706,3,1,1,11,10,5,0,0,0,1,0,0,0,0
"POINT (7.041268680000030 51.502164006000044)",Unfall 251796 (2019) Kat:3, Licht: 0,251796,3,2,3,11,15,3,0,0,1,1,0,0,0,0
"POINT (6.953499420000071 51.476000163000037)",Unfall 251797 (2019) Kat:3, Licht: 0,251797,3,4,6,11,11,3,1,0,0,1,1,0,0,0
"POINT (6.981093373000022 51.462246391000065)",Unfall 251798 (2019) Kat:3, Licht: 0,251798,3,2,4,11,11,3,1,0,0,1,0,0,0,0
"POINT (7.004111153000054 51.455588759000079)",Unfall 252003 (2019) Kat:3, Licht: 0,252003,3,6,2,11,12,7,0,0,0,1,0,0,0,0
"POINT (7.065452672000049 51.391869118000045)",Unfall 252083 (2019) Kat:3, Licht: 0,252083,3,7,0,11,15,6,0,0,1,0,0,0,0,0
"POINT (7.003221750000023 51.429427169000064)",Unfall 252084 (2019) Kat:3, Licht: 1,252084,3,7,6,11,09,6,0,1,1,0,1,0,0,0
"POINT (7.050391227000034 51.471017494000080)",Unfall 252085 (2019) Kat:3, Licht: 0,252085,3,7,0,11,11,6,0,0,1,1,0,0,0,0
"POINT (6.945400909000057 51.373594937000064)",Unfall 252139 (2019) Kat:2, Licht: 2,252139,2,2,6,11,17,2,1,2,0,1,1,0,0,0
"POINT (6.947639021000043 51.362656621000042)",Unfall 252146 (2019) Kat:3, Licht: 0,252146,3,4,4,11,07,2,0,0,0,1,1,0,0,0
"POINT (7.018613168000059 51.453240150000056)",Unfall 252153 (2019) Kat:3, Licht: 0,252153,3,7,0,11,09,2,0,0,0,1,0,0,0,1
"POINT (6.952835430000050 51.476919411000040)",Unfall 252372 (2019) Kat:3, Licht: 0,252372,3,6,0,11,12,3,1,0,0,1,0,0,0,0
"POINT (7.077558495000062 51.456414699000049)",Unfall 252373 (2019) Kat:3, Licht: 0,252373,3,3,5,11,08,3,1,0,0,1,0,0,0,0
"POINT (7.011979019000023 51.458528268000066)",Unfall 252467 (2019) Kat:3, Licht: 0,252467,3,4,6,11,08,3,1,0,0,1,1,0,0,0
"POINT (6.982196766000072 51.464311397000074)",Unfall 252546 (2019) Kat:3, Licht: 2,252546,3,7,1,11,18,2,1,2,0,1,0,0,0,0
"POINT (7.020502087000068 51.441109172000040)",Unfall 252547 (2019) Kat:3, Licht: 2,252547,3,6,2,11,17,2,1,2,1,1,0,0,0,0
"POINT (6.979610744000070 51.418826741000032)",Unfall 252598 (2019) Kat:3, Licht: 2,252598,3,2,5,11,20,1,1,2,0,1,0,0,0,0
"POINT (6.988999855000031 51.382843731000037)",Unfall 252635 (2019) Kat:3, Licht: 0,252635,3,2,5,11,15,7,0,0,1,1,0,0,0,0
"POINT (6.986909260000061 51.443966823000039)",Unfall 252750 (2019) Kat:3, Licht: 0,252750,3,2,5,11,15,6,1,0,0,1,0,0,0,0
"POINT (7.022586155000056 51.457564672000046)",Unfall 252751 (2019) Kat:2, Licht: 0,252751,2,6,2,11,15,6,1,0,0,1,0,0,0,0
"POINT (7.007945146000054 51.499560845000076)",Unfall 252906 (2019) Kat:3, Licht: 0,252906,3,6,2,11,08,4,1,0,0,1,0,0,0,0
"POINT (6.990212966000058 51.440829927000038)",Unfall 252907 (2019) Kat:3, Licht: 2,252907,3,6,1,11,23,4,1,2,1,1,0,0,0,0
"POINT (6.952590225000051 51.475376289000053)",Unfall 253004 (2019) Kat:3, Licht: 2,253004,3,2,6,11,17,4,1,2,0,1,1,0,0,0
"POINT (6.994143009000027 51.410341789000029)",Unfall 253005 (2019) Kat:3, Licht: 2,253005,3,4,6,11,17,4,1,2,0,1,1,0,0,0
"POINT (7.004361456000027 51.433521565000035)",Unfall 253139 (2019) Kat:3, Licht: 1,253139,3,7,7,11,08,2,0,1,1,0,0,0,0,1
"POINT (6.977784628000052 51.443924183000036)",Unfall 253140 (2019) Kat:3, Licht: 0,253140,3,7,4,11,08,2,0,0,1,1,0,0,0,0
"POINT (7.103412314000025 51.453887929000075)",Unfall 253141 (2019) Kat:2, Licht: 2,253141,2,7,6,11,17,2,0,2,0,1,1,0,0,0
"POINT (7.019932697000058 51.461518154000032)",Unfall 253142 (2019) Kat:3, Licht: 2,253142,3,7,0,11,18,2,1,2,1,0,0,0,0,0
"POINT (6.927622685000074 51.473776188000045)",Unfall 253144 (2019) Kat:3, Licht: 0,253144,3,3,5,11,14,1,0,0,0,1,0,0,0,0
"POINT (6.980441552000059 51.489384118000032)",Unfall 253214 (2019) Kat:3, Licht: 0,253214,3,2,2,12,13,1,0,0,0,1,0,0,0,0
"POINT (7.032536873000026 51.459174195000060)",Unfall 253216 (2019) Kat:3, Licht: 2,253216,3,2,5,12,05,1,2,2,0,1,0,0,0,0
"POINT (7.008341718000054 51.523873206000076)",Unfall 253266 (2019) Kat:3, Licht: 0,253266,3,4,6,11,09,7,0,0,0,0,1,0,0,1
"POINT (6.983030270000029 51.458957245000079)",Unfall 253268 (2019) Kat:3, Licht: 0,253268,3,7,6,11,12,7,0,0,0,1,1,0,0,0
"POINT (6.936203886000044 51.491710278000028)",Unfall 253346 (2019) Kat:3, Licht: 1,253346,3,6,2,11,16,6,0,1,0,1,0,0,0,0
"POINT (6.948003417000052 51.481413957000029)",Unfall 253414 (2019) Kat:3, Licht: 2,253414,3,4,0,12,20,2,1,2,0,1,1,0,0,0
"POINT (7.005537427000036 51.437668681000048)",Unfall 253415 (2019) Kat:3, Licht: 2,253415,3,4,6,12,17,2,0,2,0,1,1,0,0,0
"POINT (7.005330837000031 51.436934112000074)",Unfall 253419 (2019) Kat:3, Licht: 0,253419,3,4,6,12,11,2,0,0,0,1,1,0,0,0
"POINT (6.978114909000055 51.461336589000041)",Unfall 253438 (2019) Kat:3, Licht: 2,253438,3,7,6,11,23,5,1,2,0,1,1,0,0,0
"POINT (7.011216764000039 51.448215637000033)",Unfall 253439 (2019) Kat:3, Licht: 0,253439,3,2,4,11,08,5,1,0,0,1,0,0,0,1
"POINT (7.055897574000028 51.447917436000068)",Unfall 253467 (2019) Kat:3, Licht: 1,253467,3,3,5,12,16,5,1,1,0,1,0,0,0,0
"POINT (6.947469833000071 51.480383561000053)",Unfall 253521 (2019) Kat:3, Licht: 0,253521,3,2,6,12,09,5,1,0,0,1,1,0,0,0
"POINT (7.049323056000048 51.509236962000045)",Unfall 253533 (2019) Kat:3, Licht: 0,253533,3,2,2,12,13,4,0,0,0,1,0,0,0,0
"POINT (7.053556419000074 51.472168401000033)",Unfall 253534 (2019) Kat:3, Licht: 0,253534,3,6,2,12,09,4,1,0,1,0,0,0,0,0
"POINT (6.943234071000063 51.460918929000059)",Unfall 253535 (2019) Kat:2, Licht: 2,253535,2,7,0,12,07,4,2,2,1,0,0,0,0,0
"POINT (6.978987334000067 51.432849870000041)",Unfall 253536 (2019) Kat:2, Licht: 1,253536,2,7,4,12,07,4,2,1,0,1,0,1,0,0
"POINT (7.008305688000064 51.438600118000068)",Unfall 253537 (2019) Kat:3, Licht: 0,253537,3,1,0,12,11,4,0,0,1,0,0,0,0,0
"POINT (6.996421322000060 51.445027851000077)",Unfall 253573 (2019) Kat:3, Licht: 1,253573,3,3,1,12,16,5,0,1,1,1,0,0,0,0
"POINT (7.042934747000061 51.500581440000076)",Unfall 253626 (2019) Kat:3, Licht: 0,253626,3,7,0,12,09,5,1,0,0,1,0,0,0,1
"POINT (6.984418525000024 51.449673953000058)",Unfall 253634 (2019) Kat:3, Licht: 0,253634,3,6,0,12,18,3,0,0,0,1,0,0,0,1
"POINT (7.104396461000022 51.388836926000067)",Unfall 253678 (2019) Kat:2, Licht: 2,253678,2,1,0,12,05,5,2,2,1,0,0,0,0,0
"POINT (6.951287708000052 51.374859032000074)",Unfall 253701 (2019) Kat:3, Licht: 2,253701,3,2,6,12,17,2,1,2,0,1,1,0,0,0
"POINT (7.066492535000066 51.448747974000071)",Unfall 253702 (2019) Kat:3, Licht: 0,253702,3,7,0,12,09,2,1,0,0,1,0,1,0,0
"POINT (7.097312568000064 51.445808431000046)",Unfall 253742 (2019) Kat:3, Licht: 2,253742,3,7,9,12,19,1,1,2,0,1,0,0,0,0
"POINT (7.018465023000033 51.444221594000055)",Unfall 253743 (2019) Kat:3, Licht: 2,253743,3,2,5,12,16,1,0,2,1,1,0,0,0,0
"POINT (7.012936897000031 51.453232581000066)",Unfall 253745 (2019) Kat:2, Licht: 2,253745,2,7,9,12,03,1,0,2,0,0,0,0,0,1
"POINT (6.988963474000059 51.472918753000044)",Unfall 253783 (2019) Kat:3, Licht: 2,253783,3,7,0,12,03,7,1,2,1,0,0,0,0,0
"POINT (7.039302090000035 51.476507305000041)",Unfall 253874 (2019) Kat:3, Licht: 1,253874,3,7,1,12,07,6,1,1,0,1,0,0,0,0
"POINT (7.014989077000053 51.474671957000055)",Unfall 253875 (2019) Kat:3, Licht: 2,253875,3,6,2,12,23,6,1,2,0,1,0,0,0,0
"POINT (7.005215561000057 51.436528443000043)",Unfall 253876 (2019) Kat:3, Licht: 2,253876,3,3,5,12,18,6,1,2,1,1,0,0,0,0
"POINT (7.058230264000031 51.445563668000034)",Unfall 253877 (2019) Kat:2, Licht: 2,253877,2,7,6,12,06,6,1,2,0,1,1,0,0,0
"POINT (7.007580023000060 51.452640566000071)",Unfall 253878 (2019) Kat:3, Licht: 2,253878,3,6,1,12,17,6,1,2,0,1,0,0,0,1
"POINT (6.928631987000074 51.469822272000044)",Unfall 253954 (2019) Kat:3, Licht: 0,253954,3,3,5,12,10,2,1,0,0,1,0,0,0,0
"POINT (6.952521280000042 51.472249900000065)",Unfall 254015 (2019) Kat:2, Licht: 0,254015,2,7,0,12,11,4,1,0,0,1,0,0,0,0
"POINT (7.105783317000032 51.477256138000030)",Unfall 254017 (2019) Kat:2, Licht: 0,254017,2,6,2,12,09,4,1,0,0,1,0,0,0,1
"POINT (7.032536873000026 51.459174195000060)",Unfall 254018 (2019) Kat:3, Licht: 2,254018,3,4,6,12,07,4,1,2,0,0,1,0,0,1
"POINT (7.008163940000031 51.459320640000044)",Unfall 254019 (2019) Kat:2, Licht: 0,254019,2,7,5,12,14,4,1,0,0,1,0,0,0,1
"POINT (7.115278671000056 51.424458232000063)",Unfall 254140 (2019) Kat:3, Licht: 1,254140,3,6,4,12,15,3,1,1,0,1,0,1,0,0
"POINT (7.036828247000074 51.410919322000041)",Unfall 254141 (2019) Kat:3, Licht: 0,254141,3,6,2,12,08,3,2,0,0,1,0,0,0,0
"POINT (7.004901001000064 51.435397028000068)",Unfall 254142 (2019) Kat:3, Licht: 2,254142,3,4,6,12,20,3,1,2,0,1,1,0,0,0
"POINT (6.973393064000049 51.449446270000067)",Unfall 254143 (2019) Kat:3, Licht: 1,254143,3,7,0,12,08,3,2,1,0,0,0,0,0,1
"POINT (7.043404563000024 51.447430175000079)",Unfall 254144 (2019) Kat:3, Licht: 0,254144,3,3,6,12,12,3,0,0,0,1,1,0,0,0
"POINT (7.010596291000070 51.459235261000060)",Unfall 254145 (2019) Kat:2, Licht: 2,254145,2,4,6,12,18,3,0,2,0,1,1,0,0,0
"POINT (6.987329024000076 51.442745348000074)",Unfall 254252 (2019) Kat:3, Licht: 1,254252,3,4,6,12,07,2,1,1,0,1,1,0,0,0
"POINT (7.015554286000054 51.470435757000075)",Unfall 254253 (2019) Kat:3, Licht: 2,254253,3,4,6,12,07,2,0,2,0,1,1,0,0,0
"POINT (7.012991145000058 51.457991122000067)",Unfall 254254 (2019) Kat:2, Licht: 1,254254,2,4,6,12,08,2,1,1,0,1,1,0,0,0
"POINT (7.068939713000020 51.464456660000053)",Unfall 254341 (2019) Kat:3, Licht: 2,254341,3,6,0,12,00,7,1,2,0,1,0,0,0,1
"POINT (6.987527118000060 51.464388801000041)",Unfall 254342 (2019) Kat:3, Licht: 1,254342,3,1,0,12,16,7,1,1,0,0,0,0,0,1
"POINT (7.003380470000025 51.429995180000049)",Unfall 254417 (2019) Kat:3, Licht: 0,254417,3,6,6,12,08,6,1,0,0,1,1,0,0,0
"POINT (6.973467805000041 51.443375491000040)",Unfall 254418 (2019) Kat:3, Licht: 2,254418,3,1,8,12,17,6,1,2,0,1,0,0,0,1
"POINT (6.988788698000064 51.453478094000047)",Unfall 254487 (2019) Kat:3, Licht: 0,254487,3,6,2,12,10,5,0,0,0,1,0,0,0,0
"POINT (6.956872229000055 51.464727329000027)",Unfall 254572 (2019) Kat:3, Licht: 0,254572,3,5,1,12,14,5,0,0,1,1,0,0,0,0
"POINT (6.954537384000048 51.474374871000066)",Unfall 254656 (2019) Kat:3, Licht: 0,254656,3,7,3,12,10,4,1,0,1,1,0,0,0,0
"POINT (6.998528601000032 51.458611254000061)",Unfall 254657 (2019) Kat:3, Licht: 0,254657,3,7,6,12,16,4,0,0,0,1,1,0,0,0
"POINT (7.045901127000036 51.469826727000054)",Unfall 254658 (2019) Kat:3, Licht: 0,254658,3,6,2,12,11,4,0,0,0,1,0,0,0,0
"POINT (7.032793257000037 51.502188899000032)",Unfall 254696 (2019) Kat:2, Licht: 0,254696,2,5,1,12,12,6,1,0,0,1,0,0,0,0
"POINT (7.105783317000032 51.477256138000030)",Unfall 254709 (2019) Kat:3, Licht: 0,254709,3,3,5,12,13,6,1,0,0,1,0,0,0,0
"POINT (7.039029738000068 51.474721793000072)",Unfall 254743 (2019) Kat:3, Licht: 2,254743,3,4,6,12,21,3,1,2,0,1,1,0,0,0
"POINT (6.991145633000031 51.451422894000075)",Unfall 254744 (2019) Kat:3, Licht: 0,254744,3,7,0,12,15,3,0,0,0,1,0,0,0,0
"POINT (7.039759166000067 51.447938390000047)",Unfall 254746 (2019) Kat:3, Licht: 0,254746,3,7,3,12,15,3,0,0,0,1,0,0,0,0
"POINT (7.002269027000068 51.478675024000040)",Unfall 254790 (2019) Kat:3, Licht: 2,254790,3,1,1,12,23,6,0,2,0,1,0,1,0,0
"POINT (7.004451999000025 51.498808046000079)",Unfall 254791 (2019) Kat:3, Licht: 2,254791,3,2,6,12,17,6,0,2,0,1,1,0,0,0
"POINT (7.011529803000030 51.432493724000039)",Unfall 254816 (2019) Kat:3, Licht: 2,254816,3,7,0,12,03,5,1,2,0,0,0,0,0,1
"POINT (7.011216764000039 51.448215637000033)",Unfall 254817 (2019) Kat:3, Licht: 2,254817,3,2,5,12,20,5,0,2,0,1,0,0,0,0
"POINT (6.982952441000066 51.442634727000041)",Unfall 254855 (2019) Kat:2, Licht: 0,254855,2,7,1,12,10,3,1,0,0,1,0,0,0,0
"POINT (7.064165733000039 51.487782736000042)",Unfall 254908 (2019) Kat:3, Licht: 0,254908,3,6,6,12,10,2,0,0,0,1,1,0,0,0
"POINT (7.008042950000061 51.387155271000040)",Unfall 254909 (2019) Kat:3, Licht: 0,254909,3,2,5,12,14,2,1,0,0,1,0,0,0,0
"POINT (7.021301776000030 51.454410161000055)",Unfall 254910 (2019) Kat:3, Licht: 2,254910,3,7,0,12,04,2,1,2,0,0,0,0,0,1
"POINT (7.069702401000029 51.481225870000060)",Unfall 254988 (2019) Kat:3, Licht: 0,254988,3,6,2,12,11,7,0,0,0,1,0,0,0,0
"POINT (6.950370246000034 51.476718323000057)",Unfall 254989 (2019) Kat:2, Licht: 0,254989,2,7,0,12,14,7,0,0,0,0,0,0,0,1
"POINT (6.982164899000054 51.464250329000038)",Unfall 254991 (2019) Kat:2, Licht: 0,254991,2,3,5,12,10,7,0,0,0,1,0,1,0,0
"POINT (7.038272732000053 51.435915056000056)",Unfall 254992 (2019) Kat:3, Licht: 2,254992,3,7,0,12,23,7,1,2,0,0,0,0,0,1
"POINT (6.979176879000022 51.452853098000048)",Unfall 255185 (2019) Kat:3, Licht: 0,255185,3,1,0,12,13,2,0,0,0,0,0,1,0,0
"POINT (6.905209106000029 51.485209107000060)",Unfall 255210 (2019) Kat:2, Licht: 0,255210,2,5,1,12,14,1,0,0,1,1,0,0,0,0
"POINT (7.037159690000067 51.426562860000047)",Unfall 255212 (2019) Kat:3, Licht: 1,255212,3,7,0,12,16,1,0,1,1,0,1,0,0,0
"POINT (6.924694362000025 51.370978771000068)",Unfall 255246 (2019) Kat:3, Licht: 0,255246,3,7,0,12,09,7,0,0,1,0,0,0,0,1
"POINT (7.032714717000033 51.459185731000048)",Unfall 73564 (2020) Kat:3, Licht: 2,73564,3,3,4,01,18,5,0,2,0,1,0,0,0,0
"POINT (7.061482475000048 51.446052431000055)",Unfall 73565 (2020) Kat:3, Licht: 2,73565,3,1,0,01,21,5,1,2,0,0,0,1,0,0
"POINT (7.006989445000045 51.403240387000039)",Unfall 73613 (2020) Kat:3, Licht: 1,73613,3,3,5,01,16,4,0,1,1,1,0,0,0,0
"POINT (7.070059196000045 51.449770738000041)",Unfall 73877 (2020) Kat:2, Licht: 0,73877,2,3,5,01,15,2,0,0,0,1,0,0,0,0
"POINT (6.934087000000034 51.492308000000037)",Unfall 73933 (2020) Kat:3, Licht: 0,73933,3,6,0,01,13,7,1,0,0,1,1,0,0,0
"POINT (6.973827449000055 51.461579982000046)",Unfall 73946 (2020) Kat:3, Licht: 2,73946,3,2,6,01,18,7,1,2,0,1,1,0,0,0
"POINT (7.030009127000028 51.451292568000042)",Unfall 73987 (2020) Kat:3, Licht: 2,73987,3,5,3,01,17,7,1,2,0,1,0,0,0,0
"POINT (7.007379731000071 51.449367313000039)",Unfall 74010 (2020) Kat:2, Licht: 0,74010,2,2,5,01,11,6,1,0,0,1,0,0,0,0
"POINT (7.001285390000021 51.465044658000068)",Unfall 74043 (2020) Kat:3, Licht: 2,74043,3,3,2,01,22,2,0,2,0,1,0,0,0,0
"POINT (6.922282807000045 51.455423653000082)",Unfall 74101 (2020) Kat:3, Licht: 2,74101,3,2,6,01,07,5,1,2,0,0,1,0,1,0
"POINT (6.985211373000027 51.475261313000033)",Unfall 74155 (2020) Kat:3, Licht: 0,74155,3,6,1,01,16,4,1,0,0,1,0,0,0,0
"POINT (7.013798524000038 51.474443014000030)",Unfall 74196 (2020) Kat:3, Licht: 2,74196,3,3,5,01,22,6,1,2,0,1,0,0,0,0
"POINT (6.998546908000037 51.386935020000067)",Unfall 74212 (2020) Kat:3, Licht: 2,74212,3,2,5,01,20,6,0,2,0,1,0,0,0,0
"POINT (7.038039945000037 51.476263209000081)",Unfall 74230 (2020) Kat:3, Licht: 0,74230,3,7,0,01,15,5,1,0,0,0,1,0,0,1
"POINT (7.055849257000034 51.432533555000077)",Unfall 74234 (2020) Kat:3, Licht: 0,74234,3,7,0,01,09,6,1,0,1,1,0,0,0,0
"POINT (7.052281735000065 51.433312169000033)",Unfall 74238 (2020) Kat:3, Licht: 0,74238,3,7,9,01,10,6,1,0,0,1,0,0,0,0
"POINT (6.973780335000072 51.445386717000076)",Unfall 74260 (2020) Kat:3, Licht: 2,74260,3,3,5,01,17,6,1,2,0,1,0,0,0,0
"POINT (7.093062514000053 51.463529404000042)",Unfall 74290 (2020) Kat:2, Licht: 0,74290,2,2,5,01,13,6,1,0,0,1,0,0,0,0
"POINT (7.034230517000026 51.500237547000040)",Unfall 74356 (2020) Kat:3, Licht: 0,74356,3,2,2,01,11,5,1,0,0,1,0,0,0,1
"POINT (7.076207850000060 51.444199867000066)",Unfall 74453 (2020) Kat:3, Licht: 0,74453,3,6,0,01,09,4,0,0,0,1,0,0,0,1
"POINT (7.054210062000038 51.411381861000052)",Unfall 74516 (2020) Kat:3, Licht: 0,74516,3,2,4,01,09,3,1,0,0,1,0,0,0,0
"POINT (7.020677027000033 51.446721133000040)",Unfall 74558 (2020) Kat:3, Licht: 2,74558,3,7,5,01,19,2,1,2,0,1,0,0,0,0
"POINT (6.958501391000027 51.477557346000026)",Unfall 74636 (2020) Kat:3, Licht: 2,74636,3,2,6,01,19,3,1,2,0,1,1,0,0,0
"POINT (6.968042414000024 51.486083424000071)",Unfall 74663 (2020) Kat:3, Licht: 0,74663,3,3,5,01,11,7,0,0,0,1,0,0,0,0
"POINT (6.975779419000048 51.484021713000061)",Unfall 74670 (2020) Kat:3, Licht: 0,74670,3,7,1,01,14,7,0,0,0,1,0,0,0,1
"POINT (7.022622410000054 51.436927752000031)",Unfall 74673 (2020) Kat:3, Licht: 2,74673,3,3,5,01,23,7,0,2,0,1,0,0,0,0