WKT,Name,OBJECTID,UKATEGORIE,UTYP1,UART,UMONAT,USTUNDE,UWOCHENTAG,STRZUSTAND,ULICHTVERH,ISTRAD,ISTPKW,ISTFUSS,ISTKRAD,ISTGKFZ,ISTSONSTIG
"POINT (7.094268244000034 51.449123353000061)",Unfall 74674 (2020) Kat:3, Licht: 0,74674,3,2,5,01,14,2,0,0,0,1,0,0,0,1
"POINT (6.981814605000068 51.436414621000040)",Unfall 74677 (2020) Kat:2, Licht: 2,74677,2,1,0,01,03,7,1,2,0,0,0,0,0,1
"POINT (7.139297309000028 51.428144468000028)",Unfall 74685 (2020) Kat:3, Licht: 0,74685,3,7,0,01,13,7,0,0,0,1,0,0,0,0
"POINT (7.039964605000023 51.480434281000043)",Unfall 74721 (2020) Kat:3, Licht: 0,74721,3,7,6,01,12,6,0,0,0,1,1,0,0,0
"POINT (7.001416946000063 51.481730448000064)",Unfall 74723 (2020) Kat:3, Licht: 2,74723,3,2,0,01,19,6,1,2,0,1,1,0,0,0
"POINT (7.040729058000068 51.438277073000052)",Unfall 74726 (2020) Kat:3, Licht: 0,74726,3,6,2,01,14,6,1,0,0,1,0,0,0,0
"POINT (6.997604932000058 51.492673609000065)",Unfall 74819 (2020) Kat:3, Licht: 2,74819,3,2,4,01,20,1,0,2,0,1,0,0,0,0
"POINT (7.016928726000060 51.454864043000043)",Unfall 74949 (2020) Kat:3, Licht: 2,74949,3,6,3,01,18,7,1,2,0,1,0,0,0,0
"POINT (7.009197636000067 51.484943708000060)",Unfall 75002 (2020) Kat:3, Licht: 0,75002,3,3,0,01,13,5,0,0,0,1,0,0,0,1
"POINT (6.931627053000057 51.354114230000050)",Unfall 75004 (2020) Kat:2, Licht: 2,75004,2,1,0,01,07,5,1,2,0,0,0,1,0,0
"POINT (7.004269186000045 51.482410701000049)",Unfall 75132 (2020) Kat:3, Licht: 0,75132,3,6,3,01,16,3,0,0,1,1,0,0,0,0
"POINT (7.007290063000028 51.476095078000071)",Unfall 75139 (2020) Kat:3, Licht: 0,75139,3,6,2,01,14,3,0,0,0,1,0,0,0,0
"POINT (7.060148535000053 51.408195684000077)",Unfall 75147 (2020) Kat:3, Licht: 0,75147,3,7,0,01,10,3,0,0,0,1,0,0,0,0
"POINT (6.980534251000051 51.412204966000047)",Unfall 75153 (2020) Kat:2, Licht: 0,75153,2,4,6,01,11,3,0,0,0,1,1,0,0,0
"POINT (7.036638213000060 51.440000428000076)",Unfall 75156 (2020) Kat:3, Licht: 0,75156,3,4,0,01,15,3,0,0,0,1,1,0,0,0
"POINT (6.963877830000058 51.452912605000051)",Unfall 75160 (2020) Kat:3, Licht: 1,75160,3,2,6,01,07,3,1,1,0,1,1,0,0,0
"POINT (6.991927438000062 51.436342217000060)",Unfall 75297 (2020) Kat:3, Licht: 2,75297,3,7,4,01,07,2,1,2,0,1,0,0,0,1
"POINT (7.077974740000059 51.449275786000044)",Unfall 75312 (2020) Kat:2, Licht: 1,75312,2,3,6,01,07,2,0,1,0,1,1,0,0,0
"POINT (6.987813441000071 51.441575155000066)",Unfall 75349 (2020) Kat:2, Licht: 2,75349,2,6,2,01,16,4,1,2,1,1,0,0,0,0
"POINT (7.037756473000059 51.478030153000077)",Unfall 75479 (2020) Kat:3, Licht: 0,75479,3,2,5,01,08,2,1,0,0,1,0,0,0,0
"POINT (7.022763420000047 51.436840776000054)",Unfall 75498 (2020) Kat:3, Licht: 0,75498,3,7,6,01,07,2,1,0,0,1,1,0,0,0
"POINT (7.009945024000047 51.500284138000040)",Unfall 75499 (2020) Kat:2, Licht: 2,75499,2,2,6,01,07,3,1,2,0,0,1,0,1,0
"POINT (6.926381595000066 51.466907526000057)",Unfall 75557 (2020) Kat:3, Licht: 2,75557,3,2,0,01,07,2,1,2,0,1,1,0,0,0
"POINT (6.984418525000024 51.449673953000058)",Unfall 75578 (2020) Kat:2, Licht: 1,75578,2,2,6,01,07,2,1,1,0,1,1,0,0,0
"POINT (6.980187509000075 51.460672789000057)",Unfall 75579 (2020) Kat:3, Licht: 0,75579,3,2,5,01,13,3,0,0,0,1,0,0,1,0
"POINT (6.929808380000054 51.461131766000051)",Unfall 75665 (2020) Kat:3, Licht: 1,75665,3,2,5,01,07,2,1,1,0,1,0,0,0,1
"POINT (7.009467591000032 51.486443772000030)",Unfall 75666 (2020) Kat:2, Licht: 0,75666,2,2,6,01,16,3,0,0,0,1,1,0,0,0
"POINT (7.037253591000024 51.514397595000048)",Unfall 75688 (2020) Kat:3, Licht: 2,75688,3,6,3,01,19,4,0,2,0,1,0,0,0,0
"POINT (7.003486168000052 51.479029746000037)",Unfall 75725 (2020) Kat:3, Licht: 2,75725,3,2,6,01,07,2,1,2,0,1,1,0,0,0
"POINT (6.978039098000068 51.440992611000070)",Unfall 75745 (2020) Kat:3, Licht: 2,75745,3,3,5,01,07,2,1,2,1,1,0,0,0,0
"POINT (6.952798149000046 51.490234105000070)",Unfall 75746 (2020) Kat:3, Licht: 0,75746,3,2,5,01,16,3,0,0,1,1,0,0,0,0
"POINT (7.021323038000048 51.497071423000079)",Unfall 75749 (2020) Kat:2, Licht: 1,75749,2,3,5,01,17,4,0,1,0,1,0,1,0,0
"POINT (6.991053932000057 51.491066923000062)",Unfall 75764 (2020) Kat:3, Licht: 2,75764,3,2,6,01,19,7,1,2,0,1,1,0,0,0
"POINT (6.967938650000065 51.485964648000049)",Unfall 75803 (2020) Kat:3, Licht: 0,75803,3,2,3,01,12,2,1,0,0,1,0,0,0,0
"POINT (7.022621163000054 51.436818407000032)",Unfall 75823 (2020) Kat:3, Licht: 2,75823,3,2,6,01,07,2,1,2,0,1,1,0,0,0
"POINT (7.048643790000028 51.446568639000077)",Unfall 75824 (2020) Kat:3, Licht: 0,75824,3,2,6,01,10,3,1,0,0,0,1,0,0,1
"POINT (7.105778755000074 51.477268257000048)",Unfall 75826 (2020) Kat:3, Licht: 1,75826,3,3,5,01,18,6,1,1,0,1,0,0,0,0
"POINT (7.069664995000039 51.443374928000026)",Unfall 75832 (2020) Kat:3, Licht: 2,75832,3,2,4,01,21,6,0,2,0,1,0,0,0,0
"POINT (7.036880555000039 51.514383716000054)",Unfall 75852 (2020) Kat:3, Licht: 0,75852,3,6,2,01,19,4,0,0,0,1,0,0,0,1
"POINT (6.985330124000029 51.444852848000039)",Unfall 75877 (2020) Kat:3, Licht: 2,75877,3,6,2,02,19,1,1,2,0,1,0,0,0,0
"POINT (6.982928340000058 51.476790568000069)",Unfall 75994 (2020) Kat:3, Licht: 0,75994,3,6,1,01,13,6,0,0,0,1,0,0,0,1
"POINT (7.032714717000033 51.459185731000048)",Unfall 75995 (2020) Kat:2, Licht: 0,75995,2,2,5,02,13,2,1,0,0,1,0,1,0,0
"POINT (7.001273021000031 51.465107675000070)",Unfall 75997 (2020) Kat:3, Licht: 2,75997,3,6,2,01,05,6,1,2,0,1,0,0,0,0
"POINT (7.001904188000026 51.447159426000042)",Unfall 76026 (2020) Kat:3, Licht: 2,76026,3,3,5,01,22,5,1,2,0,1,0,0,1,0
"POINT (6.993870144000027 51.446033112000066)",Unfall 76040 (2020) Kat:3, Licht: 2,76040,3,6,3,02,20,1,0,2,0,1,0,0,0,0
"POINT (7.083057571000040 51.445939902000077)",Unfall 76112 (2020) Kat:3, Licht: 0,76112,3,1,0,02,14,7,1,0,0,0,0,1,0,0
"POINT (6.943385914000032 51.395012033000057)",Unfall 76113 (2020) Kat:3, Licht: 2,76113,3,6,2,01,17,6,0,2,0,1,0,0,0,0
"POINT (7.072048167000048 51.372852940000030)",Unfall 76153 (2020) Kat:3, Licht: 0,76153,3,1,9,02,13,3,1,0,0,1,0,0,0,0
"POINT (7.110148057000060 51.471647463000068)",Unfall 76163 (2020) Kat:3, Licht: 0,76163,3,1,8,02,11,1,1,0,0,1,0,0,0,0
"POINT (7.093073133000075 51.463530660000060)",Unfall 76302 (2020) Kat:3, Licht: 1,76302,3,6,2,02,16,7,1,1,0,1,0,0,0,0
"POINT (7.080430065000030 51.465960302000042)",Unfall 76303 (2020) Kat:2, Licht: 0,76303,2,4,6,01,08,5,1,0,0,1,1,0,0,0
"POINT (7.070059196000045 51.449770738000041)",Unfall 76305 (2020) Kat:3, Licht: 2,76305,3,6,2,01,17,5,1,2,0,1,0,0,0,0
"POINT (7.042521520000037 51.410149436000040)",Unfall 76362 (2020) Kat:3, Licht: 1,76362,3,1,8,02,18,2,1,1,0,1,0,0,0,0
"POINT (7.069229232000055 51.429444177000050)",Unfall 76408 (2020) Kat:3, Licht: 2,76408,3,1,7,02,00,1,1,2,0,1,0,0,0,0
"POINT (6.974659773000042 51.475760544000082)",Unfall 76492 (2020) Kat:3, Licht: 0,76492,3,4,0,02,11,4,0,0,0,1,1,0,0,0
"POINT (7.014948164000032 51.459222207000039)",Unfall 76495 (2020) Kat:3, Licht: 2,76495,3,1,0,02,06,4,1,2,0,1,0,1,0,0
"POINT (7.051554478000071 51.433656017000033)",Unfall 76571 (2020) Kat:3, Licht: 0,76571,3,6,1,02,08,5,0,0,0,1,0,0,0,1
"POINT (7.032714717000033 51.459185731000048)",Unfall 76573 (2020) Kat:3, Licht: 2,76573,3,3,5,02,07,7,0,2,0,1,0,0,0,0
"POINT (7.024633394000034 51.418619940000042)",Unfall 76579 (2020) Kat:3, Licht: 2,76579,3,2,1,02,21,5,0,2,1,1,0,0,0,0
"POINT (7.039580157000046 51.480026691000035)",Unfall 76584 (2020) Kat:3, Licht: 1,76584,3,3,5,02,11,2,1,1,0,1,0,0,0,0
"POINT (7.003156550000028 51.459165505000044)",Unfall 76600 (2020) Kat:2, Licht: 2,76600,2,2,6,02,20,5,0,2,0,1,1,0,0,0
"POINT (7.006122876000063 51.444695455000044)",Unfall 76629 (2020) Kat:3, Licht: 2,76629,3,6,2,02,19,6,0,2,0,1,0,0,0,0
"POINT (6.998915908000072 51.422180026000035)",Unfall 76691 (2020) Kat:3, Licht: 1,76691,3,2,6,02,08,2,1,1,0,1,1,0,0,0
"POINT (6.979430142000069 51.482612966000033)",Unfall 76799 (2020) Kat:3, Licht: 0,76799,3,6,1,02,12,7,0,0,0,1,0,0,0,0
"POINT (7.010995536000053 51.529345392000039)",Unfall 76807 (2020) Kat:3, Licht: 2,76807,3,7,1,02,18,2,1,2,1,1,0,0,0,0
"POINT (6.980458132000024 51.488857685000028)",Unfall 76852 (2020) Kat:3, Licht: 2,76852,3,2,0,02,23,6,0,2,0,1,0,0,0,0
"POINT (7.077958241000033 51.449283609000076)",Unfall 76891 (2020) Kat:3, Licht: 2,76891,3,6,1,02,22,3,1,2,0,1,0,0,0,0
"POINT (7.007277164000072 51.453000985000074)",Unfall 76894 (2020) Kat:3, Licht: 0,76894,3,6,2,02,13,3,0,0,0,1,0,0,0,1
"POINT (6.955787845000032 51.402182940000046)",Unfall 76944 (2020) Kat:3, Licht: 2,76944,3,6,2,02,06,5,0,2,0,1,0,0,0,0
"POINT (7.070566149000058 51.449972113000058)",Unfall 77020 (2020) Kat:3, Licht: 2,77020,3,4,6,02,19,4,0,2,0,1,1,0,0,0
"POINT (7.032714717000033 51.459185731000048)",Unfall 77021 (2020) Kat:3, Licht: 2,77021,3,3,5,02,19,4,0,2,0,1,0,1,0,0
"POINT (7.031168381000043 51.460477407000042)",Unfall 77023 (2020) Kat:3, Licht: 0,77023,3,3,5,02,13,4,0,0,0,1,0,0,0,0
"POINT (7.008541228000070 51.460083448000034)",Unfall 77048 (2020) Kat:2, Licht: 1,77048,2,1,6,02,17,5,1,1,0,1,1,0,0,0
"POINT (6.916591415000028 51.487307581000039)",Unfall 77147 (2020) Kat:2, Licht: 2,77147,2,7,4,02,18,3,1,2,0,1,0,0,0,1
"POINT (7.000472725000066 51.517395814000054)",Unfall 77154 (2020) Kat:2, Licht: 0,77154,2,3,0,02,15,5,1,0,1,1,0,0,0,0
"POINT (7.007379731000071 51.449367313000039)",Unfall 77167 (2020) Kat:3, Licht: 0,77167,3,2,4,02,10,2,0,0,0,1,0,0,0,0
"POINT (7.038069886000073 51.439547595000079)",Unfall 77205 (2020) Kat:3, Licht: 0,77205,3,1,1,02,13,7,0,0,0,1,0,0,0,0
"POINT (7.008692389000032 51.525621916000034)",Unfall 77268 (2020) Kat:3, Licht: 0,77268,3,3,5,02,13,2,0,0,0,1,0,1,0,0
"POINT (7.008470627000065 51.495034861000079)",Unfall 77308 (2020) Kat:3, Licht: 0,77308,3,7,0,02,11,7,1,0,0,0,1,0,0,1
"POINT (7.038502660000063 51.478576074000046)",Unfall 77355 (2020) Kat:3, Licht: 0,77355,3,6,3,02,16,6,0,0,0,1,0,0,0,1
"POINT (6.908740050000063 51.477294108000081)",Unfall 77358 (2020) Kat:3, Licht: 1,77358,3,6,4,02,08,6,1,1,0,1,0,0,0,1
"POINT (6.956880929000022 51.468666394000081)",Unfall 77399 (2020) Kat:3, Licht: 0,77399,3,6,2,02,13,3,0,0,0,1,0,0,0,0
"POINT (7.007215053000039 51.517717872000048)",Unfall 77485 (2020) Kat:3, Licht: 2,77485,3,2,6,02,20,7,1,2,0,1,1,0,0,0
"POINT (7.016372346000026 51.428375270000060)",Unfall 77547 (2020) Kat:3, Licht: 2,77547,3,7,2,02,20,7,1,2,0,1,0,0,0,0
"POINT (7.042356794000057 51.425693605000049)",Unfall 77635 (2020) Kat:3, Licht: 0,77635,3,5,0,02,12,5,0,0,0,1,0,0,0,0
"POINT (7.003653776000022 51.482254817000069)",Unfall 77659 (2020) Kat:3, Licht: 0,77659,3,4,6,02,11,4,1,0,0,1,1,0,0,0
"POINT (6.978609678000055 51.482973863000041)",Unfall 77662 (2020) Kat:3, Licht: 1,77662,3,4,6,02,07,4,1,1,0,1,1,0,0,0
"POINT (6.991418885000030 51.511537352000062)",Unfall 77681 (2020) Kat:3, Licht: 0,77681,3,1,8,02,16,7,0,0,0,1,0,0,0,0
"POINT (6.982933776000039 51.459755980000068)",Unfall 77737 (2020) Kat:3, Licht: 0,77737,3,2,0,02,14,6,0,0,0,1,0,0,0,1
"POINT (6.999031048000063 51.485645597000030)",Unfall 77823 (2020) Kat:2, Licht: 2,77823,2,2,5,02,21,4,1,2,0,1,0,1,0,0
"POINT (7.010068357000023 51.481710251000038)",Unfall 77859 (2020) Kat:3, Licht: 0,77859,3,6,6,02,11,2,1,0,0,1,1,0,0,0
"POINT (7.017066849000059 51.454605772000036)",Unfall 77863 (2020) Kat:3, Licht: 0,77863,3,3,5,02,17,2,1,0,0,1,0,0,0,0
"POINT (6.979021507000027 51.381614383000056)",Unfall 77918 (2020) Kat:2, Licht: 2,77918,2,7,8,02,19,3,1,2,0,1,0,0,0,0
"POINT (7.089774040000066 51.466491414000075)",Unfall 77928 (2020) Kat:3, Licht: 2,77928,3,1,9,02,23,2,1,2,0,1,0,0,0,0
"POINT (7.018986673000029 51.435986741000079)",Unfall 77935 (2020) Kat:3, Licht: 0,77935,3,6,2,02,12,3,0,0,0,1,0,0,0,0
"POINT (6.977834446000031 51.461224085000026)",Unfall 77996 (2020) Kat:3, Licht: 2,77996,3,4,0,02,23,1,1,2,0,1,1,0,0,0
"POINT (7.032714717000033 51.459185731000048)",Unfall 77998 (2020) Kat:3, Licht: 2,77998,3,3,5,02,20,1,1,2,0,1,0,0,0,0
"POINT (7.032614997000053 51.459193286000072)",Unfall 78000 (2020) Kat:3, Licht: 2,78000,3,2,5,02,19,1,1,2,0,1,0,0,0,0
"POINT (7.001454555000066 51.481682595000052)",Unfall 78131 (2020) Kat:3, Licht: 0,78131,3,6,2,02,10,6,0,0,0,1,0,0,0,0
"POINT (7.001445848000060 51.481696121000027)",Unfall 78140 (2020) Kat:3, Licht: 2,78140,3,6,1,02,19,6,1,2,0,1,0,0,0,0
"POINT (7.007882852000023 51.505022945000064)",Unfall 78143 (2020) Kat:3, Licht: 2,78143,3,3,5,02,06,6,1,2,1,1,0,0,0,0
"POINT (6.973641197000063 51.449688516000037)",Unfall 78147 (2020) Kat:1, Licht: 0,78147,1,4,6,02,17,7,1,0,0,1,1,0,0,0
"POINT (6.973810251000032 51.445398665000027)",Unfall 78186 (2020) Kat:3, Licht: 0,78186,3,2,5,03,11,2,0,0,0,1,0,0,0,0
"POINT (6.929694067000071 51.530956077000042)",Unfall 78223 (2020) Kat:3, Licht: 0,78223,3,2,4,02,11,7,0,0,0,1,0,0,0,0
"POINT (7.009259020000059 51.485193286000026)",Unfall 78248 (2020) Kat:3, Licht: 1,78248,3,6,2,03,17,2,1,1,0,1,0,0,0,0
"POINT (7.102076796000063 51.472205454000061)",Unfall 78350 (2020) Kat:3, Licht: 2,78350,3,1,9,03,00,2,1,2,0,1,0,0,0,0
"POINT (6.964379469000050 51.472460306000073)",Unfall 78353 (2020) Kat:3, Licht: 2,78353,3,2,4,03,18,2,1,2,0,1,0,0,0,0
"POINT (7.010174783000025 51.493617404000076)",Unfall 78400 (2020) Kat:3, Licht: 2,78400,3,3,5,02,18,5,1,2,0,1,0,0,0,0
"POINT (6.985199035000051 51.475268553000035)",Unfall 78408 (2020) Kat:3, Licht: 0,78408,3,6,2,02,08,5,0,0,0,1,0,0,1,0
"POINT (7.006828536000057 51.454393403000040)",Unfall 78412 (2020) Kat:3, Licht: 0,78412,3,2,5,02,11,5,0,0,0,1,0,0,0,0
"POINT (7.013109995000036 51.449834215000067)",Unfall 78417 (2020) Kat:3, Licht: 0,78417,3,6,2,02,14,6,0,0,0,1,0,0,0,0
"POINT (7.013136284000041 51.443585563000056)",Unfall 78432 (2020) Kat:3, Licht: 2,78432,3,2,5,03,18,2,1,2,0,1,0,0,0,1
"POINT (7.005202379000025 51.477759412000069)",Unfall 78515 (2020) Kat:3, Licht: 0,78515,3,6,2,03,11,2,0,0,0,1,0,0,0,1
"POINT (6.932330767000053 51.463078797000037)",Unfall 78547 (2020) Kat:3, Licht: 2,78547,3,2,2,03,20,4,1,2,0,1,0,0,0,0
"POINT (6.988811257000066 51.445324489000029)",Unfall 78555 (2020) Kat:3, Licht: 0,78555,3,6,2,03,17,5,1,0,0,1,0,0,0,1
"POINT (6.978976796000040 51.443941519000077)",Unfall 78649 (2020) Kat:3, Licht: 0,78649,3,6,2,03,10,7,0,0,0,1,0,0,0,0
"POINT (6.946547505000069 51.362196208000057)",Unfall 78661 (2020) Kat:3, Licht: 0,78661,3,6,3,03,13,3,0,0,0,1,0,0,0,0
"POINT (7.042065637000064 51.481363553000051)",Unfall 78724 (2020) Kat:3, Licht: 0,78724,3,3,5,03,15,4,0,0,1,1,0,0,0,0
"POINT (6.971663387000035 51.442870578000054)",Unfall 78799 (2020) Kat:3, Licht: 2,78799,3,6,2,03,22,4,0,2,0,1,0,0,0,0
"POINT (7.001272792000066 51.451180385000043)",Unfall 78811 (2020) Kat:3, Licht: 0,78811,3,7,0,03,08,4,1,0,1,0,0,0,1,0
"POINT (6.978280090000055 51.461132283000040)",Unfall 78838 (2020) Kat:3, Licht: 2,78838,3,7,1,03,00,1,0,2,0,1,0,0,0,0
"POINT (7.078269783000053 51.459549676000051)",Unfall 79007 (2020) Kat:3, Licht: 0,79007,3,3,4,03,17,4,0,0,0,1,0,0,0,0
"POINT (6.998642384000050 51.487562142000058)",Unfall 79077 (2020) Kat:3, Licht: 0,79077,3,3,5,03,10,4,1,0,0,1,0,0,0,0
"POINT (6.983110365000073 51.476821398000027)",Unfall 79130 (2020) Kat:3, Licht: 0,79130,3,4,6,03,17,3,1,0,0,1,1,0,0,0
"POINT (6.983110365000073 51.476821398000027)",Unfall 79132 (2020) Kat:3, Licht: 2,79132,3,2,6,03,20,3,1,2,0,1,1,0,0,0
"POINT (6.961408049000056 51.448265087000038)",Unfall 79135 (2020) Kat:3, Licht: 0,79135,3,2,5,03,16,3,1,0,0,1,0,0,0,0
"POINT (7.024487564000026 51.437141972000063)",Unfall 79138 (2020) Kat:3, Licht: 0,79138,3,3,5,03,15,3,1,0,1,1,0,0,0,0
"POINT (7.094268244000034 51.449123353000061)",Unfall 79140 (2020) Kat:3, Licht: 2,79140,3,2,6,03,05,3,1,2,0,1,1,0,0,0
"POINT (7.104766897000047 51.453383824000070)",Unfall 79194 (2020) Kat:3, Licht: 0,79194,3,6,3,03,16,4,0,0,0,1,0,1,0,0
"POINT (6.966555163000066 51.461310579000042)",Unfall 79279 (2020) Kat:3, Licht: 0,79279,3,4,6,03,12,6,1,0,0,1,1,0,0,0
"POINT (6.966563779000069 51.408538095000040)",Unfall 79286 (2020) Kat:3, Licht: 0,79286,3,6,2,03,15,2,0,0,0,1,0,0,0,0
"POINT (6.997915554000031 51.436337198000047)",Unfall 79352 (2020) Kat:3, Licht: 0,79352,3,3,5,03,16,4,1,0,0,1,0,0,0,0
"POINT (7.085017247000053 51.390904573000057)",Unfall 79391 (2020) Kat:3, Licht: 0,79391,3,2,6,03,16,5,0,0,0,1,1,0,0,0
"POINT (7.081439257000056 51.465074001000062)",Unfall 79416 (2020) Kat:3, Licht: 2,79416,3,1,9,03,05,4,1,2,0,1,0,0,0,0
"POINT (7.009046330000047 51.489586094000060)",Unfall 79433 (2020) Kat:2, Licht: 0,79433,2,4,6,03,08,6,0,0,0,0,1,0,1,0
"POINT (7.059469180000065 51.484171275000051)",Unfall 79448 (2020) Kat:3, Licht: 0,79448,3,3,5,03,14,6,0,0,1,1,0,0,0,0
"POINT (6.954565298000034 51.467740779000053)",Unfall 79512 (2020) Kat:3, Licht: 0,79512,3,7,6,03,13,2,0,0,0,1,1,0,0,0
"POINT (7.101894503000040 51.394283142000063)",Unfall 79539 (2020) Kat:3, Licht: 0,79539,3,7,6,03,17,5,0,0,0,1,1,0,0,0
"POINT (7.024641946000031 51.418604396000035)",Unfall 79543 (2020) Kat:3, Licht: 0,79543,3,2,5,03,12,6,1,0,0,1,0,0,0,0
"POINT (7.085032844000068 51.386813989000075)",Unfall 79564 (2020) Kat:3, Licht: 0,79564,3,6,2,03,12,3,0,0,0,1,0,0,0,0
"POINT (7.012677586000052 51.531533725000031)",Unfall 79616 (2020) Kat:3, Licht: 0,79616,3,6,3,03,12,7,0,0,1,1,0,0,0,0
"POINT (6.995813309000027 51.498427728000081)",Unfall 79739 (2020) Kat:3, Licht: 0,79739,3,6,2,03,16,6,0,0,0,1,0,0,0,0
"POINT (7.002996866000046 51.479449860000045)",Unfall 79760 (2020) Kat:3, Licht: 0,79760,3,6,2,03,16,3,0,0,0,1,0,0,0,0
"POINT (6.979687738000052 51.435271172000057)",Unfall 79830 (2020) Kat:3, Licht: 0,79830,3,1,0,03,17,5,0,0,1,0,0,0,0,0
"POINT (7.077971431000037 51.449277355000049)",Unfall 79856 (2020) Kat:3, Licht: 0,79856,3,6,1,03,12,3,0,0,0,1,0,0,0,0
"POINT (6.989786158000072 51.436429656000030)",Unfall 79886 (2020) Kat:3, Licht: 2,79886,3,5,9,03,01,1,0,2,0,1,0,0,0,0
"POINT (6.998621148000041 51.487663716000043)",Unfall 79990 (2020) Kat:3, Licht: 0,79990,3,3,5,03,10,3,0,0,0,1,0,0,1,0
"POINT (7.009222082000065 51.490499992000082)",Unfall 79999 (2020) Kat:3, Licht: 0,79999,3,4,6,03,11,2,0,0,0,0,1,0,0,1
"POINT (6.942446063000034 51.484444274000055)",Unfall 80092 (2020) Kat:3, Licht: 0,80092,3,7,0,04,13,5,0,0,1,0,0,0,0,0
"POINT (7.092722826000056 51.447784397000078)",Unfall 80109 (2020) Kat:3, Licht: 0,80109,3,6,2,03,12,4,0,0,0,1,0,0,0,1
"POINT (7.007048124000050 51.403254126000036)",Unfall 80263 (2020) Kat:2, Licht: 0,80263,2,1,0,03,15,7,0,0,1,0,0,0,0,0
"POINT (6.909373186000039 51.486613839000029)",Unfall 80284 (2020) Kat:2, Licht: 0,80284,2,6,2,03,12,3,0,0,0,1,0,1,0,0
"POINT (7.025851914000043 51.385618760000057)",Unfall 80288 (2020) Kat:3, Licht: 0,80288,3,6,2,03,14,3,0,0,0,1,0,0,0,0
"POINT (6.996580150000057 51.392630839000049)",Unfall 80290 (2020) Kat:2, Licht: 2,80290,2,1,8,03,20,3,0,2,0,1,0,0,0,0
"POINT (6.993007997000063 51.438864593000062)",Unfall 80292 (2020) Kat:3, Licht: 0,80292,3,3,5,03,07,3,0,0,0,1,0,0,0,0
"POINT (7.028917776000071 51.437633483000070)",Unfall 80296 (2020) Kat:3, Licht: 0,80296,3,2,6,03,15,3,0,0,0,1,1,0,0,0
"POINT (6.970655912000041 51.474658263000038)",Unfall 80302 (2020) Kat:3, Licht: 0,80302,3,6,2,03,16,3,0,0,0,1,0,1,0,0
"POINT (7.045583299000043 51.459871654000040)",Unfall 80405 (2020) Kat:2, Licht: 0,80405,2,6,1,04,10,5,0,0,0,1,0,0,0,1
"POINT (7.016501949000030 51.426134987000069)",Unfall 80500 (2020) Kat:3, Licht: 0,80500,3,2,0,04,15,2,0,0,1,1,0,0,0,0
"POINT (7.020113187000050 51.431098055000064)",Unfall 80515 (2020) Kat:2, Licht: 0,80515,2,6,3,04,12,7,0,0,0,1,0,1,0,0
"POINT (7.036730919000036 51.440499047000060)",Unfall 80544 (2020) Kat:3, Licht: 0,80544,3,7,0,04,12,1,0,0,0,1,0,0,0,0
"POINT (7.014356009000039 51.473330667000027)",Unfall 80587 (2020) Kat:3, Licht: 0,80587,3,2,5,04,12,6,0,0,1,1,0,0,0,0
"POINT (6.916354558000023 51.473441715000035)",Unfall 80609 (2020) Kat:3, Licht: 2,80609,3,1,0,04,23,2,0,2,1,0,0,0,0,0
"POINT (6.978045111000029 51.386885559000063)",Unfall 80701 (2020) Kat:2, Licht: 0,80701,2,7,0,04,14,1,0,0,0,0,0,1,0,0
"POINT (6.901513113000021 51.480573880000065)",Unfall 80766 (2020) Kat:3, Licht: 0,80766,3,7,0,04,19,3,0,0,1,0,0,0,0,0
"POINT (6.943830189000039 51.462868788000037)",Unfall 80767 (2020) Kat:3, Licht: 0,80767,3,2,5,04,15,6,0,0,0,1,0,0,0,0
"POINT (6.982688303000032 51.465961381000056)",Unfall 80768 (2020) Kat:2, Licht: 0,80768,2,2,0,04,13,3,0,0,1,0,0,0,0,0
"POINT (7.001438438000037 51.450270836000072)",Unfall 80771 (2020) Kat:3, Licht: 0,80771,3,6,1,04,11,3,0,0,0,1,0,0,0,0
"POINT (7.106240161000073 51.471770964000029)",Unfall 80779 (2020) Kat:3, Licht: 0,80779,3,1,2,04,12,4,0,0,0,1,0,0,0,1
"POINT (6.988881381000056 51.453517472000044)",Unfall 80788 (2020) Kat:3, Licht: 0,80788,3,3,5,04,16,5,0,0,1,1,0,0,0,0
"POINT (7.078358353000056 51.459221720000073)",Unfall 80841 (2020) Kat:3, Licht: 0,80841,3,5,8,04,16,6,0,0,0,0,0,1,0,0
"POINT (6.954345125000032 51.399664538000081)",Unfall 80890 (2020) Kat:2, Licht: 0,80890,2,2,5,04,09,4,0,0,0,1,0,0,0,0
"POINT (7.108499592000044 51.471581336000042)",Unfall 80909 (2020) Kat:2, Licht: 0,80909,2,7,7,04,15,3,0,0,0,0,0,1,0,0
"POINT (6.913697446000072 51.361899018000031)",Unfall 80941 (2020) Kat:3, Licht: 0,80941,3,6,4,04,11,6,0,0,0,1,0,0,0,0
"POINT (6.993007997000063 51.438864593000062)",Unfall 80963 (2020) Kat:3, Licht: 0,80963,3,2,5,04,14,5,0,0,0,1,0,1,0,0
"POINT (6.933576575000075 51.490008632000070)",Unfall 81005 (2020) Kat:3, Licht: 0,81005,3,1,0,04,15,1,0,0,1,0,0,0,0,0