WKT,Name,OBJECTID,UKATEGORIE,UTYP1,UART,UMONAT,USTUNDE,UWOCHENTAG,STRZUSTAND,ULICHTVERH,ISTRAD,ISTPKW,ISTFUSS,ISTKRAD,ISTGKFZ,ISTSONSTIG
"POINT (7.037864945000024 51.462500260000070)",Unfall 81131 (2020) Kat:3, Licht: 0,81131,3,4,6,04,16,4,0,0,0,1,1,0,0,0
"POINT (7.083705768000073 51.388352745000077)",Unfall 81153 (2020) Kat:2, Licht: 0,81153,2,1,2,04,16,7,0,0,1,1,0,1,0,0
"POINT (7.030963837000058 51.424090445000047)",Unfall 81216 (2020) Kat:3, Licht: 0,81216,3,2,4,04,15,3,0,0,1,1,0,0,0,0
"POINT (7.009685875000059 51.482180390000053)",Unfall 81314 (2020) Kat:3, Licht: 0,81314,3,7,0,04,15,7,1,0,1,0,0,0,0,0
"POINT (7.034051950000048 51.456499938000036)",Unfall 81346 (2020) Kat:1, Licht: 2,81346,1,1,4,04,04,6,0,2,0,1,0,0,0,0
"POINT (7.053598878000059 51.458737725000049)",Unfall 81409 (2020) Kat:3, Licht: 0,81409,3,2,5,04,15,5,0,0,0,1,0,0,0,0
"POINT (7.026366700000040 51.469928418000052)",Unfall 81419 (2020) Kat:3, Licht: 0,81419,3,2,3,04,07,5,0,0,1,1,0,0,0,0
"POINT (7.006932724000023 51.403228038000066)",Unfall 81476 (2020) Kat:3, Licht: 0,81476,3,1,0,04,11,6,0,0,1,0,0,0,0,0
"POINT (7.049411083000052 51.503500137000060)",Unfall 81622 (2020) Kat:3, Licht: 2,81622,3,7,0,04,01,3,0,2,1,0,0,0,0,0
"POINT (6.976493655000070 51.461412715000051)",Unfall 81730 (2020) Kat:3, Licht: 0,81730,3,2,5,04,14,4,0,0,0,1,0,1,0,0
"POINT (6.982940385000063 51.476776335000068)",Unfall 81806 (2020) Kat:3, Licht: 0,81806,3,6,2,04,12,5,0,0,0,1,0,0,0,0
"POINT (7.046999144000040 51.486896478000062)",Unfall 81926 (2020) Kat:3, Licht: 2,81926,3,2,5,04,21,5,0,2,0,1,0,1,0,0
"POINT (6.971788460000028 51.413078705000032)",Unfall 81979 (2020) Kat:2, Licht: 0,81979,2,1,0,04,17,7,0,0,0,1,0,1,0,0
"POINT (7.067498706000038 51.464269824000041)",Unfall 81994 (2020) Kat:3, Licht: 0,81994,3,1,3,04,20,3,1,0,0,1,0,0,0,0
"POINT (6.980246011000077 51.381788416000063)",Unfall 82031 (2020) Kat:3, Licht: 0,82031,3,7,5,04,16,2,0,0,1,1,0,0,0,0
"POINT (6.948472711000022 51.482184275000066)",Unfall 82101 (2020) Kat:3, Licht: 0,82101,3,2,5,04,17,1,0,0,0,1,0,0,0,0
"POINT (7.087980505000076 51.421970017000035)",Unfall 82145 (2020) Kat:3, Licht: 0,82145,3,2,3,04,13,3,0,0,0,0,0,1,0,1
"POINT (6.978566260000036 51.476413682000043)",Unfall 82151 (2020) Kat:3, Licht: 0,82151,3,2,4,04,11,4,1,0,0,1,0,0,0,0
"POINT (7.062137371000063 51.485262603000081)",Unfall 82192 (2020) Kat:3, Licht: 0,82192,3,6,2,04,16,2,0,0,1,1,0,1,0,0
"POINT (6.955017769000051 51.448313765000080)",Unfall 82269 (2020) Kat:3, Licht: 2,82269,3,1,0,04,21,2,0,2,1,0,0,0,0,0
"POINT (6.955645946000061 51.364953560000060)",Unfall 82340 (2020) Kat:2, Licht: 0,82340,2,1,0,04,15,1,0,0,0,0,0,1,0,0
"POINT (7.105298813000047 51.384560870000030)",Unfall 82401 (2020) Kat:2, Licht: 0,82401,2,7,5,05,10,1,0,0,0,1,0,1,0,0
"POINT (7.025827841000023 51.385995260000072)",Unfall 82404 (2020) Kat:2, Licht: 0,82404,2,2,4,05,13,1,0,0,0,1,0,1,0,0
"POINT (6.917521759000067 51.487393446000056)",Unfall 82429 (2020) Kat:3, Licht: 0,82429,3,2,5,04,12,5,0,0,0,1,0,0,0,1
"POINT (6.944247056000052 51.390532599000039)",Unfall 82438 (2020) Kat:3, Licht: 0,82438,3,6,2,04,14,5,0,0,0,1,0,0,0,0
"POINT (7.015473057000065 51.441348471000026)",Unfall 82448 (2020) Kat:3, Licht: 0,82448,3,1,0,04,08,5,0,0,1,0,0,0,0,0
"POINT (6.982938381000054 51.476778704000026)",Unfall 82495 (2020) Kat:3, Licht: 0,82495,3,7,0,05,13,3,0,0,0,1,0,0,0,1
"POINT (7.039786162000041 51.447934282000062)",Unfall 82603 (2020) Kat:3, Licht: 0,82603,3,2,4,05,12,4,0,0,0,1,0,1,0,0
"POINT (6.962726021000037 51.462223811000058)",Unfall 82632 (2020) Kat:3, Licht: 2,82632,3,1,8,05,03,6,1,2,0,1,0,0,0,0
"POINT (7.003792796000028 51.482288914000037)",Unfall 82674 (2020) Kat:3, Licht: 0,82674,3,6,2,05,16,3,0,0,0,1,0,0,0,0
"POINT (6.977360277000059 51.472885677000079)",Unfall 82759 (2020) Kat:3, Licht: 0,82759,3,6,1,05,07,3,0,0,0,1,0,0,0,0
"POINT (6.996414050000055 51.441101079000077)",Unfall 82812 (2020) Kat:3, Licht: 0,82812,3,1,0,05,11,5,0,0,1,0,0,0,0,0
"POINT (7.016498746000025 51.441547137000043)",Unfall 83055 (2020) Kat:2, Licht: 0,83055,2,7,0,05,06,7,0,0,0,0,0,1,0,0
"POINT (7.076387119000060 51.450654537000048)",Unfall 83207 (2020) Kat:3, Licht: 0,83207,3,6,0,05,11,4,0,0,1,0,1,0,0,0
"POINT (6.982986960000062 51.442433994000055)",Unfall 83219 (2020) Kat:3, Licht: 0,83219,3,3,5,05,18,3,0,0,0,1,0,0,0,0
"POINT (6.971351330000061 51.442645808000066)",Unfall 83233 (2020) Kat:3, Licht: 0,83233,3,6,2,05,14,2,0,0,0,1,0,0,0,0
"POINT (6.928077127000051 51.465756970000029)",Unfall 83253 (2020) Kat:3, Licht: 0,83253,3,6,1,05,13,7,0,0,0,1,0,0,0,0
"POINT (6.975994467000021 51.446269758000028)",Unfall 83271 (2020) Kat:3, Licht: 0,83271,3,1,0,05,07,2,0,0,0,0,0,1,0,0
"POINT (7.060920204000070 51.487997519000032)",Unfall 83365 (2020) Kat:3, Licht: 1,83365,3,1,9,05,05,1,0,1,0,1,0,0,0,0
"POINT (6.978265462000024 51.418495149000080)",Unfall 83371 (2020) Kat:2, Licht: 0,83371,2,4,6,05,07,3,0,0,0,0,1,0,1,0
"POINT (7.001277969000057 51.451167004000069)",Unfall 83469 (2020) Kat:3, Licht: 0,83469,3,6,2,05,16,3,0,0,0,1,0,0,0,0
"POINT (7.081719916000054 51.405394076000050)",Unfall 83472 (2020) Kat:3, Licht: 0,83472,3,6,2,05,13,3,0,0,0,1,0,1,0,0
"POINT (7.082894470000042 51.390472577000025)",Unfall 83516 (2020) Kat:2, Licht: 0,83516,2,7,0,05,11,6,0,0,0,0,1,0,0,1
"POINT (7.016415142000028 51.450245656000050)",Unfall 83551 (2020) Kat:3, Licht: 0,83551,3,6,2,05,13,4,0,0,0,1,0,0,0,0
"POINT (6.972599108000054 51.373028691000059)",Unfall 83573 (2020) Kat:3, Licht: 0,83573,3,1,0,05,12,2,0,0,1,0,0,0,0,0
"POINT (7.075748963000024 51.464413150000041)",Unfall 83640 (2020) Kat:3, Licht: 0,83640,3,7,3,05,14,6,0,0,0,1,0,0,1,0
"POINT (6.972301548000075 51.461560486000053)",Unfall 83790 (2020) Kat:3, Licht: 0,83790,3,6,3,05,11,2,0,0,1,1,0,0,0,0
"POINT (7.031841417000067 51.499597320000078)",Unfall 83889 (2020) Kat:3, Licht: 0,83889,3,3,5,05,12,5,0,0,0,1,0,0,0,0
"POINT (7.008689571000048 51.525605337000059)",Unfall 83891 (2020) Kat:3, Licht: 0,83891,3,7,0,05,16,6,1,0,1,0,0,0,0,0
"POINT (6.993272672000046 51.408801936000032)",Unfall 83957 (2020) Kat:3, Licht: 0,83957,3,7,4,05,11,5,0,0,0,1,0,1,0,0
"POINT (7.013788407000050 51.474473640000042)",Unfall 84047 (2020) Kat:3, Licht: 0,84047,3,2,0,05,18,5,0,0,0,1,0,0,0,0
"POINT (7.094268244000034 51.449123353000061)",Unfall 84049 (2020) Kat:3, Licht: 0,84049,3,1,4,05,11,6,0,0,0,1,0,0,0,0
"POINT (6.933103259000063 51.358425435000072)",Unfall 84177 (2020) Kat:3, Licht: 0,84177,3,7,6,05,11,7,0,0,0,1,1,0,0,0
"POINT (6.975678337000034 51.446142939000026)",Unfall 84183 (2020) Kat:3, Licht: 0,84183,3,1,0,05,19,7,0,0,0,0,0,1,0,0
"POINT (7.012443192000035 51.461968390000038)",Unfall 84187 (2020) Kat:3, Licht: 0,84187,3,3,5,05,19,7,0,0,1,0,0,1,0,0
"POINT (7.033267341000055 51.473565879000034)",Unfall 84222 (2020) Kat:3, Licht: 0,84222,3,4,6,05,18,2,0,0,0,1,1,0,0,0
"POINT (7.032988452000041 51.499904594000043)",Unfall 84246 (2020) Kat:3, Licht: 0,84246,3,6,1,05,07,3,0,0,0,1,0,0,0,0
"POINT (7.033838255000035 51.473904901000026)",Unfall 84325 (2020) Kat:3, Licht: 2,84325,3,1,8,05,00,1,0,2,0,1,0,0,0,0
"POINT (6.982941483000047 51.476775038000028)",Unfall 84327 (2020) Kat:3, Licht: 0,84327,3,3,5,05,08,1,0,0,0,1,0,0,0,0
"POINT (7.012681297000029 51.531538526000077)",Unfall 84359 (2020) Kat:3, Licht: 0,84359,3,1,0,05,15,3,0,0,1,0,0,0,0,0
"POINT (7.000704453000026 51.482922320000057)",Unfall 84411 (2020) Kat:3, Licht: 0,84411,3,6,2,05,14,4,0,0,0,1,0,0,0,0
"POINT (6.975969565000071 51.446259768000061)",Unfall 84429 (2020) Kat:2, Licht: 0,84429,2,1,0,05,08,4,0,0,0,0,0,1,0,0
"POINT (7.100936542000056 51.417193584000074)",Unfall 84479 (2020) Kat:3, Licht: 0,84479,3,5,2,05,15,6,0,0,0,1,0,1,0,0
"POINT (7.070299283000054 51.464345180000066)",Unfall 84488 (2020) Kat:3, Licht: 0,84488,3,6,3,05,09,4,0,0,0,1,0,0,1,0
"POINT (7.005379633000075 51.456904013000042)",Unfall 84559 (2020) Kat:3, Licht: 0,84559,3,3,5,05,09,6,0,0,1,1,0,0,0,0
"POINT (6.973861079000074 51.461580375000040)",Unfall 84605 (2020) Kat:3, Licht: 2,84605,3,6,2,05,22,6,0,2,0,1,0,0,0,0
"POINT (6.986017544000049 51.436561443000073)",Unfall 84612 (2020) Kat:3, Licht: 0,84612,3,6,2,05,20,5,0,0,0,1,0,0,0,1
"POINT (6.999817504000021 51.441836692000038)",Unfall 84661 (2020) Kat:3, Licht: 0,84661,3,5,0,05,13,6,0,0,1,1,0,0,0,0
"POINT (6.963084997000067 51.441347191000034)",Unfall 84675 (2020) Kat:3, Licht: 0,84675,3,6,2,05,16,6,0,0,0,1,0,0,0,0
"POINT (7.063363099000071 51.481948860000045)",Unfall 84694 (2020) Kat:3, Licht: 0,84694,3,6,4,05,11,1,0,0,0,1,0,0,0,0
"POINT (7.007122079000055 51.510830713000075)",Unfall 84697 (2020) Kat:3, Licht: 0,84697,3,6,2,05,14,1,0,0,0,1,0,0,0,1
"POINT (6.977336157000025 51.414344416000063)",Unfall 84699 (2020) Kat:3, Licht: 0,84699,3,6,1,05,17,1,0,0,0,1,0,0,0,0
"POINT (7.098585805000027 51.437750303000030)",Unfall 84701 (2020) Kat:3, Licht: 0,84701,3,5,1,05,14,1,0,0,1,1,0,0,0,0
"POINT (6.965564772000050 51.407143128000030)",Unfall 84893 (2020) Kat:2, Licht: 0,84893,2,2,5,05,12,7,0,0,0,1,0,1,0,0
"POINT (6.962796181000044 51.425243689000069)",Unfall 84895 (2020) Kat:3, Licht: 0,84895,3,1,0,05,19,7,0,0,1,0,0,0,0,0
"POINT (6.984489360000055 51.503186521000032)",Unfall 84902 (2020) Kat:3, Licht: 0,84902,3,6,2,05,18,7,0,0,0,1,0,0,0,0
"POINT (6.987480012000049 51.503251004000049)",Unfall 85046 (2020) Kat:3, Licht: 2,85046,3,1,9,06,22,5,1,2,0,1,0,0,0,0
"POINT (7.038845023000022 51.449919868000052)",Unfall 85115 (2020) Kat:3, Licht: 0,85115,3,1,9,06,18,5,1,0,0,1,0,0,0,0
"POINT (6.943036533000054 51.386825848000058)",Unfall 85134 (2020) Kat:3, Licht: 0,85134,3,5,5,06,20,4,0,0,1,1,0,0,0,0
"POINT (6.998381166000058 51.446506257000067)",Unfall 85149 (2020) Kat:3, Licht: 0,85149,3,6,2,06,14,4,0,0,0,1,0,0,0,0
"POINT (7.051032695000060 51.433892405000051)",Unfall 85150 (2020) Kat:3, Licht: 0,85150,3,6,2,06,17,6,1,0,0,1,0,0,0,0
"POINT (7.007219571000064 51.453298363000044)",Unfall 85227 (2020) Kat:3, Licht: 0,85227,3,2,2,06,17,4,0,0,0,1,0,0,0,0
"POINT (6.994228631000055 51.491839386000038)",Unfall 85251 (2020) Kat:3, Licht: 0,85251,3,3,5,06,11,3,0,0,0,1,0,0,0,1
"POINT (7.089615162000030 51.466552041000057)",Unfall 85275 (2020) Kat:3, Licht: 0,85275,3,6,2,06,13,6,1,0,0,1,0,0,0,0
"POINT (7.006750480000051 51.470972787000051)",Unfall 85280 (2020) Kat:3, Licht: 2,85280,3,1,8,06,04,4,0,2,0,1,0,0,0,0
"POINT (7.007528197000056 51.416910833000031)",Unfall 85304 (2020) Kat:3, Licht: 0,85304,3,7,9,06,16,3,0,0,0,1,0,0,0,0
"POINT (7.104603390000023 51.458270697000046)",Unfall 85368 (2020) Kat:2, Licht: 0,85368,2,2,5,06,11,4,0,0,1,1,0,0,0,0
"POINT (7.089774040000066 51.466491414000075)",Unfall 85410 (2020) Kat:3, Licht: 2,85410,3,6,2,06,22,3,0,2,0,1,0,0,0,0
"POINT (7.038091761000032 51.462568294000050)",Unfall 85431 (2020) Kat:3, Licht: 0,85431,3,1,0,06,14,2,1,0,0,0,0,1,0,0
"POINT (7.075990629000046 51.451223405000064)",Unfall 85434 (2020) Kat:3, Licht: 0,85434,3,7,0,06,10,2,0,0,1,0,0,0,0,0
"POINT (7.048434734000068 51.497776681000062)",Unfall 85542 (2020) Kat:3, Licht: 0,85542,3,7,5,06,15,4,0,0,1,0,0,0,0,1
"POINT (6.976063406000037 51.443326685000045)",Unfall 85614 (2020) Kat:3, Licht: 0,85614,3,6,2,06,11,1,0,0,0,1,0,0,0,1
"POINT (7.085478742000021 51.397649440000066)",Unfall 85642 (2020) Kat:3, Licht: 0,85642,3,1,8,06,18,4,0,0,1,0,0,0,0,0
"POINT (6.971984812000073 51.442738519000045)",Unfall 85713 (2020) Kat:3, Licht: 0,85713,3,6,2,06,11,4,0,0,0,1,0,0,0,0
"POINT (6.944304362000025 51.361379976000080)",Unfall 85715 (2020) Kat:3, Licht: 0,85715,3,6,2,06,13,7,0,0,0,1,0,0,0,0
"POINT (7.048745146000044 51.427587125000059)",Unfall 85718 (2020) Kat:3, Licht: 0,85718,3,1,8,06,18,7,1,0,0,1,0,0,0,0
"POINT (6.942011272000059 51.367006978000063)",Unfall 85727 (2020) Kat:3, Licht: 0,85727,3,2,5,06,10,3,0,0,0,1,0,1,0,0
"POINT (7.002267268000026 51.388287104000028)",Unfall 85767 (2020) Kat:3, Licht: 0,85767,3,4,6,06,10,4,0,0,0,1,1,0,0,0
"POINT (6.993394809000051 51.439057045000027)",Unfall 85788 (2020) Kat:3, Licht: 0,85788,3,1,0,06,09,3,1,0,1,0,0,0,0,0
"POINT (6.974584085000060 51.443303143000037)",Unfall 85800 (2020) Kat:3, Licht: 0,85800,3,6,2,06,13,6,0,0,0,1,0,0,0,0
"POINT (7.022775523000064 51.511166285000058)",Unfall 85802 (2020) Kat:2, Licht: 0,85802,2,1,8,06,13,1,1,0,0,1,0,0,0,0
"POINT (6.998278166000034 51.488717132000033)",Unfall 85876 (2020) Kat:3, Licht: 0,85876,3,7,6,06,10,6,0,0,0,1,1,0,0,0
"POINT (6.980494071000067 51.436275249000062)",Unfall 85878 (2020) Kat:3, Licht: 0,85878,3,1,0,06,19,6,0,0,1,0,0,0,0,0
"POINT (6.972117952000076 51.444722779000074)",Unfall 85882 (2020) Kat:2, Licht: 0,85882,2,4,6,06,14,6,0,0,0,1,1,0,0,0
"POINT (7.001454555000066 51.481682595000052)",Unfall 85883 (2020) Kat:3, Licht: 0,85883,3,6,2,06,15,3,1,0,0,1,0,0,0,1
"POINT (7.094294262000062 51.449135197000032)",Unfall 85893 (2020) Kat:3, Licht: 0,85893,3,3,5,06,18,6,0,0,0,1,0,0,0,1
"POINT (6.978193713000053 51.504563333000078)",Unfall 85914 (2020) Kat:3, Licht: 0,85914,3,6,1,06,09,6,0,0,0,1,0,0,0,0
"POINT (7.002940319000061 51.388398510000059)",Unfall 85973 (2020) Kat:3, Licht: 0,85973,3,7,0,06,11,3,1,0,0,1,0,0,0,1
"POINT (7.030280945000072 51.499210104000042)",Unfall 86093 (2020) Kat:3, Licht: 0,86093,3,2,5,06,10,1,0,0,1,1,0,0,0,0
"POINT (7.082333521000066 51.387357498000028)",Unfall 86119 (2020) Kat:3, Licht: 0,86119,3,6,3,06,15,2,0,0,0,1,0,0,0,0
"POINT (7.048629944000027 51.446570935000068)",Unfall 86125 (2020) Kat:3, Licht: 0,86125,3,2,6,06,12,7,0,0,0,1,1,0,0,0
"POINT (6.930302740000059 51.356234314000062)",Unfall 86157 (2020) Kat:2, Licht: 0,86157,2,1,8,06,10,3,1,0,0,0,0,1,0,0
"POINT (7.050242160000039 51.458676892000028)",Unfall 86161 (2020) Kat:3, Licht: 0,86161,3,6,2,06,12,3,1,0,0,0,0,0,1,0
"POINT (6.957175218000032 51.462941197000077)",Unfall 86258 (2020) Kat:3, Licht: 0,86258,3,2,4,06,09,5,0,0,0,1,0,0,0,0
"POINT (7.005081045000054 51.459229099000027)",Unfall 86262 (2020) Kat:3, Licht: 0,86262,3,6,1,06,17,5,0,0,0,1,0,0,0,0
"POINT (7.034463505000076 51.511751425000057)",Unfall 86286 (2020) Kat:2, Licht: 0,86286,2,5,4,06,20,6,0,0,0,1,0,1,0,0
"POINT (7.063522313000021 51.463588766000044)",Unfall 86366 (2020) Kat:2, Licht: 0,86366,2,6,2,06,07,5,1,0,0,1,0,0,0,0
"POINT (7.034096573000056 51.461532859000044)",Unfall 86373 (2020) Kat:3, Licht: 0,86373,3,7,1,06,12,6,0,0,1,1,0,0,0,0
"POINT (6.983110365000073 51.476821398000027)",Unfall 86523 (2020) Kat:2, Licht: 2,86523,2,2,5,06,23,7,0,2,0,1,0,1,0,0
"POINT (7.007551133000050 51.519547918000058)",Unfall 86540 (2020) Kat:3, Licht: 0,86540,3,6,2,06,18,4,0,0,0,1,0,0,0,1
"POINT (7.005476223000073 51.388457783000035)",Unfall 86541 (2020) Kat:3, Licht: 1,86541,3,6,0,06,20,4,1,1,0,1,0,0,0,0
"POINT (7.013692466000066 51.433293167000045)",Unfall 86543 (2020) Kat:3, Licht: 0,86543,3,4,0,06,17,4,0,0,0,1,1,0,0,0
"POINT (6.985662664000074 51.411676068000077)",Unfall 86555 (2020) Kat:3, Licht: 0,86555,3,5,1,06,18,6,0,0,0,1,0,1,0,0
"POINT (7.041584910000040 51.447660532000043)",Unfall 86673 (2020) Kat:3, Licht: 0,86673,3,7,1,06,13,7,0,0,0,1,0,0,0,1
"POINT (7.005254537000042 51.388453597000080)",Unfall 86680 (2020) Kat:3, Licht: 0,86680,3,7,5,06,15,4,0,0,0,1,0,0,0,0
"POINT (7.108717950000028 51.439372730000059)",Unfall 86692 (2020) Kat:3, Licht: 0,86692,3,3,0,06,09,3,0,0,0,1,0,0,0,1
"POINT (6.966037337000046 51.461404169000048)",Unfall 86845 (2020) Kat:3, Licht: 0,86845,3,7,6,06,09,5,0,0,0,1,1,0,0,0
"POINT (6.929431615000055 51.464835528000037)",Unfall 86900 (2020) Kat:2, Licht: 2,86900,2,2,5,06,00,3,0,2,0,1,0,1,0,0
"POINT (7.009909059000052 51.492652855000074)",Unfall 86966 (2020) Kat:3, Licht: 2,86966,3,7,0,06,22,2,0,2,0,0,0,1,0,0
"POINT (6.971410771000024 51.444440628000052)",Unfall 86972 (2020) Kat:3, Licht: 0,86972,3,7,4,06,09,2,0,0,0,1,0,1,0,0
"POINT (6.998496197000065 51.517883439000059)",Unfall 87055 (2020) Kat:3, Licht: 0,87055,3,7,0,06,11,5,0,0,1,0,0,0,0,0
"POINT (6.998386218000064 51.488084467000078)",Unfall 87107 (2020) Kat:3, Licht: 0,87107,3,3,1,06,12,3,0,0,1,1,0,0,0,0
"POINT (7.010174106000022 51.481580577000045)",Unfall 87350 (2020) Kat:3, Licht: 0,87350,3,7,6,06,18,6,0,0,0,1,1,0,0,0
"POINT (6.977970850000077 51.449797260000082)",Unfall 87361 (2020) Kat:3, Licht: 0,87361,3,7,0,06,10,7,0,0,0,1,1,0,0,0
"POINT (7.033474424000076 51.473689188000037)",Unfall 87481 (2020) Kat:3, Licht: 0,87481,3,6,4,07,15,4,0,0,0,1,0,0,0,0
"POINT (6.951869495000040 51.495218550000061)",Unfall 87522 (2020) Kat:3, Licht: 0,87522,3,6,3,06,11,3,0,0,0,1,0,0,0,1
"POINT (6.982338009000046 51.444440378000081)",Unfall 87525 (2020) Kat:3, Licht: 0,87525,3,6,2,07,16,5,1,0,0,1,0,0,0,0
"POINT (6.974748858000055 51.427211612000065)",Unfall 87529 (2020) Kat:3, Licht: 0,87529,3,7,0,06,16,3,0,0,1,1,0,0,0,0
"POINT (6.996633586000030 51.469387551000068)",Unfall 87531 (2020) Kat:3, Licht: 0,87531,3,6,2,06,13,3,0,0,0,1,0,0,0,0
"POINT (6.957175218000032 51.462941197000077)",Unfall 87567 (2020) Kat:3, Licht: 0,87567,3,6,2,07,16,5,0,0,0,1,0,0,0,0
"POINT (6.935495827000068 51.370008997000070)",Unfall 87677 (2020) Kat:3, Licht: 0,87677,3,3,5,07,07,4,1,0,0,1,0,1,0,0
"POINT (7.075807426000040 51.451725645000067)",Unfall 87744 (2020) Kat:3, Licht: 0,87744,3,1,9,07,12,1,1,0,0,1,0,1,0,0
"POINT (7.039187779000031 51.476481346000071)",Unfall 87846 (2020) Kat:3, Licht: 0,87846,3,3,5,07,20,7,1,0,0,1,0,1,0,0
"POINT (6.967586493000056 51.461221529000056)",Unfall 87848 (2020) Kat:3, Licht: 0,87848,3,2,5,07,15,7,0,0,0,1,0,0,0,0
"POINT (6.945767915000033 51.392610897000054)",Unfall 87851 (2020) Kat:3, Licht: 0,87851,3,6,2,07,14,7,1,0,0,1,0,0,0,0
"POINT (7.044942876000050 51.436491331000070)",Unfall 87853 (2020) Kat:3, Licht: 0,87853,3,1,0,07,18,7,0,0,1,0,0,0,0,0
"POINT (7.013793609000061 51.474457542000039)",Unfall 87903 (2020) Kat:3, Licht: 0,87903,3,6,1,07,16,2,0,0,0,1,0,0,0,0
"POINT (6.940457829000025 51.462392905000058)",Unfall 87919 (2020) Kat:3, Licht: 0,87919,3,7,4,07,13,2,1,0,0,1,0,0,0,0
"POINT (7.084225938000031 51.384583038000073)",Unfall 87933 (2020) Kat:2, Licht: 0,87933,2,7,5,07,19,2,0,0,0,1,0,0,0,1
"POINT (6.997154450000039 51.458733072000030)",Unfall 88021 (2020) Kat:3, Licht: 0,88021,3,1,9,07,14,6,0,0,0,1,0,0,0,0
"POINT (6.983026559000052 51.476806817000067)",Unfall 88052 (2020) Kat:2, Licht: 0,88052,2,7,5,07,14,1,1,0,1,1,0,0,0,0
"POINT (7.035321906000036 51.474195727000051)",Unfall 88149 (2020) Kat:3, Licht: 0,88149,3,6,2,07,16,4,1,0,0,1,0,0,0,0
"POINT (7.003870000000063 51.459368243000029)",Unfall 88154 (2020) Kat:3, Licht: 0,88154,3,3,5,07,16,5,0,0,0,1,0,0,0,0
"POINT (7.007224887000064 51.517762431000051)",Unfall 88224 (2020) Kat:3, Licht: 0,88224,3,7,0,07,16,6,0,0,0,1,0,0,0,0
"POINT (6.974021138000069 51.479237362000049)",Unfall 88311 (2020) Kat:3, Licht: 0,88311,3,2,3,07,16,7,0,0,0,1,0,1,0,0
"POINT (6.999177283000051 51.387048581000045)",Unfall 88466 (2020) Kat:3, Licht: 1,88466,3,1,9,07,05,4,1,1,0,1,0,0,0,0
"POINT (6.952142520000052 51.481043394000039)",Unfall 88486 (2020) Kat:3, Licht: 0,88486,3,1,1,07,08,1,0,0,0,1,0,0,0,0
"POINT (6.981844896000041 51.476627264000058)",Unfall 88874 (2020) Kat:3, Licht: 0,88874,3,3,5,07,12,2,0,0,0,1,0,0,0,0
"POINT (7.006800507000037 51.515109338000059)",Unfall 89022 (2020) Kat:3, Licht: 0,89022,3,2,1,07,21,2,0,0,0,1,0,0,0,0
"POINT (7.000269886000069 51.446710078000081)",Unfall 89034 (2020) Kat:3, Licht: 2,89034,3,1,8,07,15,7,0,2,0,1,0,0,0,0
"POINT (7.102708636000045 51.472230127000046)",Unfall 89067 (2020) Kat:3, Licht: 0,89067,3,6,0,07,20,2,0,0,0,0,0,1,0,0
"POINT (6.946203760000060 51.463264694000031)",Unfall 89096 (2020) Kat:2, Licht: 0,89096,2,1,0,07,11,5,1,0,0,0,0,1,0,0
"POINT (7.049009089000037 51.505551561000061)",Unfall 89170 (2020) Kat:3, Licht: 0,89170,3,3,5,07,21,1,0,0,1,1,0,0,0,0
"POINT (7.017557235000027 51.445412471000054)",Unfall 89173 (2020) Kat:2, Licht: 0,89173,2,3,5,07,17,5,0,0,0,0,0,0,0,1
"POINT (6.978518734000033 51.476437107000038)",Unfall 89244 (2020) Kat:3, Licht: 1,89244,3,1,0,07,21,4,0,1,0,1,0,1,0,0
"POINT (7.037409913000033 51.439824952000038)",Unfall 89247 (2020) Kat:3, Licht: 0,89247,3,1,1,07,15,4,0,0,0,1,0,1,0,0
"POINT (6.994350688000054 51.436561862000076)",Unfall 89250 (2020) Kat:3, Licht: 0,89250,3,2,5,07,08,4,0,0,1,1,0,0,0,0
"POINT (6.963599852000073 51.454841716000033)",Unfall 89252 (2020) Kat:3, Licht: 2,89252,3,6,3,07,21,4,0,2,0,1,0,0,0,0
"POINT (6.916382460000023 51.473445941000080)",Unfall 89273 (2020) Kat:3, Licht: 0,89273,3,1,8,07,06,6,0,0,0,1,0,0,0,0
"POINT (6.979025468000032 51.419356566000033)",Unfall 89357 (2020) Kat:3, Licht: 0,89357,3,3,5,07,10,7,0,0,0,1,0,0,0,0
"POINT (7.007494176000023 51.451624266000067)",Unfall 89358 (2020) Kat:3, Licht: 0,89358,3,2,6,07,09,6,0,0,0,1,1,0,0,0
"POINT (7.084280970000066 51.465362259000074)",Unfall 89379 (2020) Kat:3, Licht: 0,89379,3,6,8,07,19,5,0,0,0,1,0,0,0,0
"POINT (7.078269783000053 51.459549676000051)",Unfall 89533 (2020) Kat:3, Licht: 0,89533,3,2,5,07,19,6,0,0,0,1,0,0,0,0
"POINT (6.956433997000033 51.448017883000034)",Unfall 89540 (2020) Kat:3, Licht: 0,89540,3,1,4,07,13,3,0,0,1,1,0,0,0,0
"POINT (7.015676775000031 51.456674177000082)",Unfall 89643 (2020) Kat:3, Licht: 0,89643,3,2,5,07,19,4,0,0,1,1,0,0,0,0
"POINT (7.026333597000075 51.452680965000070)",Unfall 89713 (2020) Kat:3, Licht: 0,89713,3,1,8,07,09,3,0,0,1,0,0,0,0,0