WKT,Name,OBJECTID,UKATEGORIE,UTYP1,UART,UMONAT,USTUNDE,UWOCHENTAG,STRZUSTAND,ULICHTVERH,ISTRAD,ISTPKW,ISTFUSS,ISTKRAD,ISTGKFZ,ISTSONSTIG
"POINT (7.004505984000048 51.434122151000054)",Unfall 89771 (2020) Kat:3, Licht: 0,89771,3,7,0,07,11,6,0,0,0,0,1,0,0,1
"POINT (7.024079786000073 51.511561827000037)",Unfall 89822 (2020) Kat:3, Licht: 0,89822,3,6,2,07,15,6,0,0,0,1,0,0,0,0
"POINT (6.978851173000066 51.447933389000070)",Unfall 89896 (2020) Kat:3, Licht: 0,89896,3,7,0,07,10,3,0,0,1,0,0,0,0,0
"POINT (6.988422656000068 51.412073607000082)",Unfall 89953 (2020) Kat:3, Licht: 0,89953,3,6,2,07,11,6,0,0,0,1,0,0,1,0
"POINT (7.021556056000065 51.510455345000082)",Unfall 89972 (2020) Kat:3, Licht: 0,89972,3,6,2,07,16,6,0,0,0,1,0,0,0,0
"POINT (7.085486614000047 51.397665238000059)",Unfall 90079 (2020) Kat:2, Licht: 0,90079,2,2,5,08,18,2,0,0,0,1,0,1,0,0
"POINT (7.078106268000056 51.464776178000079)",Unfall 90081 (2020) Kat:3, Licht: 0,90081,3,6,2,08,07,2,0,0,0,1,0,0,0,1
"POINT (7.024081912000042 51.453252107000026)",Unfall 90099 (2020) Kat:2, Licht: 0,90099,2,2,6,08,16,4,0,0,0,1,1,0,0,0
"POINT (7.016607221000072 51.454853516000071)",Unfall 90207 (2020) Kat:3, Licht: 0,90207,3,1,9,08,06,1,0,0,0,1,0,0,0,0
"POINT (6.987107003000062 51.451438442000040)",Unfall 90217 (2020) Kat:3, Licht: 0,90217,3,6,2,08,15,2,0,0,0,1,0,0,0,1
"POINT (7.025848581000048 51.385606963000043)",Unfall 90427 (2020) Kat:2, Licht: 1,90427,2,1,8,08,05,7,0,1,0,0,0,1,0,0
"POINT (7.003466589000027 51.438728730000037)",Unfall 90431 (2020) Kat:3, Licht: 0,90431,3,6,2,08,15,7,0,0,0,1,0,0,0,0
"POINT (7.092735682000068 51.447827689000064)",Unfall 90435 (2020) Kat:3, Licht: 0,90435,3,6,2,08,16,7,0,0,0,1,0,0,0,0
"POINT (7.014852627000039 51.432353033000027)",Unfall 90438 (2020) Kat:3, Licht: 0,90438,3,3,5,08,07,2,0,0,1,1,0,0,0,0
"POINT (6.970024180000053 51.442368871000042)",Unfall 90449 (2020) Kat:3, Licht: 0,90449,3,6,2,08,15,4,0,0,0,1,0,0,0,0
"POINT (7.040496118000021 51.454299583000079)",Unfall 90581 (2020) Kat:3, Licht: 0,90581,3,6,3,08,07,5,0,0,0,1,0,0,1,0
"POINT (7.047138690000054 51.427128259000028)",Unfall 90645 (2020) Kat:3, Licht: 2,90645,3,1,0,08,00,7,0,2,1,0,0,0,0,0
"POINT (6.956883640000058 51.468668120000075)",Unfall 90660 (2020) Kat:3, Licht: 0,90660,3,6,1,08,15,5,0,0,0,1,0,0,0,0
"POINT (7.001273921000063 51.465039046000072)",Unfall 90661 (2020) Kat:2, Licht: 0,90661,2,3,5,08,14,6,0,0,0,1,0,0,0,0
"POINT (6.930857982000021 51.481608896000068)",Unfall 90662 (2020) Kat:3, Licht: 0,90662,3,6,2,08,18,5,0,0,0,1,0,0,0,0
"POINT (6.980187509000075 51.460672789000057)",Unfall 90670 (2020) Kat:3, Licht: 0,90670,3,4,6,08,13,5,0,0,0,1,1,0,0,0
"POINT (7.007746704000056 51.468243776000065)",Unfall 90673 (2020) Kat:3, Licht: 0,90673,3,6,2,08,16,5,0,0,0,1,0,0,0,0
"POINT (7.009573030000070 51.508822002000045)",Unfall 90771 (2020) Kat:3, Licht: 0,90771,3,3,5,08,15,6,0,0,0,1,0,0,0,0
"POINT (7.003314438000075 51.438733467000077)",Unfall 90855 (2020) Kat:3, Licht: 0,90855,3,3,0,08,17,2,0,0,1,1,0,0,0,0
"POINT (7.012836560000039 51.450005971000053)",Unfall 90892 (2020) Kat:3, Licht: 0,90892,3,3,5,08,17,3,1,0,1,1,0,0,0,0
"POINT (7.013172606000069 51.443600597000056)",Unfall 91012 (2020) Kat:3, Licht: 0,91012,3,6,0,08,08,3,0,0,0,1,0,1,0,0
"POINT (6.973325097000043 51.432077133000064)",Unfall 91023 (2020) Kat:3, Licht: 0,91023,3,1,4,08,10,1,0,0,0,1,0,0,0,0
"POINT (7.043398408000030 51.447369929000047)",Unfall 91245 (2020) Kat:3, Licht: 0,91245,3,6,1,08,15,5,0,0,0,1,0,0,0,0
"POINT (7.010532243000057 51.498129173000052)",Unfall 91286 (2020) Kat:3, Licht: 0,91286,3,2,3,08,11,4,0,0,1,1,0,0,0,0
"POINT (7.012693232000061 51.494236333000060)",Unfall 91301 (2020) Kat:3, Licht: 0,91301,3,4,6,08,08,4,0,0,0,1,1,0,0,0
"POINT (6.998483092000072 51.487545711000053)",Unfall 91326 (2020) Kat:3, Licht: 0,91326,3,6,3,08,20,4,0,0,0,1,0,1,0,0
"POINT (6.972359137000069 51.479106998000077)",Unfall 91328 (2020) Kat:2, Licht: 0,91328,2,1,3,08,15,4,0,0,0,1,0,0,0,0
"POINT (6.998915908000072 51.422180026000035)",Unfall 91348 (2020) Kat:3, Licht: 0,91348,3,3,5,08,12,4,0,0,0,1,1,0,0,0
"POINT (7.041639907000047 51.473738742000080)",Unfall 91375 (2020) Kat:2, Licht: 2,91375,2,7,9,08,21,5,0,2,0,1,0,0,0,0
"POINT (7.040100039000038 51.382825225000033)",Unfall 91538 (2020) Kat:2, Licht: 0,91538,2,1,0,08,07,1,0,0,1,0,0,0,0,0
"POINT (6.992440945000055 51.411278062000065)",Unfall 91540 (2020) Kat:3, Licht: 0,91540,3,7,3,08,13,1,0,0,0,1,0,0,0,0
"POINT (6.979807216000040 51.476468670000031)",Unfall 91561 (2020) Kat:3, Licht: 0,91561,3,2,3,08,11,2,0,0,1,1,0,0,0,0
"POINT (6.992734962000043 51.445666390000042)",Unfall 91594 (2020) Kat:3, Licht: 1,91594,3,6,2,08,20,1,1,1,0,1,0,0,0,0
"POINT (7.028732412000068 51.451812740000037)",Unfall 91598 (2020) Kat:3, Licht: 0,91598,3,6,2,08,19,1,1,0,0,1,0,0,0,0
"POINT (7.017537788000027 51.471316211000044)",Unfall 91712 (2020) Kat:3, Licht: 0,91712,3,7,3,08,09,7,0,0,0,0,0,0,0,1
"POINT (7.032579090000070 51.459132475000047)",Unfall 91762 (2020) Kat:3, Licht: 0,91762,3,6,2,08,14,2,0,0,0,1,0,0,1,0
"POINT (7.023097099000040 51.447790926000039)",Unfall 91901 (2020) Kat:2, Licht: 0,91901,2,7,1,08,07,5,1,0,0,1,0,0,0,1
"POINT (7.046640898000021 51.486569753000026)",Unfall 91941 (2020) Kat:3, Licht: 0,91941,3,7,0,08,14,3,0,0,1,0,0,0,0,0
"POINT (6.968439505000049 51.442387491000034)",Unfall 91957 (2020) Kat:3, Licht: 0,91957,3,3,5,08,14,4,0,0,0,1,0,0,0,0
"POINT (6.933159653000075 51.358722073000081)",Unfall 92099 (2020) Kat:3, Licht: 0,92099,3,7,0,08,12,4,0,0,0,0,0,0,0,1
"POINT (7.016980541000066 51.463621398000043)",Unfall 92113 (2020) Kat:3, Licht: 0,92113,3,6,2,08,15,5,0,0,0,1,0,0,0,0
"POINT (7.037492327000052 51.449076014000070)",Unfall 92156 (2020) Kat:3, Licht: 0,92156,3,7,0,08,12,2,0,0,0,1,1,0,0,0
"POINT (6.980446211000071 51.412198480000029)",Unfall 92276 (2020) Kat:3, Licht: 0,92276,3,6,1,08,14,1,0,0,0,1,0,0,0,0
"POINT (7.003105098000049 51.441178819000072)",Unfall 92280 (2020) Kat:3, Licht: 0,92280,3,3,5,08,13,1,1,0,0,1,0,0,0,0
"POINT (6.935178389000043 51.358630593000044)",Unfall 92307 (2020) Kat:3, Licht: 0,92307,3,1,0,08,15,7,0,0,1,0,0,0,0,0
"POINT (7.017038112000023 51.388540433000060)",Unfall 92311 (2020) Kat:3, Licht: 0,92311,3,6,2,08,16,2,0,0,0,1,0,0,0,0
"POINT (6.986678182000048 51.437253389000034)",Unfall 92380 (2020) Kat:3, Licht: 2,92380,3,3,5,08,21,6,0,2,0,1,0,0,0,0
"POINT (7.080712227000049 51.475070509000034)",Unfall 92383 (2020) Kat:2, Licht: 1,92383,2,2,5,08,20,6,1,1,0,1,0,0,0,1
"POINT (7.032727439000041 51.459173083000053)",Unfall 92386 (2020) Kat:3, Licht: 0,92386,3,2,5,08,09,6,1,0,0,1,0,0,0,0
"POINT (6.949789822000071 51.493773729000054)",Unfall 92521 (2020) Kat:2, Licht: 0,92521,2,7,8,08,19,3,1,0,0,0,0,1,0,0
"POINT (7.096339475000036 51.437850272000048)",Unfall 92601 (2020) Kat:3, Licht: 0,92601,3,4,6,08,13,5,0,0,0,1,1,0,0,0
"POINT (6.989273777000051 51.473091657000055)",Unfall 92626 (2020) Kat:3, Licht: 0,92626,3,7,0,08,15,7,0,0,1,0,0,0,0,0
"POINT (7.003486168000052 51.479029746000037)",Unfall 92769 (2020) Kat:2, Licht: 2,92769,2,7,9,08,04,4,0,2,0,1,0,0,0,0
"POINT (7.063692800000069 51.479710376000071)",Unfall 92774 (2020) Kat:3, Licht: 0,92774,3,3,5,08,13,7,0,0,1,1,0,0,0,0
"POINT (6.903612297000052 51.480044384000053)",Unfall 92776 (2020) Kat:3, Licht: 0,92776,3,6,1,08,16,5,0,0,1,0,0,0,0,0
"POINT (7.006281060000049 51.444713539000077)",Unfall 92859 (2020) Kat:3, Licht: 0,92859,3,6,2,08,11,6,0,0,0,1,0,0,0,0
"POINT (6.959004063000066 51.419938305000073)",Unfall 92882 (2020) Kat:2, Licht: 0,92882,2,2,3,08,12,7,0,0,0,1,0,1,0,0
"POINT (6.979442306000067 51.504121838000060)",Unfall 92897 (2020) Kat:2, Licht: 0,92897,2,6,1,08,16,5,0,0,0,1,0,0,0,0
"POINT (7.022816411000065 51.497536742000079)",Unfall 92922 (2020) Kat:3, Licht: 0,92922,3,3,5,08,07,5,0,0,1,1,0,0,0,0
"POINT (6.980106339000031 51.503920497000081)",Unfall 92941 (2020) Kat:3, Licht: 0,92941,3,6,2,08,16,5,0,0,0,1,0,0,0,0
"POINT (6.988804430000073 51.445251196000072)",Unfall 93045 (2020) Kat:3, Licht: 0,93045,3,6,2,09,17,3,0,0,0,1,0,0,0,0
"POINT (7.030902220000030 51.450807618000056)",Unfall 93048 (2020) Kat:3, Licht: 0,93048,3,6,1,09,16,4,0,0,0,1,0,0,0,0
"POINT (6.994391084000029 51.507270184000049)",Unfall 93108 (2020) Kat:2, Licht: 0,93108,2,1,9,09,18,4,0,0,0,0,0,1,0,0
"POINT (6.998957235000034 51.486360029000082)",Unfall 93183 (2020) Kat:3, Licht: 0,93183,3,3,5,09,07,3,0,0,1,1,0,0,0,0
"POINT (6.956183499000076 51.474189173000070)",Unfall 93204 (2020) Kat:3, Licht: 0,93204,3,2,5,09,11,3,0,0,1,1,0,0,0,0
"POINT (6.999400553000044 51.481220997000037)",Unfall 93230 (2020) Kat:2, Licht: 0,93230,2,6,2,08,08,2,0,0,0,1,0,1,0,0
"POINT (7.009512808000068 51.482388746000026)",Unfall 93233 (2020) Kat:3, Licht: 0,93233,3,3,5,09,14,4,0,0,0,1,0,1,0,0
"POINT (7.015192085000024 51.461082126000065)",Unfall 93320 (2020) Kat:3, Licht: 0,93320,3,6,2,09,14,4,0,0,0,1,0,0,0,0
"POINT (6.968870324000022 51.445817253000030)",Unfall 93417 (2020) Kat:2, Licht: 2,93417,2,1,0,09,23,7,0,2,0,0,0,0,0,1
"POINT (6.961546247000058 51.462099280000075)",Unfall 93478 (2020) Kat:3, Licht: 0,93478,3,1,0,09,13,6,0,0,0,0,0,1,0,0
"POINT (7.018024144000037 51.365047968000056)",Unfall 93538 (2020) Kat:3, Licht: 0,93538,3,3,5,09,16,2,0,0,1,1,0,0,0,0
"POINT (7.076207850000060 51.444199867000066)",Unfall 93572 (2020) Kat:2, Licht: 2,93572,2,1,5,09,22,6,0,2,1,1,0,0,0,0
"POINT (6.939967291000073 51.368560016000060)",Unfall 93617 (2020) Kat:3, Licht: 2,93617,3,2,0,09,05,7,1,2,0,1,1,0,0,0
"POINT (7.020641297000054 51.446706073000030)",Unfall 93637 (2020) Kat:3, Licht: 2,93637,3,2,8,09,00,2,0,2,0,1,0,0,0,0
"POINT (6.898277237000059 51.474108132000026)",Unfall 93679 (2020) Kat:3, Licht: 2,93679,3,3,5,09,06,6,1,2,0,1,0,1,0,0
"POINT (6.974248227000032 51.415478354000072)",Unfall 93712 (2020) Kat:3, Licht: 0,93712,3,3,4,09,09,7,1,0,0,1,0,0,0,0
"POINT (7.062136859000020 51.485262417000058)",Unfall 93740 (2020) Kat:3, Licht: 1,93740,3,3,5,09,19,2,0,1,0,1,0,0,0,0
"POINT (7.001175979000038 51.430363654000075)",Unfall 93760 (2020) Kat:3, Licht: 0,93760,3,3,5,09,08,5,0,0,1,1,0,0,0,0
"POINT (7.024721041000021 51.453087340000081)",Unfall 93764 (2020) Kat:3, Licht: 0,93764,3,7,5,09,16,5,1,0,0,1,0,0,0,0
"POINT (7.053541302000042 51.458764656000028)",Unfall 93775 (2020) Kat:2, Licht: 0,93775,2,6,2,09,10,6,1,0,0,1,0,0,0,1
"POINT (7.003848211000047 51.494209239000043)",Unfall 93817 (2020) Kat:3, Licht: 0,93817,3,6,2,09,15,7,0,0,0,1,0,0,0,0
"POINT (7.024081912000042 51.453252107000026)",Unfall 93836 (2020) Kat:3, Licht: 0,93836,3,2,0,09,15,2,0,0,1,1,0,0,0,0
"POINT (7.031904744000030 51.472992308000073)",Unfall 93875 (2020) Kat:3, Licht: 0,93875,3,2,2,09,15,6,1,0,0,1,0,0,0,0
"POINT (7.075037990000055 51.416833988000064)",Unfall 93925 (2020) Kat:3, Licht: 0,93925,3,2,5,09,16,5,0,0,1,0,0,0,0,0
"POINT (7.081123110000021 51.474516527000048)",Unfall 93995 (2020) Kat:3, Licht: 0,93995,3,6,2,09,14,5,0,0,0,1,0,0,1,0
"POINT (6.973880719000022 51.461580604000062)",Unfall 94034 (2020) Kat:3, Licht: 0,94034,3,4,6,09,07,5,0,0,0,1,1,0,0,0
"POINT (6.934367419000068 51.493536387000063)",Unfall 94099 (2020) Kat:3, Licht: 0,94099,3,4,6,09,16,3,0,0,0,1,1,0,0,0
"POINT (6.944506793000073 51.390879517000030)",Unfall 94101 (2020) Kat:3, Licht: 0,94101,3,6,2,09,17,3,0,0,0,1,0,0,0,0
"POINT (7.080795650000027 51.467819843000029)",Unfall 94102 (2020) Kat:3, Licht: 0,94102,3,1,0,09,17,5,0,0,1,0,0,0,0,0
"POINT (7.096336378000046 51.437852486000054)",Unfall 94103 (2020) Kat:3, Licht: 0,94103,3,3,5,09,14,3,0,0,0,1,0,0,0,0
"POINT (6.909364391000054 51.477086286000031)",Unfall 94133 (2020) Kat:2, Licht: 2,94133,2,1,0,09,00,4,0,2,1,0,0,0,0,0
"POINT (7.048567349000052 51.500115932000028)",Unfall 94223 (2020) Kat:3, Licht: 0,94223,3,4,6,09,10,7,0,0,0,1,1,0,0,0
"POINT (7.047065653000061 51.462469928000075)",Unfall 94224 (2020) Kat:3, Licht: 2,94224,3,1,9,09,02,7,0,2,0,0,0,0,0,1
"POINT (7.023121597000056 51.447803489000080)",Unfall 94226 (2020) Kat:3, Licht: 0,94226,3,7,3,09,17,7,0,0,0,1,0,0,0,0
"POINT (7.046738911000034 51.456976898000050)",Unfall 94260 (2020) Kat:3, Licht: 2,94260,3,6,2,09,23,7,0,2,0,1,0,0,0,0
"POINT (6.943854429000055 51.483658081000044)",Unfall 94332 (2020) Kat:2, Licht: 0,94332,2,7,3,09,16,6,0,0,0,1,0,0,0,1
"POINT (7.093104850000032 51.463534410000079)",Unfall 94333 (2020) Kat:3, Licht: 0,94333,3,2,2,09,11,6,0,0,0,1,0,0,0,0
"POINT (7.023110804000055 51.447797955000055)",Unfall 94334 (2020) Kat:3, Licht: 0,94334,3,1,0,09,10,6,0,0,0,0,0,0,0,1
"POINT (6.984378289000063 51.489441434000071)",Unfall 94454 (2020) Kat:3, Licht: 0,94454,3,3,5,09,09,3,0,0,0,1,0,0,0,0
"POINT (6.999115615000051 51.517694152000047)",Unfall 94455 (2020) Kat:3, Licht: 0,94455,3,5,0,09,19,3,0,0,1,1,0,0,0,0
"POINT (7.038241982000045 51.439475342000037)",Unfall 94456 (2020) Kat:3, Licht: 0,94456,3,7,0,09,17,3,0,0,1,0,0,0,0,1
"POINT (6.980606886000032 51.436181112000043)",Unfall 94457 (2020) Kat:3, Licht: 0,94457,3,1,0,09,18,3,0,0,1,0,0,0,0,0
"POINT (7.033327890000066 51.444401120000066)",Unfall 94458 (2020) Kat:3, Licht: 0,94458,3,3,0,09,13,3,0,0,1,0,0,0,0,1
"POINT (6.979221960000075 51.468920882000077)",Unfall 94603 (2020) Kat:3, Licht: 0,94603,3,6,3,09,14,2,0,0,0,1,0,0,0,1
"POINT (6.979056668000055 51.419328289000077)",Unfall 94604 (2020) Kat:3, Licht: 0,94604,3,3,5,09,13,2,0,0,0,1,0,0,0,0
"POINT (7.036195399000064 51.383974110000054)",Unfall 94606 (2020) Kat:2, Licht: 2,94606,2,7,8,09,20,2,0,2,0,1,0,0,0,0
"POINT (6.979794301000027 51.442991061000043)",Unfall 94607 (2020) Kat:3, Licht: 0,94607,3,2,5,09,18,2,0,0,1,1,0,0,0,0
"POINT (7.109720949000064 51.455319091000035)",Unfall 94608 (2020) Kat:3, Licht: 2,94608,3,2,0,09,20,2,0,2,0,1,0,1,0,0
"POINT (7.033160366000061 51.449903051000035)",Unfall 94610 (2020) Kat:3, Licht: 0,94610,3,7,0,09,15,2,0,0,1,0,0,0,0,0
"POINT (7.030041378000021 51.451275200000055)",Unfall 94611 (2020) Kat:3, Licht: 0,94611,3,7,0,09,12,2,0,0,0,0,1,0,0,1
"POINT (7.035320063000029 51.474195538000060)",Unfall 94731 (2020) Kat:3, Licht: 2,94731,3,7,3,09,03,1,0,2,1,1,0,0,0,0
"POINT (7.027300384000057 51.421667166000077)",Unfall 94733 (2020) Kat:3, Licht: 2,94733,3,7,1,09,05,1,0,2,0,1,0,0,0,0
"POINT (7.004151294000053 51.460781255000029)",Unfall 94734 (2020) Kat:3, Licht: 0,94734,3,6,3,09,15,1,0,0,0,1,0,0,0,0
"POINT (7.012443192000035 51.461968390000038)",Unfall 94735 (2020) Kat:3, Licht: 2,94735,3,6,0,09,22,1,0,2,0,1,0,0,0,1
"POINT (7.009088791000067 51.489923394000073)",Unfall 94873 (2020) Kat:3, Licht: 0,94873,3,3,5,09,16,5,0,0,1,1,0,0,0,0
"POINT (6.983110365000073 51.476821398000027)",Unfall 94874 (2020) Kat:3, Licht: 0,94874,3,6,2,09,08,5,0,0,0,1,0,0,0,0
"POINT (7.018491268000048 51.466476271000033)",Unfall 94875 (2020) Kat:3, Licht: 1,94875,3,6,3,09,19,5,0,1,0,1,0,0,0,0
"POINT (7.021553507000022 51.510638958000072)",Unfall 94942 (2020) Kat:2, Licht: 0,94942,2,6,2,09,16,5,0,0,0,1,0,0,0,1
"POINT (6.949141901000075 51.463589959000046)",Unfall 95020 (2020) Kat:3, Licht: 0,95020,3,4,0,09,16,4,0,0,0,0,1,0,0,1
"POINT (7.043804553000030 51.478668506000076)",Unfall 95061 (2020) Kat:3, Licht: 2,95061,3,5,8,09,22,6,0,2,0,1,0,0,0,0
"POINT (6.930863479000038 51.487803271000075)",Unfall 95065 (2020) Kat:3, Licht: 0,95065,3,7,0,09,10,6,0,0,0,0,0,0,0,1
"POINT (7.004087559000027 51.455563505000043)",Unfall 95073 (2020) Kat:3, Licht: 0,95073,3,6,2,09,16,6,0,0,0,1,0,0,0,0
"POINT (7.019378740000036 51.430688668000073)",Unfall 95124 (2020) Kat:3, Licht: 0,95124,3,1,9,09,10,2,0,0,0,1,0,0,0,0
"POINT (6.967376818000048 51.461208019000026)",Unfall 95193 (2020) Kat:3, Licht: 0,95193,3,2,6,09,13,1,0,0,0,0,1,0,0,1
"POINT (6.956184113000063 51.474168157000065)",Unfall 95223 (2020) Kat:3, Licht: 0,95223,3,3,5,09,12,2,0,0,0,1,0,0,0,1
"POINT (6.901324362000025 51.480601285000034)",Unfall 95231 (2020) Kat:2, Licht: 2,95231,2,1,0,09,20,2,0,2,1,0,0,0,0,0
"POINT (6.994063102000041 51.459031422000066)",Unfall 95237 (2020) Kat:2, Licht: 0,95237,2,7,0,09,14,2,0,0,0,0,0,0,0,1
"POINT (7.016183088000048 51.450702504000049)",Unfall 95249 (2020) Kat:3, Licht: 0,95249,3,7,0,09,14,2,0,0,0,0,0,0,0,1
"POINT (7.014108690000057 51.508075884000050)",Unfall 95279 (2020) Kat:3, Licht: 0,95279,3,6,0,09,09,2,0,0,0,1,0,0,0,0
"POINT (7.007085932000052 51.511324509000076)",Unfall 95342 (2020) Kat:3, Licht: 0,95342,3,1,1,09,14,7,0,0,0,1,0,0,0,0
"POINT (7.078438707000032 51.438115874000061)",Unfall 95344 (2020) Kat:2, Licht: 0,95344,2,2,5,09,14,7,0,0,1,1,0,0,0,0
"POINT (7.007066822000070 51.472879064000040)",Unfall 95546 (2020) Kat:3, Licht: 0,95546,3,6,2,09,16,4,0,0,0,1,0,0,0,0
"POINT (7.008855636000021 51.483320926000033)",Unfall 95547 (2020) Kat:3, Licht: 0,95547,3,6,2,09,09,4,0,0,0,1,0,0,0,0
"POINT (6.996198668000034 51.436497725000038)",Unfall 95549 (2020) Kat:3, Licht: 0,95549,3,6,1,09,10,4,0,0,0,1,0,0,0,0
"POINT (7.042894058000059 51.446566733000054)",Unfall 95551 (2020) Kat:3, Licht: 0,95551,3,2,0,09,07,4,0,0,1,1,0,0,0,0
"POINT (7.079157250000037 51.448437853000030)",Unfall 95592 (2020) Kat:3, Licht: 0,95592,3,6,2,09,15,5,0,0,0,1,0,0,0,0
"POINT (7.000195837000035 51.483380866000061)",Unfall 95712 (2020) Kat:3, Licht: 0,95712,3,2,5,09,18,3,0,0,0,1,0,1,0,0
"POINT (6.932357935000027 51.358104128000036)",Unfall 95713 (2020) Kat:3, Licht: 0,95713,3,3,5,09,13,3,0,0,0,1,0,1,0,0
"POINT (6.930132665000031 51.356069195000032)",Unfall 95715 (2020) Kat:3, Licht: 0,95715,3,7,5,09,17,3,0,0,0,1,0,1,0,0
"POINT (7.076138713000034 51.444257133000065)",Unfall 95716 (2020) Kat:3, Licht: 0,95716,3,7,5,09,14,3,0,0,1,0,0,1,0,0
"POINT (7.016637636000041 51.508620536000080)",Unfall 95774 (2020) Kat:3, Licht: 0,95774,3,6,9,09,14,3,0,0,0,1,0,0,0,0
"POINT (7.034931517000075 51.444522916000039)",Unfall 96003 (2020) Kat:2, Licht: 0,96003,2,3,5,09,10,2,1,0,0,1,0,0,0,1
"POINT (6.968740792000062 51.461351269000033)",Unfall 96007 (2020) Kat:3, Licht: 0,96007,3,6,3,09,16,7,0,0,0,1,0,0,0,1
"POINT (7.022621242000071 51.436927578000052)",Unfall 96008 (2020) Kat:3, Licht: 2,96008,3,2,5,09,22,7,1,2,0,1,0,0,0,0
"POINT (7.051373466000030 51.459071412000071)",Unfall 96010 (2020) Kat:3, Licht: 2,96010,3,2,5,09,19,7,1,2,0,1,0,0,0,0
"POINT (7.033918117000042 51.442736400000058)",Unfall 96014 (2020) Kat:3, Licht: 1,96014,3,6,2,09,11,2,1,1,0,1,0,0,0,0
"POINT (7.016198535000058 51.449908674000028)",Unfall 96070 (2020) Kat:3, Licht: 2,96070,3,1,8,09,23,7,1,2,0,1,0,0,0,0
"POINT (7.099195885000029 51.471830513000043)",Unfall 96071 (2020) Kat:3, Licht: 0,96071,3,1,9,09,07,7,1,0,0,1,0,0,0,0
"POINT (7.050215938000065 51.489799379000033)",Unfall 96155 (2020) Kat:3, Licht: 0,96155,3,4,6,09,13,6,0,0,0,1,1,0,0,0
"POINT (6.913750528000037 51.361899253000047)",Unfall 96157 (2020) Kat:3, Licht: 0,96157,3,3,5,09,16,6,0,0,0,1,0,0,0,0
"POINT (6.943433819000063 51.389119179000033)",Unfall 96158 (2020) Kat:3, Licht: 0,96158,3,6,2,09,11,6,0,0,0,1,0,0,0,0
"POINT (7.002139864000071 51.434416715000054)",Unfall 96159 (2020) Kat:3, Licht: 0,96159,3,2,5,09,14,6,0,0,0,1,0,1,0,0
"POINT (7.054547668000055 51.466884099000026)",Unfall 96160 (2020) Kat:3, Licht: 1,96160,3,2,4,09,06,6,1,1,1,1,0,0,0,0
"POINT (6.993722622000064 51.454697081000063)",Unfall 96162 (2020) Kat:2, Licht: 2,96162,2,3,5,09,23,6,1,2,1,1,0,0,0,0
"POINT (7.007417391000047 51.509506821000059)",Unfall 96204 (2020) Kat:2, Licht: 0,96204,2,6,1,09,14,2,1,0,0,1,0,0,0,1
"POINT (6.949942563000036 51.464274668000030)",Unfall 96208 (2020) Kat:3, Licht: 0,96208,3,7,0,09,10,2,0,0,0,1,1,0,0,0
"POINT (6.977156869000055 51.476228894000030)",Unfall 96216 (2020) Kat:3, Licht: 0,96216,3,6,2,09,11,2,1,0,0,1,0,0,0,0
"POINT (6.906312072000048 51.473746601000073)",Unfall 96220 (2020) Kat:2, Licht: 0,96220,2,4,6,09,14,2,1,0,0,1,1,0,0,0
"POINT (6.962721870000053 51.462224230000061)",Unfall 96233 (2020) Kat:3, Licht: 0,96233,3,3,5,09,14,2,1,0,0,1,0,0,1,0
"POINT (7.076509104000024 51.450663645000077)",Unfall 96248 (2020) Kat:3, Licht: 0,96248,3,2,5,09,11,2,1,0,0,1,0,0,0,0
"POINT (7.022951007000074 51.469247197000072)",Unfall 96265 (2020) Kat:3, Licht: 0,96265,3,3,5,09,11,4,0,0,0,1,0,0,0,0
"POINT (6.966250210000055 51.448749287000055)",Unfall 96294 (2020) Kat:3, Licht: 0,96294,3,4,0,10,13,5,0,0,0,1,1,0,0,0
"POINT (7.038318281000045 51.448628003000067)",Unfall 96314 (2020) Kat:3, Licht: 2,96314,3,6,2,10,14,7,0,2,0,1,0,0,0,0
"POINT (6.962238954000043 51.471217071000069)",Unfall 96337 (2020) Kat:3, Licht: 0,96337,3,4,0,09,17,4,0,0,0,0,1,0,1,0
"POINT (7.015201317000049 51.484373215000062)",Unfall 96394 (2020) Kat:3, Licht: 2,96394,3,6,2,10,19,5,1,2,0,1,0,0,0,0
"POINT (6.990253575000054 51.459376876000078)",Unfall 96458 (2020) Kat:3, Licht: 0,96458,3,3,5,09,16,4,0,0,1,1,0,0,0,0
"POINT (6.990043914000069 51.472951833000081)",Unfall 96489 (2020) Kat:3, Licht: 0,96489,3,1,2,10,13,5,0,0,0,1,0,0,0,1
"POINT (6.967956272000038 51.485959651000030)",Unfall 96534 (2020) Kat:3, Licht: 2,96534,3,6,2,09,07,4,1,2,0,1,0,0,0,0
"POINT (7.015058472000021 51.461051013000031)",Unfall 96555 (2020) Kat:3, Licht: 0,96555,3,6,1,09,17,4,0,0,0,1,0,0,1,0
"POINT (7.039302090000035 51.476507305000041)",Unfall 96556 (2020) Kat:3, Licht: 0,96556,3,4,6,09,15,3,0,0,0,1,1,0,0,0
"POINT (6.935702346000028 51.486602521000066)",Unfall 96561 (2020) Kat:3, Licht: 0,96561,3,7,6,09,17,3,1,0,0,1,1,0,0,0
"POINT (6.932323902000064 51.372763383000063)",Unfall 96568 (2020) Kat:3, Licht: 0,96568,3,1,0,09,09,3,1,0,0,0,0,1,0,0