WKT,Name,OBJECTID,UKATEGORIE,UTYP1,UART,UMONAT,USTUNDE,UWOCHENTAG,STRZUSTAND,ULICHTVERH,ISTRAD,ISTPKW,ISTFUSS,ISTKRAD,ISTGKFZ,ISTSONSTIG
"POINT (7.000902664000023 51.387919393000061)",Unfall 96579 (2020) Kat:3, Licht: 0,96579,3,7,5,09,16,3,1,0,1,1,0,0,0,0
"POINT (6.976216212000054 51.391494245000047)",Unfall 96585 (2020) Kat:3, Licht: 0,96585,3,1,4,09,17,3,1,0,0,1,0,0,0,0
"POINT (7.080623763000062 51.447690967000028)",Unfall 96588 (2020) Kat:3, Licht: 1,96588,3,6,2,10,07,5,0,1,0,1,0,1,0,0
"POINT (6.999297058000025 51.423131209000076)",Unfall 96616 (2020) Kat:3, Licht: 0,96616,3,1,8,09,13,3,1,0,0,1,0,0,0,0
"POINT (6.945919875000072 51.354216454000039)",Unfall 96655 (2020) Kat:3, Licht: 0,96655,3,1,9,09,08,4,1,0,0,1,0,0,0,0
"POINT (7.013793609000061 51.474457542000039)",Unfall 96686 (2020) Kat:2, Licht: 2,96686,2,3,5,10,22,6,0,2,0,1,0,0,0,0
"POINT (6.988889966000045 51.453524774000073)",Unfall 96688 (2020) Kat:3, Licht: 0,96688,3,6,2,10,16,5,1,0,0,1,0,1,0,0
"POINT (6.998103413000024 51.490057803000070)",Unfall 96728 (2020) Kat:3, Licht: 0,96728,3,6,2,09,13,4,0,0,0,1,0,0,0,1
"POINT (7.046123559000023 51.494265549000033)",Unfall 96776 (2020) Kat:3, Licht: 0,96776,3,6,3,10,10,3,1,0,0,1,0,0,0,0
"POINT (7.030788003000055 51.445144900000059)",Unfall 96879 (2020) Kat:3, Licht: 0,96879,3,6,3,10,14,3,1,0,0,1,0,0,0,0
"POINT (6.980332620000070 51.443953611000040)",Unfall 96888 (2020) Kat:3, Licht: 0,96888,3,6,2,10,07,6,0,0,0,1,0,0,0,0
"POINT (7.046500558000048 51.456636217000039)",Unfall 96913 (2020) Kat:2, Licht: 2,96913,2,6,3,10,21,2,0,2,0,1,0,0,1,0
"POINT (6.966816775000041 51.417724711000062)",Unfall 96921 (2020) Kat:3, Licht: 0,96921,3,7,2,10,16,2,1,0,0,1,0,0,1,0
"POINT (7.022868308000057 51.416826561000050)",Unfall 97039 (2020) Kat:3, Licht: 2,97039,3,5,3,10,19,5,1,2,1,1,0,0,0,0
"POINT (6.954347134000045 51.399665592000076)",Unfall 97066 (2020) Kat:2, Licht: 0,97066,2,3,5,10,14,4,1,0,0,1,0,0,0,0
"POINT (6.948373633000074 51.482125689000043)",Unfall 97094 (2020) Kat:2, Licht: 2,97094,2,7,5,10,23,3,1,2,0,1,0,0,0,0
"POINT (6.925506474000031 51.457879109000032)",Unfall 97107 (2020) Kat:3, Licht: 2,97107,3,3,0,10,19,2,1,2,1,1,0,0,0,0
"POINT (7.037183910000067 51.447477635000041)",Unfall 97237 (2020) Kat:3, Licht: 1,97237,3,6,3,10,07,2,0,1,0,1,0,0,1,0
"POINT (6.983984089000046 51.478722537000067)",Unfall 97332 (2020) Kat:3, Licht: 0,97332,3,7,0,10,12,7,0,0,0,0,0,0,0,1
"POINT (6.966761496000061 51.473550765000027)",Unfall 97334 (2020) Kat:3, Licht: 2,97334,3,6,3,10,20,7,1,2,0,1,0,0,0,0
"POINT (7.086470983000027 51.391302884000027)",Unfall 97336 (2020) Kat:3, Licht: 1,97336,3,3,5,10,18,7,1,1,0,1,0,1,0,0
"POINT (7.088383031000035 51.465891866000050)",Unfall 97339 (2020) Kat:3, Licht: 1,97339,3,1,9,10,17,7,1,1,0,1,0,0,0,0
"POINT (6.921151783000028 51.487644678000038)",Unfall 97342 (2020) Kat:2, Licht: 1,97342,2,7,1,10,18,2,0,1,0,1,0,0,0,0
"POINT (7.056456156000024 51.458414474000051)",Unfall 97400 (2020) Kat:3, Licht: 2,97400,3,5,8,10,06,1,1,2,0,1,0,0,0,0
"POINT (7.104546655000036 51.472144073000038)",Unfall 97405 (2020) Kat:3, Licht: 2,97405,3,1,9,10,21,7,1,2,0,1,0,0,0,1
"POINT (7.111655801000040 51.455833313000028)",Unfall 97497 (2020) Kat:3, Licht: 0,97497,3,6,2,10,16,2,0,0,0,1,0,0,0,0
"POINT (7.003327738000053 51.438205063000055)",Unfall 97523 (2020) Kat:3, Licht: 0,97523,3,1,2,10,14,6,0,0,0,1,0,0,0,0
"POINT (7.036567204000050 51.441625572000078)",Unfall 97621 (2020) Kat:3, Licht: 0,97621,3,6,2,10,17,4,0,0,0,1,0,0,1,0
"POINT (7.048240274000023 51.460073147000060)",Unfall 97683 (2020) Kat:2, Licht: 0,97683,2,7,3,10,17,4,0,0,0,1,0,1,0,0
"POINT (7.085198697000067 51.468298821000076)",Unfall 97743 (2020) Kat:3, Licht: 1,97743,3,1,0,10,18,3,1,1,1,0,0,0,0,0
"POINT (6.975707245000024 51.442301654000062)",Unfall 97754 (2020) Kat:2, Licht: 2,97754,2,2,5,10,20,6,0,2,0,1,0,0,0,0
"POINT (6.975324636000039 51.425356030000046)",Unfall 97837 (2020) Kat:3, Licht: 0,97837,3,2,3,10,08,3,0,0,1,1,0,0,0,0
"POINT (7.015615437000065 51.375052941000035)",Unfall 97858 (2020) Kat:3, Licht: 0,97858,3,2,5,10,14,2,0,0,0,1,0,1,0,0
"POINT (7.045856717000049 51.426741433000075)",Unfall 97859 (2020) Kat:2, Licht: 1,97859,2,1,0,10,07,2,0,1,1,0,0,0,0,0
"POINT (6.963072702000034 51.368502484000032)",Unfall 98017 (2020) Kat:2, Licht: 0,98017,2,6,8,10,16,1,0,0,0,1,0,0,0,0
"POINT (7.030932648000032 51.450783281000042)",Unfall 98019 (2020) Kat:2, Licht: 2,98019,2,7,0,10,19,1,1,2,0,0,0,0,0,1
"POINT (7.115358214000025 51.448420750000082)",Unfall 98123 (2020) Kat:2, Licht: 2,98123,2,1,9,10,04,7,0,2,0,1,0,0,0,0
"POINT (7.079357052000034 51.459616561000075)",Unfall 98129 (2020) Kat:3, Licht: 0,98129,3,7,0,10,16,6,1,0,0,0,0,0,0,1
"POINT (7.007494176000023 51.451624266000067)",Unfall 98134 (2020) Kat:3, Licht: 0,98134,3,6,2,10,11,6,1,0,0,1,0,1,0,0
"POINT (7.078026745000045 51.466365983000060)",Unfall 98146 (2020) Kat:2, Licht: 2,98146,2,1,8,10,01,7,1,2,0,1,0,0,0,0
"POINT (7.007399878000058 51.449373719000050)",Unfall 98215 (2020) Kat:3, Licht: 0,98215,3,6,2,10,12,7,0,0,0,1,0,0,0,0
"POINT (7.113214866000021 51.456138137000039)",Unfall 98265 (2020) Kat:3, Licht: 0,98265,3,6,3,10,14,7,0,0,0,1,0,0,0,0
"POINT (7.002901215000065 51.462882184000080)",Unfall 98299 (2020) Kat:3, Licht: 0,98299,3,6,2,10,10,5,0,0,0,1,0,0,0,0
"POINT (7.030412315000035 51.451070560000062)",Unfall 98354 (2020) Kat:3, Licht: 2,98354,3,6,3,10,22,7,0,2,0,1,0,0,0,0
"POINT (6.979430142000069 51.482612966000033)",Unfall 98355 (2020) Kat:3, Licht: 0,98355,3,3,5,10,12,4,1,0,1,1,0,0,0,0
"POINT (6.975524051000036 51.475922976000049)",Unfall 98359 (2020) Kat:3, Licht: 2,98359,3,7,0,10,02,4,1,2,0,1,0,0,0,0
"POINT (7.046847212000046 51.435618913000042)",Unfall 98364 (2020) Kat:3, Licht: 0,98364,3,6,2,10,17,4,1,0,0,1,0,0,0,0
"POINT (6.964432910000028 51.450419938000039)",Unfall 98366 (2020) Kat:3, Licht: 2,98366,3,2,5,10,20,4,0,2,0,1,0,0,0,0
"POINT (7.067837101000066 51.467614100000048)",Unfall 98371 (2020) Kat:2, Licht: 0,98371,2,2,4,10,15,4,1,0,1,1,0,0,0,0
"POINT (7.009044775000064 51.460448062000069)",Unfall 98375 (2020) Kat:3, Licht: 2,98375,3,2,0,10,20,4,0,2,0,1,0,0,0,1
"POINT (6.993028236000043 51.413179750000040)",Unfall 98437 (2020) Kat:3, Licht: 0,98437,3,2,2,10,09,5,0,0,0,1,0,0,0,0
"POINT (7.078189749000046 51.458452123000029)",Unfall 98454 (2020) Kat:3, Licht: 0,98454,3,6,2,10,13,6,1,0,0,1,0,0,0,0
"POINT (7.052924521000023 51.382461315000057)",Unfall 98474 (2020) Kat:3, Licht: 0,98474,3,1,4,10,16,4,0,0,0,1,0,0,0,0
"POINT (7.004626886000040 51.494402295000043)",Unfall 98516 (2020) Kat:3, Licht: 0,98516,3,6,2,10,10,5,1,0,0,1,0,1,0,0
"POINT (7.007363234000025 51.452559009000026)",Unfall 98533 (2020) Kat:3, Licht: 2,98533,3,6,2,10,17,5,1,2,0,1,0,0,0,0
"POINT (7.048412906000067 51.498606544000040)",Unfall 98572 (2020) Kat:3, Licht: 2,98572,3,7,2,10,18,5,1,2,0,1,0,0,0,0
"POINT (6.959091924000063 51.420041439000045)",Unfall 98583 (2020) Kat:3, Licht: 2,98583,3,2,5,10,21,3,0,2,0,1,0,0,0,0
"POINT (6.996598335000044 51.413994900000034)",Unfall 98586 (2020) Kat:3, Licht: 0,98586,3,4,0,10,12,5,0,0,0,1,1,0,0,0
"POINT (6.967376818000048 51.461208019000026)",Unfall 98613 (2020) Kat:2, Licht: 0,98613,2,2,6,10,16,1,1,0,0,1,1,0,0,0
"POINT (6.934641095000075 51.494735490000039)",Unfall 98621 (2020) Kat:3, Licht: 0,98621,3,5,1,10,08,4,0,0,0,1,0,0,0,0
"POINT (7.034037472000023 51.449578446000032)",Unfall 98661 (2020) Kat:3, Licht: 2,98661,3,2,5,10,20,5,1,2,1,1,0,0,0,0
"POINT (6.926550308000060 51.458453165000037)",Unfall 98667 (2020) Kat:3, Licht: 2,98667,3,7,6,10,18,5,1,2,0,1,1,0,0,0
"POINT (7.014887746000056 51.432322136000039)",Unfall 98681 (2020) Kat:3, Licht: 0,98681,3,2,4,10,14,2,0,0,0,1,0,0,0,0
"POINT (6.994334861000027 51.436560829000030)",Unfall 98696 (2020) Kat:3, Licht: 2,98696,3,1,0,10,19,4,1,2,0,0,0,1,0,0
"POINT (6.983110365000073 51.476821398000027)",Unfall 98735 (2020) Kat:3, Licht: 0,98735,3,5,1,10,11,3,0,0,1,0,0,0,0,1
"POINT (7.081962702000055 51.386171390000072)",Unfall 98738 (2020) Kat:3, Licht: 2,98738,3,6,2,10,17,5,1,2,0,1,0,0,0,0
"POINT (6.997558723000054 51.492822732000036)",Unfall 98750 (2020) Kat:3, Licht: 0,98750,3,6,3,10,12,4,0,0,0,1,0,1,0,0
"POINT (7.016440011000043 51.450781660000075)",Unfall 98754 (2020) Kat:3, Licht: 2,98754,3,6,3,10,20,5,1,2,0,1,0,0,0,0
"POINT (6.904823751000038 51.486143032000030)",Unfall 98794 (2020) Kat:3, Licht: 2,98794,3,3,4,10,16,5,1,2,0,1,0,0,0,0
"POINT (7.079603490000068 51.464005841000073)",Unfall 98808 (2020) Kat:3, Licht: 0,98808,3,2,6,10,15,5,1,0,0,1,1,0,0,0
"POINT (7.105689276000021 51.471982959000059)",Unfall 98825 (2020) Kat:3, Licht: 0,98825,3,6,3,10,16,5,1,0,0,1,0,0,1,0
"POINT (7.076046809000047 51.449887723000074)",Unfall 98925 (2020) Kat:2, Licht: 2,98925,2,2,5,11,17,2,1,2,0,1,0,0,0,0
"POINT (7.007494176000023 51.451624266000067)",Unfall 99028 (2020) Kat:3, Licht: 2,99028,3,6,1,11,20,2,0,2,0,1,0,0,0,0
"POINT (7.012815667000041 51.449927045000038)",Unfall 99060 (2020) Kat:3, Licht: 0,99060,3,6,2,10,13,7,0,0,0,1,0,0,0,0
"POINT (7.099135498000067 51.471654136000041)",Unfall 99062 (2020) Kat:2, Licht: 2,99062,2,1,9,11,05,2,1,2,0,1,0,0,0,0
"POINT (6.971299187000057 51.474817478000034)",Unfall 99091 (2020) Kat:3, Licht: 0,99091,3,7,5,11,15,2,0,0,1,0,0,0,0,1
"POINT (6.998278166000034 51.488717132000033)",Unfall 99093 (2020) Kat:3, Licht: 0,99093,3,6,2,10,14,6,0,0,0,1,0,0,0,0
"POINT (7.021475478000070 51.445807486000035)",Unfall 99094 (2020) Kat:3, Licht: 0,99094,3,6,2,10,11,6,1,0,0,1,0,0,0,0
"POINT (7.047773054000061 51.459128301000078)",Unfall 99167 (2020) Kat:3, Licht: 1,99167,3,3,0,11,16,2,1,1,1,1,0,0,0,0
"POINT (7.089746593000029 51.466476366000052)",Unfall 99182 (2020) Kat:3, Licht: 2,99182,3,6,9,11,22,1,1,2,0,1,0,0,0,1
"POINT (7.029599860000076 51.472378790000050)",Unfall 99240 (2020) Kat:3, Licht: 0,99240,3,6,2,11,14,3,0,0,0,1,0,0,0,0
"POINT (7.007752264000033 51.468229504000078)",Unfall 99245 (2020) Kat:3, Licht: 0,99245,3,2,5,11,10,5,0,0,0,1,0,0,0,0
"POINT (6.979430142000069 51.482612966000033)",Unfall 99251 (2020) Kat:2, Licht: 2,99251,2,1,8,11,19,3,0,2,0,1,0,0,0,0
"POINT (6.921374226000069 51.454484905000072)",Unfall 99253 (2020) Kat:3, Licht: 0,99253,3,6,2,11,15,3,0,0,0,1,0,0,0,0
"POINT (6.971764620000045 51.461551150000048)",Unfall 99256 (2020) Kat:3, Licht: 1,99256,3,4,6,11,07,3,0,1,0,0,1,0,0,1
"POINT (7.053598878000059 51.458737725000049)",Unfall 99271 (2020) Kat:3, Licht: 2,99271,3,2,5,11,18,6,0,2,0,1,0,0,0,0
"POINT (7.050143738000031 51.427890785000045)",Unfall 99273 (2020) Kat:3, Licht: 0,99273,3,6,2,11,12,3,0,0,0,1,0,0,0,0
"POINT (6.975475695000057 51.446061646000032)",Unfall 99276 (2020) Kat:3, Licht: 0,99276,3,2,6,11,11,3,0,0,0,1,1,0,0,0
"POINT (6.994063102000041 51.459031422000066)",Unfall 99286 (2020) Kat:3, Licht: 0,99286,3,6,2,11,13,3,0,0,0,1,0,0,0,0
"POINT (6.978518306000069 51.476445731000069)",Unfall 99333 (2020) Kat:3, Licht: 2,99333,3,7,6,11,17,6,0,2,0,1,1,0,0,0
"POINT (7.033803206000073 51.473888963000036)",Unfall 99345 (2020) Kat:2, Licht: 2,99345,2,4,6,11,07,4,0,2,0,1,1,0,0,0
"POINT (6.978391418000058 51.376045753000028)",Unfall 99362 (2020) Kat:3, Licht: 0,99362,3,1,0,11,14,7,0,0,0,0,0,1,0,0
"POINT (6.979448685000023 51.482672127000058)",Unfall 99409 (2020) Kat:3, Licht: 2,99409,3,2,6,11,05,4,0,2,0,1,1,0,0,0
"POINT (7.002138984000055 51.434413858000028)",Unfall 99421 (2020) Kat:3, Licht: 0,99421,3,6,2,11,10,6,0,0,0,1,0,0,0,1
"POINT (7.034880216000033 51.444578501000080)",Unfall 99423 (2020) Kat:2, Licht: 0,99423,2,2,0,11,13,5,0,0,1,1,0,0,0,0
"POINT (6.964630927000030 51.459622292000063)",Unfall 99463 (2020) Kat:3, Licht: 1,99463,3,1,2,11,16,5,0,1,0,1,0,0,0,0
"POINT (7.031974599000023 51.460768365000035)",Unfall 99509 (2020) Kat:3, Licht: 0,99509,3,3,0,11,10,5,0,0,0,1,0,0,0,0
"POINT (7.040419095000061 51.480618650000054)",Unfall 99514 (2020) Kat:3, Licht: 0,99514,3,7,0,11,12,6,0,0,1,0,0,0,0,0
"POINT (7.005376758000068 51.440572094000061)",Unfall 99530 (2020) Kat:3, Licht: 0,99530,3,3,5,11,14,4,0,0,1,1,0,0,0,0
"POINT (6.983309141000063 51.444589812000061)",Unfall 99544 (2020) Kat:3, Licht: 0,99544,3,6,2,11,14,6,0,0,0,1,0,0,0,0
"POINT (7.048423992000039 51.498922625000034)",Unfall 99547 (2020) Kat:3, Licht: 0,99547,3,1,0,11,14,7,0,0,1,0,0,0,0,0
"POINT (6.924783791000039 51.487678823000067)",Unfall 99602 (2020) Kat:2, Licht: 0,99602,2,3,5,11,15,6,0,0,0,1,0,0,0,0
"POINT (7.048041969000053 51.495705440000052)",Unfall 99641 (2020) Kat:3, Licht: 0,99641,3,3,5,11,12,5,0,0,0,1,0,0,0,0
"POINT (7.003199495000047 51.447403926000050)",Unfall 99675 (2020) Kat:2, Licht: 0,99675,2,7,0,11,10,4,0,0,1,0,0,0,0,0
"POINT (7.008854909000036 51.483324556000071)",Unfall 99695 (2020) Kat:3, Licht: 0,99695,3,6,1,11,13,3,0,0,0,1,0,0,0,0
"POINT (6.976445582000054 51.461417413000049)",Unfall 99700 (2020) Kat:3, Licht: 2,99700,3,6,2,11,17,3,0,2,0,1,0,0,0,0
"POINT (7.040408595000031 51.476737512000057)",Unfall 99711 (2020) Kat:3, Licht: 0,99711,3,6,2,11,14,6,0,0,0,1,0,0,0,0
"POINT (6.927056211000036 51.373720638000066)",Unfall 99715 (2020) Kat:2, Licht: 0,99715,2,2,5,11,15,3,0,0,0,1,0,1,0,0
"POINT (7.096174628000028 51.418953598000030)",Unfall 99720 (2020) Kat:3, Licht: 0,99720,3,1,0,11,08,3,1,0,0,0,0,1,0,0
"POINT (6.998522611000055 51.386991272000046)",Unfall 99730 (2020) Kat:3, Licht: 0,99730,3,6,0,11,09,3,0,0,0,0,1,0,0,1
"POINT (6.934129375000055 51.492493632000048)",Unfall 99734 (2020) Kat:3, Licht: 2,99734,3,2,0,11,05,4,1,2,0,1,0,1,0,0
"POINT (6.969265018000044 51.410766440000032)",Unfall 99739 (2020) Kat:2, Licht: 0,99739,2,6,9,11,09,6,0,0,0,1,0,0,0,0
"POINT (6.948444742000049 51.482192786000041)",Unfall 99743 (2020) Kat:3, Licht: 0,99743,3,7,0,11,10,5,0,0,0,1,0,0,0,1
"POINT (7.055657457000052 51.428606371000058)",Unfall 99805 (2020) Kat:3, Licht: 0,99805,3,2,2,11,09,6,0,0,0,1,0,0,0,0
"POINT (7.033922413000028 51.442734046000055)",Unfall 99853 (2020) Kat:3, Licht: 0,99853,3,2,5,11,13,4,0,0,0,1,0,0,0,0
"POINT (6.948385828000028 51.482148559000052)",Unfall 99882 (2020) Kat:2, Licht: 2,99882,2,2,6,11,06,2,1,2,0,1,1,0,0,0
"POINT (7.014222084000039 51.508238615000039)",Unfall 99885 (2020) Kat:3, Licht: 0,99885,3,6,2,11,13,5,0,0,0,1,0,0,0,0
"POINT (6.938103175000038 51.353691788000049)",Unfall 99889 (2020) Kat:2, Licht: 0,99889,2,6,4,11,08,2,1,0,0,1,0,0,0,0
"POINT (6.990671134000024 51.422726886000078)",Unfall 99893 (2020) Kat:3, Licht: 0,99893,3,1,9,11,09,2,1,0,0,1,0,0,0,0
"POINT (7.080798332000029 51.467824695000047)",Unfall 99894 (2020) Kat:3, Licht: 0,99894,3,2,5,11,12,2,0,0,1,0,0,0,0,1
"POINT (7.080445155000064 51.466641557000059)",Unfall 99896 (2020) Kat:3, Licht: 2,99896,3,2,2,11,17,2,0,2,0,1,0,0,0,0
"POINT (7.094294262000062 51.449135197000032)",Unfall 99898 (2020) Kat:3, Licht: 0,99898,3,2,6,11,09,2,1,0,0,1,1,0,0,0
"POINT (7.032614997000053 51.459193286000072)",Unfall 99899 (2020) Kat:3, Licht: 0,99899,3,6,2,11,07,6,0,0,0,1,0,0,0,0
"POINT (7.001522107000028 51.449700006000057)",Unfall 99901 (2020) Kat:2, Licht: 2,99901,2,6,3,11,06,2,1,2,0,1,0,0,0,0
"POINT (6.975333657000022 51.425319612000067)",Unfall 99999 (2020) Kat:3, Licht: 0,99999,3,7,6,11,14,6,1,0,0,1,1,0,0,0
"POINT (6.926355547000071 51.466923655000073)",Unfall 100029 (2020) Kat:3, Licht: 1,100029,3,2,6,11,07,5,1,1,0,1,1,0,0,0
"POINT (6.999037759000032 51.423218071000065)",Unfall 100047 (2020) Kat:2, Licht: 0,100047,2,2,8,11,10,4,1,0,0,1,0,0,0,0
"POINT (7.030512417000068 51.513587826000048)",Unfall 100064 (2020) Kat:3, Licht: 0,100064,3,6,0,11,15,1,0,0,0,1,0,0,0,0
"POINT (7.048659802000032 51.466604350000068)",Unfall 100091 (2020) Kat:3, Licht: 2,100091,3,7,6,11,17,6,0,2,0,1,1,0,0,0
"POINT (6.999626140000032 51.506076716000052)",Unfall 100119 (2020) Kat:3, Licht: 2,100119,3,7,9,11,19,5,1,2,0,1,0,0,0,1
"POINT (7.022440570000072 51.457571979000079)",Unfall 100137 (2020) Kat:3, Licht: 0,100137,3,6,3,11,08,4,1,0,0,1,0,1,0,0
"POINT (7.010671621000029 51.480971519000036)",Unfall 100212 (2020) Kat:3, Licht: 0,100212,3,1,0,11,15,5,1,0,1,0,0,0,0,0
"POINT (7.062446003000048 51.446277930000065)",Unfall 100225 (2020) Kat:3, Licht: 0,100225,3,1,0,11,13,1,1,0,0,0,0,1,0,0
"POINT (7.026337405000049 51.446568225000078)",Unfall 100230 (2020) Kat:2, Licht: 2,100230,2,7,0,11,20,1,1,2,1,1,0,0,0,0
"POINT (7.020654183000033 51.446692191000068)",Unfall 100236 (2020) Kat:3, Licht: 0,100236,3,2,5,11,15,5,1,0,0,1,0,0,0,0
"POINT (7.063177679000035 51.379994739000040)",Unfall 100299 (2020) Kat:3, Licht: 0,100299,3,1,9,11,12,3,1,0,0,0,0,1,0,0
"POINT (7.019634839000048 51.447888747000036)",Unfall 100340 (2020) Kat:3, Licht: 2,100340,3,1,2,11,17,4,0,2,0,1,0,0,0,0
"POINT (6.932304260000024 51.483627893000062)",Unfall 100348 (2020) Kat:3, Licht: 0,100348,3,6,2,11,15,5,1,0,0,1,0,0,0,0
"POINT (7.010088160000066 51.495281969000075)",Unfall 100395 (2020) Kat:3, Licht: 0,100395,3,6,1,11,11,2,0,0,0,1,0,0,1,0
"POINT (6.939932882000051 51.368576240000039)",Unfall 100400 (2020) Kat:3, Licht: 2,100400,3,2,6,11,17,2,0,2,0,1,1,0,0,0
"POINT (7.081287032000034 51.474304380000035)",Unfall 100415 (2020) Kat:3, Licht: 2,100415,3,3,5,11,17,2,1,2,0,1,0,0,0,1
"POINT (7.026680882000051 51.452589347000071)",Unfall 100459 (2020) Kat:3, Licht: 0,100459,3,6,0,11,13,5,1,0,0,1,0,0,0,0
"POINT (7.020665812000061 51.446716406000064)",Unfall 100475 (2020) Kat:3, Licht: 0,100475,3,3,5,11,15,7,0,0,0,1,0,1,0,0
"POINT (7.014580228000057 51.458476309000048)",Unfall 100484 (2020) Kat:3, Licht: 0,100484,3,7,0,11,10,4,0,0,1,0,0,0,0,0
"POINT (6.936127318000047 51.486484055000062)",Unfall 100545 (2020) Kat:3, Licht: 0,100545,3,1,0,11,11,5,1,0,0,1,0,0,0,0
"POINT (6.996550195000054 51.495041781000054)",Unfall 100568 (2020) Kat:3, Licht: 2,100568,3,6,2,11,16,4,0,2,0,1,0,0,0,0
"POINT (6.988778271000058 51.459453924000059)",Unfall 100673 (2020) Kat:3, Licht: 0,100673,3,2,5,11,10,4,0,0,0,1,0,0,0,0
"POINT (7.019742249000046 51.436280812000064)",Unfall 100681 (2020) Kat:3, Licht: 2,100681,3,1,0,11,18,5,1,2,1,0,0,0,0,0
"POINT (7.047128904000033 51.383792435000032)",Unfall 100709 (2020) Kat:2, Licht: 2,100709,2,1,0,11,18,2,0,2,0,0,0,1,0,0
"POINT (6.929998673000057 51.461275845000046)",Unfall 100710 (2020) Kat:3, Licht: 0,100710,3,2,5,11,15,2,0,0,0,1,0,0,0,0
"POINT (6.972499126000059 51.443584553000051)",Unfall 100712 (2020) Kat:3, Licht: 2,100712,3,1,8,11,07,2,1,2,0,1,0,0,0,0
"POINT (7.007492345000060 51.476148043000080)",Unfall 100795 (2020) Kat:3, Licht: 2,100795,3,6,2,11,19,1,1,2,0,1,0,0,0,0
"POINT (7.044732055000054 51.484847944000080)",Unfall 100798 (2020) Kat:3, Licht: 2,100798,3,2,3,11,16,2,0,2,1,1,0,0,0,0
"POINT (6.933005754000021 51.371414654000034)",Unfall 100871 (2020) Kat:3, Licht: 0,100871,3,1,7,11,13,7,0,0,1,0,0,0,0,0
"POINT (7.114461902000073 51.395681266000054)",Unfall 100872 (2020) Kat:3, Licht: 1,100872,3,4,6,11,07,7,0,1,0,1,1,0,0,0
"POINT (7.025848581000048 51.385606963000043)",Unfall 100966 (2020) Kat:3, Licht: 0,100966,3,7,0,11,14,6,0,0,0,0,1,0,0,1
"POINT (6.954394669000067 51.399691109000059)",Unfall 100984 (2020) Kat:3, Licht: 0,100984,3,1,2,11,15,6,0,0,0,1,0,0,0,0
"POINT (6.988773347000063 51.459453960000076)",Unfall 100985 (2020) Kat:3, Licht: 2,100985,3,3,5,11,19,6,0,2,0,1,0,0,0,0
"POINT (6.979697112000054 51.485601918000043)",Unfall 101066 (2020) Kat:3, Licht: 2,101066,3,5,0,11,05,5,0,2,1,1,0,0,0,0
"POINT (6.973880719000022 51.461580604000062)",Unfall 101067 (2020) Kat:3, Licht: 0,101067,3,4,6,11,16,5,0,0,0,1,1,0,0,0
"POINT (6.994260334000046 51.436555960000078)",Unfall 101069 (2020) Kat:3, Licht: 2,101069,3,1,0,11,04,5,0,2,1,0,0,0,0,0
"POINT (7.091184559000055 51.445051812000031)",Unfall 101070 (2020) Kat:2, Licht: 0,101070,2,5,1,11,10,5,0,0,0,1,0,0,1,0
"POINT (7.017987112000071 51.509017334000077)",Unfall 101104 (2020) Kat:2, Licht: 0,101104,2,6,9,11,13,5,0,0,0,1,0,0,0,0
"POINT (7.014462200000025 51.494843495000055)",Unfall 101156 (2020) Kat:3, Licht: 0,101156,3,7,0,11,14,4,0,0,0,1,1,0,0,0
"POINT (6.951925187000029 51.495178129000067)",Unfall 101157 (2020) Kat:3, Licht: 0,101157,3,3,5,11,11,4,0,0,0,1,0,0,0,0
"POINT (7.042432235000035 51.455188795000026)",Unfall 101160 (2020) Kat:2, Licht: 2,101160,2,6,1,11,05,4,0,2,0,1,0,0,0,0
"POINT (7.077847110000050 51.381718432000071)",Unfall 101199 (2020) Kat:3, Licht: 0,101199,3,6,2,11,15,4,0,0,0,1,0,0,0,0
"POINT (7.048423992000039 51.498922625000034)",Unfall 101243 (2020) Kat:3, Licht: 1,101243,3,2,5,11,16,3,0,1,1,1,0,0,0,0
"POINT (7.009676052000032 51.500238719000038)",Unfall 101244 (2020) Kat:3, Licht: 0,101244,3,3,4,11,13,3,0,0,0,1,0,0,0,0
"POINT (6.953288645000043 51.480604296000081)",Unfall 101245 (2020) Kat:3, Licht: 0,101245,3,2,5,11,07,3,0,0,0,1,0,1,0,0
"POINT (7.078195016000052 51.438084146000051)",Unfall 101246 (2020) Kat:3, Licht: 0,101246,3,6,2,11,13,3,0,0,0,1,0,0,0,0
"POINT (6.959584987000028 51.477119540000047)",Unfall 101331 (2020) Kat:3, Licht: 2,101331,3,2,3,12,19,3,1,2,0,1,0,0,0,1
"POINT (6.969500486000072 51.443413737000071)",Unfall 101332 (2020) Kat:3, Licht: 2,101332,3,5,0,12,16,3,1,2,0,1,0,1,0,0
"POINT (7.001757306000059 51.448815085000035)",Unfall 101333 (2020) Kat:3, Licht: 2,101333,3,1,0,12,00,3,1,2,0,1,0,0,0,0
"POINT (7.088404504000039 51.466030530000069)",Unfall 101380 (2020) Kat:3, Licht: 2,101380,3,1,9,12,00,3,1,2,0,1,0,0,0,0