WKT,Name,OBJECTID,UKATEGORIE,UTYP1,UART,UMONAT,USTUNDE,UWOCHENTAG,STRZUSTAND,ULICHTVERH,ISTRAD,ISTPKW,ISTFUSS,ISTKRAD,ISTGKFZ,ISTSONSTIG
"POINT (6.959568105000074 51.477127105000079)",Unfall 101426 (2020) Kat:3, Licht: 1,101426,3,2,3,11,07,2,0,1,1,1,0,0,0,0
"POINT (6.951074314000039 51.492669170000056)",Unfall 101427 (2020) Kat:3, Licht: 2,101427,3,7,7,11,19,2,1,2,0,1,0,0,0,0
"POINT (6.911546707000071 51.476057960000048)",Unfall 101428 (2020) Kat:3, Licht: 0,101428,3,7,0,11,12,2,0,0,0,0,0,1,0,0
"POINT (7.078268389000073 51.459570583000072)",Unfall 101429 (2020) Kat:3, Licht: 2,101429,3,3,5,11,17,2,1,2,0,0,0,0,0,1
"POINT (7.003144118000023 51.462474135000036)",Unfall 101430 (2020) Kat:3, Licht: 2,101430,3,2,2,11,18,2,1,2,0,1,0,0,0,0
"POINT (7.044103439000025 51.484277555000062)",Unfall 101655 (2020) Kat:3, Licht: 0,101655,3,7,0,12,08,7,0,0,0,0,0,1,0,0
"POINT (6.952932498000052 51.490475247000063)",Unfall 101656 (2020) Kat:3, Licht: 0,101656,3,6,2,12,13,7,0,0,0,1,0,0,0,0
"POINT (6.901488166000036 51.480577501000027)",Unfall 101788 (2020) Kat:3, Licht: 0,101788,3,7,0,12,09,4,1,0,1,0,1,0,0,0
"POINT (6.966233674000023 51.439315913000030)",Unfall 101792 (2020) Kat:3, Licht: 0,101792,3,6,0,12,11,4,1,0,0,1,0,1,0,0
"POINT (7.029988380000020 51.451303738000036)",Unfall 101797 (2020) Kat:3, Licht: 0,101797,3,2,5,12,14,4,1,0,0,1,0,0,0,0
"POINT (7.034448911000027 51.449425504000033)",Unfall 101805 (2020) Kat:3, Licht: 2,101805,3,1,0,12,06,4,1,2,0,0,0,1,0,0
"POINT (7.009197636000067 51.484943708000060)",Unfall 101858 (2020) Kat:3, Licht: 2,101858,3,2,5,12,16,5,1,2,0,1,0,0,0,0
"POINT (6.998669349000068 51.492928029000041)",Unfall 101859 (2020) Kat:3, Licht: 2,101859,3,7,4,12,17,5,1,2,0,1,0,0,0,0
"POINT (6.911546707000071 51.476057960000048)",Unfall 101860 (2020) Kat:3, Licht: 0,101860,3,3,5,12,08,5,1,0,0,1,0,0,0,0
"POINT (6.932323143000076 51.372770181000078)",Unfall 101862 (2020) Kat:3, Licht: 2,101862,3,2,4,12,17,5,1,2,0,1,0,0,0,0
"POINT (7.010612125000023 51.388478634000080)",Unfall 101864 (2020) Kat:3, Licht: 1,101864,3,2,0,12,07,5,1,1,0,1,0,0,0,1
"POINT (7.063787501000036 51.447052141000029)",Unfall 101865 (2020) Kat:2, Licht: 2,101865,2,4,0,12,17,5,1,2,0,1,1,0,0,0
"POINT (7.087443839000059 51.445016556000041)",Unfall 101866 (2020) Kat:3, Licht: 0,101866,3,6,2,12,14,5,1,0,0,1,0,0,0,0
"POINT (7.005389865000041 51.456891072000076)",Unfall 101938 (2020) Kat:3, Licht: 1,101938,3,6,2,12,16,5,0,1,0,1,0,0,0,0
"POINT (7.008038702000022 51.522145813000066)",Unfall 102015 (2020) Kat:3, Licht: 0,102015,3,2,5,12,09,5,2,0,1,1,0,0,0,0
"POINT (7.080923348000056 51.387147577000064)",Unfall 102019 (2020) Kat:3, Licht: 2,102019,3,2,5,12,06,3,1,2,0,1,0,0,0,0
"POINT (7.025263780000046 51.420638060000044)",Unfall 102085 (2020) Kat:2, Licht: 1,102085,2,7,0,12,16,5,0,1,0,1,1,0,0,0
"POINT (7.007125039000073 51.469682789000046)",Unfall 102099 (2020) Kat:2, Licht: 2,102099,2,2,5,12,16,4,0,2,0,1,0,0,0,0
"POINT (6.999385704000076 51.485150798000063)",Unfall 102112 (2020) Kat:3, Licht: 0,102112,3,6,2,12,11,2,1,0,0,1,0,0,0,0
"POINT (7.009943919000023 51.500287108000066)",Unfall 102132 (2020) Kat:2, Licht: 2,102132,2,4,6,12,07,2,1,2,0,1,1,0,0,0
"POINT (6.980187509000075 51.460672789000057)",Unfall 102148 (2020) Kat:3, Licht: 0,102148,3,4,0,12,13,2,1,0,0,1,1,0,0,0
"POINT (7.017792471000064 51.429792894000059)",Unfall 102191 (2020) Kat:3, Licht: 2,102191,3,6,3,12,17,4,0,2,0,1,0,0,0,0
"POINT (7.084310582000057 51.387628611000082)",Unfall 102204 (2020) Kat:3, Licht: 2,102204,3,2,6,12,07,2,1,2,0,1,1,0,0,0
"POINT (6.906509425000024 51.473723412000027)",Unfall 102234 (2020) Kat:3, Licht: 0,102234,3,7,0,12,15,5,1,0,1,0,0,0,0,0
"POINT (7.046631095000066 51.486560814000029)",Unfall 102248 (2020) Kat:2, Licht: 1,102248,2,4,6,12,16,4,1,1,0,1,1,0,0,0
"POINT (6.999186401000031 51.506517456000040)",Unfall 102267 (2020) Kat:3, Licht: 1,102267,3,6,2,12,16,5,0,1,0,1,0,0,0,0
"POINT (7.035324676000073 51.474196011000060)",Unfall 102326 (2020) Kat:3, Licht: 0,102326,3,6,2,12,15,3,1,0,0,1,0,0,0,0
"POINT (7.007334382000067 51.476243537000073)",Unfall 102329 (2020) Kat:2, Licht: 0,102329,2,6,2,12,15,6,0,0,0,1,0,0,0,0
"POINT (6.956238743000029 51.474405328000046)",Unfall 102334 (2020) Kat:3, Licht: 0,102334,3,7,0,12,08,6,0,0,0,0,0,0,0,1
"POINT (6.963574244000029 51.427437178000048)",Unfall 102339 (2020) Kat:3, Licht: 0,102339,3,2,6,12,11,6,0,0,0,1,1,0,0,0
"POINT (7.027196008000033 51.449860873000034)",Unfall 102343 (2020) Kat:3, Licht: 2,102343,3,2,5,12,20,6,0,2,0,1,0,0,0,0
"POINT (6.996905153000057 51.462214397000082)",Unfall 102408 (2020) Kat:2, Licht: 0,102408,2,3,5,12,14,3,1,0,1,1,0,0,0,0
"POINT (7.042790167000021 51.478044466000028)",Unfall 102426 (2020) Kat:3, Licht: 2,102426,3,2,6,12,07,1,1,2,0,1,1,0,0,0
"POINT (6.978518296000061 51.476445924000075)",Unfall 102525 (2020) Kat:3, Licht: 2,102525,3,4,6,12,18,7,1,2,0,1,1,0,0,0
"POINT (7.042805121000072 51.481729137000059)",Unfall 102526 (2020) Kat:3, Licht: 0,102526,3,1,0,12,12,2,1,0,0,0,0,1,0,0
"POINT (7.006677941000021 51.455914343000074)",Unfall 102529 (2020) Kat:3, Licht: 2,102529,3,3,5,12,22,7,1,2,0,1,0,0,0,0
"POINT (6.996550195000054 51.495041781000054)",Unfall 102542 (2020) Kat:3, Licht: 0,102542,3,2,5,12,11,2,1,0,0,1,0,0,0,0
"POINT (6.998483428000043 51.487543960000039)",Unfall 102577 (2020) Kat:3, Licht: 2,102577,3,6,2,12,19,3,1,2,0,1,0,0,0,0
"POINT (6.930843743000025 51.487806359000047)",Unfall 102606 (2020) Kat:3, Licht: 2,102606,3,3,3,12,18,2,0,2,0,1,0,0,0,0
"POINT (7.014959501000021 51.458382169000060)",Unfall 102611 (2020) Kat:3, Licht: 0,102611,3,6,2,12,08,2,1,0,0,1,0,0,0,0
"POINT (7.037757983000063 51.451162376000070)",Unfall 102758 (2020) Kat:2, Licht: 2,102758,2,2,6,12,16,2,1,2,0,1,1,0,0,0
"POINT (7.083819716000050 51.384249691000036)",Unfall 102769 (2020) Kat:3, Licht: 0,102769,3,3,5,12,13,7,0,0,0,1,0,1,0,0
"POINT (7.016034402000059 51.441351367000038)",Unfall 102813 (2020) Kat:3, Licht: 2,102813,3,1,0,12,19,1,1,2,1,0,0,0,0,0
"POINT (7.024022947000049 51.497901521000074)",Unfall 102820 (2020) Kat:3, Licht: 0,102820,3,2,6,12,13,2,1,0,0,1,1,0,0,0
"POINT (7.031265709000024 51.424168457000064)",Unfall 102846 (2020) Kat:3, Licht: 2,102846,3,2,3,12,17,5,0,2,1,0,0,1,0,0
"POINT (7.020255259000066 51.388331550000032)",Unfall 102857 (2020) Kat:3, Licht: 0,102857,3,6,1,12,13,6,1,0,0,1,0,0,0,1
"POINT (7.093104850000032 51.463534410000079)",Unfall 102908 (2020) Kat:3, Licht: 2,102908,3,4,6,12,19,2,1,2,0,0,1,0,0,1
"POINT (7.021512980000068 51.454385063000075)",Unfall 102936 (2020) Kat:3, Licht: 2,102936,3,3,5,12,19,5,1,2,0,1,0,0,0,0
"POINT (7.097088156000041 51.470732588000033)",Unfall 102943 (2020) Kat:3, Licht: 2,102943,3,1,9,12,05,1,0,2,0,1,0,0,0,0
"POINT (6.976302811000039 51.449810984000067)",Unfall 102946 (2020) Kat:3, Licht: 0,102946,3,1,0,12,14,6,0,0,1,0,0,0,0,0
"POINT (6.945289005000063 51.352383380000049)",Unfall 102947 (2020) Kat:3, Licht: 0,102947,3,1,0,12,11,7,0,0,0,0,0,1,0,0
"POINT (7.020665234000035 51.446716163000076)",Unfall 102965 (2020) Kat:2, Licht: 2,102965,2,2,6,12,07,3,1,2,0,1,1,0,0,0
"POINT (7.063194505000070 51.482308983000053)",Unfall 103008 (2020) Kat:2, Licht: 0,103008,2,2,0,12,15,6,0,0,0,1,0,0,0,1
"POINT (6.962779172000069 51.462218446000065)",Unfall 103028 (2020) Kat:2, Licht: 2,103028,2,1,8,12,06,5,1,2,0,1,0,0,0,0
"POINT (7.082368588000065 51.392480313000078)",Unfall 103033 (2020) Kat:2, Licht: 0,103033,2,4,6,12,10,7,1,0,0,1,1,0,0,0
"POINT (7.007445423000036 51.476230382000040)",Unfall 103084 (2020) Kat:3, Licht: 0,103084,3,6,2,12,15,2,1,0,0,1,0,0,0,0
"POINT (6.998488143000031 51.517885901000056)",Unfall 103090 (2020) Kat:3, Licht: 2,103090,3,4,6,12,05,4,1,2,0,1,1,0,0,0
"POINT (7.050243984000076 51.489848753000047)",Unfall 103102 (2020) Kat:2, Licht: 2,103102,2,1,6,12,18,4,0,2,0,1,1,0,0,0
"POINT (7.107363662000068 51.414824852000038)",Unfall 103105 (2020) Kat:3, Licht: 0,103105,3,7,0,12,11,4,0,0,0,1,0,0,0,0
"POINT (7.026337405000049 51.446568225000078)",Unfall 103109 (2020) Kat:3, Licht: 0,103109,3,3,5,12,10,5,1,0,0,1,0,0,0,0
"POINT (7.010502882000026 51.388464346000035)",Unfall 103119 (2020) Kat:3, Licht: 0,103119,3,2,5,12,14,6,0,0,0,1,0,1,0,0
"POINT (6.978519967000068 51.476412189000030)",Unfall 103120 (2020) Kat:3, Licht: 2,103120,3,2,6,12,20,7,0,2,0,1,1,0,0,0
"POINT (6.985529242000041 51.450124836000043)",Unfall 103122 (2020) Kat:3, Licht: 2,103122,3,7,0,12,04,4,1,2,0,1,0,0,0,0
"POINT (6.972807842000066 51.475297194000063)",Unfall 103140 (2020) Kat:2, Licht: 0,103140,2,4,6,12,11,5,1,0,0,1,1,0,0,0
"POINT (7.047175202000062 51.487057043000050)",Unfall 103154 (2020) Kat:3, Licht: 2,103154,3,7,6,12,07,4,1,2,0,1,1,0,0,0
"POINT (6.924535798000022 51.474254844000029)",Unfall 103157 (2020) Kat:3, Licht: 0,103157,3,7,0,12,10,4,1,0,0,1,1,0,0,0
"POINT (7.055724087000044 51.428521506000038)",Unfall 103167 (2020) Kat:2, Licht: 2,103167,2,3,5,12,19,1,1,2,0,1,0,0,0,0
"POINT (7.060814302000040 51.381207834000065)",Unfall 103171 (2020) Kat:3, Licht: 2,103171,3,6,4,12,16,4,1,2,0,1,0,0,0,0
"POINT (7.039302090000035 51.476507305000041)",Unfall 103253 (2020) Kat:3, Licht: 2,103253,3,3,5,12,17,2,1,2,0,1,0,0,0,0
"POINT (6.976541682000061 51.479080307000061)",Unfall 103286 (2020) Kat:3, Licht: 0,103286,3,2,5,12,15,4,1,0,0,1,0,0,0,1
"POINT (7.047764453000070 51.459118123000053)",Unfall 103292 (2020) Kat:3, Licht: 0,103292,3,1,9,12,12,5,1,0,1,1,0,0,0,0
"POINT (6.999041393000027 51.423231135000037)",Unfall 103372 (2020) Kat:3, Licht: 2,103372,3,2,5,12,07,3,1,2,1,1,0,0,0,0
"POINT (7.073094603000072 51.423246726000059)",Unfall 103447 (2020) Kat:3, Licht: 0,103447,3,5,1,12,16,5,1,0,0,1,0,0,0,0
"POINT (6.996368448000055 51.446253545000047)",Unfall 103460 (2020) Kat:3, Licht: 2,103460,3,6,2,12,19,4,1,2,0,1,0,0,0,0
"POINT (6.943551800000023 51.365499307000050)",Unfall 103481 (2020) Kat:3, Licht: 0,103481,3,2,5,12,15,5,1,0,0,1,0,0,0,0
"POINT (6.992875973000025 51.413227317000064)",Unfall 103528 (2020) Kat:3, Licht: 0,103528,3,7,0,12,16,2,0,0,0,0,1,0,0,1
"POINT (7.046466019000036 51.464693933000035)",Unfall 103562 (2020) Kat:3, Licht: 2,103562,3,7,1,12,17,4,1,2,0,1,0,0,0,0
"POINT (7.034949381000047 51.476067842000077)",Unfall 200855 (2020) Kat:2, Licht: 0,200855,2,1,8,01,09,2,1,0,0,0,0,1,0,0
"POINT (7.053465083000049 51.472164364000037)",Unfall 200927 (2020) Kat:3, Licht: 2,200927,3,2,5,01,06,6,1,2,1,1,0,0,0,0
"POINT (6.979002429000047 51.439458873000035)",Unfall 201017 (2020) Kat:3, Licht: 0,201017,3,7,5,01,14,4,0,0,0,1,0,0,0,1
"POINT (6.990077121000070 51.437744253000062)",Unfall 201021 (2020) Kat:3, Licht: 0,201021,3,4,6,01,10,7,0,0,0,1,1,0,0,0
"POINT (6.942274765000036 51.470415624000054)",Unfall 201033 (2020) Kat:3, Licht: 2,201033,3,5,1,01,18,6,1,2,0,1,0,0,0,1
"POINT (7.067690537000033 51.490910739000071)",Unfall 201163 (2020) Kat:3, Licht: 0,201163,3,3,5,01,13,5,1,0,1,1,0,0,0,0
"POINT (6.998879276000025 51.436421285000051)",Unfall 201164 (2020) Kat:2, Licht: 2,201164,2,3,5,01,22,5,1,2,0,1,0,0,0,0
"POINT (6.944304362000025 51.361379976000080)",Unfall 201182 (2020) Kat:3, Licht: 2,201182,3,4,6,01,07,3,1,2,0,1,1,0,0,0
"POINT (7.038396600000056 51.476436762000048)",Unfall 201255 (2020) Kat:3, Licht: 0,201255,3,5,1,01,12,6,1,0,0,1,0,0,0,0
"POINT (6.924490880000064 51.467025282000066)",Unfall 201276 (2020) Kat:3, Licht: 2,201276,3,4,6,01,17,4,1,2,0,1,1,0,0,0
"POINT (6.956229875000076 51.474192913000081)",Unfall 201278 (2020) Kat:3, Licht: 2,201278,3,4,6,01,08,6,1,2,0,1,1,0,0,0
"POINT (6.994719116000056 51.439834013000052)",Unfall 201279 (2020) Kat:2, Licht: 2,201279,2,7,0,01,17,4,1,2,0,0,0,1,0,0
"POINT (7.015444695000042 51.441351769000050)",Unfall 201280 (2020) Kat:3, Licht: 0,201280,3,7,0,01,08,4,1,0,0,0,0,1,0,0
"POINT (7.063454191000062 51.467613933000052)",Unfall 201335 (2020) Kat:3, Licht: 2,201335,3,2,4,01,17,6,1,2,0,1,0,0,0,0
"POINT (7.008758133000072 51.454572860000042)",Unfall 201337 (2020) Kat:2, Licht: 0,201337,2,4,6,01,12,6,1,0,0,1,1,0,0,0
"POINT (6.963538247000031 51.427438295000059)",Unfall 201367 (2020) Kat:3, Licht: 2,201367,3,4,6,01,18,4,1,2,0,1,1,0,0,0
"POINT (6.950389834000021 51.476720467000064)",Unfall 201377 (2020) Kat:2, Licht: 2,201377,2,2,5,01,07,3,1,2,0,1,0,1,0,0
"POINT (7.009297071000049 51.493591593000076)",Unfall 201458 (2020) Kat:3, Licht: 0,201458,3,6,2,01,14,2,0,0,0,1,0,0,0,0
"POINT (6.975457878000043 51.446080622000068)",Unfall 201470 (2020) Kat:3, Licht: 0,201470,3,1,0,01,08,2,1,0,0,0,0,1,0,0
"POINT (6.951173527000037 51.476796261000061)",Unfall 201472 (2020) Kat:2, Licht: 2,201472,2,7,7,01,19,4,1,2,0,1,1,0,0,0
"POINT (6.991688615000044 51.472068390000061)",Unfall 201523 (2020) Kat:3, Licht: 0,201523,3,7,5,01,12,4,0,0,1,1,0,0,0,0
"POINT (7.011185929000021 51.469316650000053)",Unfall 201531 (2020) Kat:1, Licht: 1,201531,1,4,6,01,07,3,1,1,0,0,1,0,1,0
"POINT (7.007224887000064 51.517762431000051)",Unfall 201575 (2020) Kat:2, Licht: 2,201575,2,7,7,01,21,4,1,2,0,1,0,0,0,0
"POINT (6.968142111000020 51.443440791000057)",Unfall 201622 (2020) Kat:3, Licht: 0,201622,3,7,1,01,10,1,1,0,0,1,0,0,0,1
"POINT (6.906637159000070 51.483081417000051)",Unfall 201746 (2020) Kat:3, Licht: 0,201746,3,3,5,01,09,2,0,0,0,1,0,0,0,0
"POINT (6.985007320000022 51.448297927000056)",Unfall 201749 (2020) Kat:3, Licht: 0,201749,3,1,8,01,11,2,1,0,0,0,0,1,0,0
"POINT (6.934367957000063 51.469897171000071)",Unfall 201761 (2020) Kat:3, Licht: 2,201761,3,7,1,01,07,5,0,2,0,1,0,0,0,0
"POINT (6.995518769000057 51.485443611000051)",Unfall 201776 (2020) Kat:3, Licht: 1,201776,3,1,0,01,16,6,1,1,0,0,0,1,0,0
"POINT (6.943271324000023 51.477749563000032)",Unfall 201777 (2020) Kat:2, Licht: 2,201777,2,1,0,01,18,6,1,2,1,0,0,0,0,0
"POINT (6.968240832000049 51.451968985000065)",Unfall 201778 (2020) Kat:2, Licht: 2,201778,2,4,6,01,20,6,1,2,0,1,1,0,0,0
"POINT (7.040610202000039 51.435636331000069)",Unfall 201780 (2020) Kat:3, Licht: 0,201780,3,7,0,01,08,6,0,0,0,0,1,0,0,1
"POINT (6.972287776000030 51.453391809000038)",Unfall 201855 (2020) Kat:2, Licht: 2,201855,2,2,6,01,18,7,1,2,0,1,1,0,0,0
"POINT (7.002649628000029 51.493912039000065)",Unfall 201941 (2020) Kat:3, Licht: 2,201941,3,6,1,01,20,7,1,2,0,1,0,0,0,0
"POINT (6.989215943000033 51.440615189000027)",Unfall 201979 (2020) Kat:3, Licht: 1,201979,3,5,0,01,08,3,1,1,1,1,0,0,0,0
"POINT (6.982556443000021 51.453186713000036)",Unfall 201981 (2020) Kat:3, Licht: 1,201981,3,2,6,01,07,3,1,1,0,1,1,0,0,0
"POINT (7.015087199000050 51.452460829000074)",Unfall 202018 (2020) Kat:3, Licht: 1,202018,3,7,6,01,18,6,0,1,1,0,1,0,0,0
"POINT (7.012384090000069 51.440751977000048)",Unfall 202035 (2020) Kat:3, Licht: 2,202035,3,3,5,01,18,4,1,2,0,1,0,0,0,0
"POINT (6.979430142000069 51.482612966000033)",Unfall 202123 (2020) Kat:3, Licht: 0,202123,3,3,5,01,08,2,1,0,0,0,0,0,1,1
"POINT (7.014816582000037 51.432290390000048)",Unfall 202133 (2020) Kat:3, Licht: 0,202133,3,3,5,01,07,2,1,0,0,1,0,0,0,0
"POINT (7.035341852000045 51.451040620000072)",Unfall 202135 (2020) Kat:2, Licht: 2,202135,2,2,6,01,06,2,1,2,0,1,1,0,0,0
"POINT (6.941662663000045 51.470268671000042)",Unfall 202147 (2020) Kat:3, Licht: 2,202147,3,2,5,01,20,4,0,2,1,1,0,0,0,0
"POINT (7.017394582000065 51.461254484000051)",Unfall 202148 (2020) Kat:3, Licht: 2,202148,3,1,9,01,01,4,1,2,0,1,0,0,0,0
"POINT (6.980402670000046 51.455978442000060)",Unfall 202258 (2020) Kat:3, Licht: 1,202258,3,2,6,01,08,3,1,1,0,1,1,0,0,0
"POINT (7.086478283000076 51.391292797000062)",Unfall 202260 (2020) Kat:3, Licht: 1,202260,3,2,6,01,08,3,1,1,0,1,1,0,0,0
"POINT (7.084388739000076 51.391641267000068)",Unfall 202262 (2020) Kat:3, Licht: 0,202262,3,7,6,01,13,3,1,0,0,1,1,0,0,0
"POINT (6.985443594000060 51.497890061000078)",Unfall 202263 (2020) Kat:3, Licht: 0,202263,3,5,0,01,07,5,0,0,0,0,0,1,0,1
"POINT (7.003331088000039 51.429813044000070)",Unfall 202264 (2020) Kat:3, Licht: 0,202264,3,2,0,01,08,3,1,0,1,1,0,0,0,0
"POINT (6.932710290000046 51.353501433000076)",Unfall 202307 (2020) Kat:3, Licht: 0,202307,3,1,2,01,13,1,0,0,1,1,0,0,0,0
"POINT (7.022320680000064 51.457494047000068)",Unfall 202318 (2020) Kat:3, Licht: 0,202318,3,2,3,01,11,1,0,0,0,1,0,0,0,1
"POINT (7.003962756000021 51.432171778000054)",Unfall 202390 (2020) Kat:3, Licht: 0,202390,3,3,5,01,14,6,0,0,1,1,0,0,0,0
"POINT (6.992298051000034 51.485709630000031)",Unfall 202436 (2020) Kat:3, Licht: 0,202436,3,3,5,02,14,2,0,0,0,1,0,0,1,0
"POINT (6.974754235000034 51.459457920000034)",Unfall 202448 (2020) Kat:3, Licht: 2,202448,3,1,0,02,01,1,1,2,0,0,0,1,0,0
"POINT (6.979319299000053 51.456906160000074)",Unfall 202487 (2020) Kat:3, Licht: 2,202487,3,2,6,02,22,2,1,2,0,1,1,0,0,0
"POINT (7.000255672000037 51.483397101000037)",Unfall 202541 (2020) Kat:3, Licht: 2,202541,3,2,6,02,18,2,1,2,0,1,1,0,0,0
"POINT (7.008174151000048 51.496662455000035)",Unfall 202588 (2020) Kat:3, Licht: 0,202588,3,4,6,02,09,2,1,0,0,1,1,0,0,0
"POINT (7.035813205000068 51.476777500000026)",Unfall 202655 (2020) Kat:3, Licht: 0,202655,3,3,6,02,16,5,0,0,0,1,1,0,0,0
"POINT (7.010639154000046 51.500947335000035)",Unfall 202692 (2020) Kat:3, Licht: 0,202692,3,5,1,02,15,6,0,0,0,1,0,0,0,0
"POINT (6.979346695000061 51.447452364000071)",Unfall 202699 (2020) Kat:3, Licht: 1,202699,3,4,6,02,17,6,0,1,0,1,1,0,0,0
"POINT (7.015440321000028 51.456644105000066)",Unfall 202702 (2020) Kat:3, Licht: 0,202702,3,6,5,02,18,6,0,0,0,1,0,0,0,1
"POINT (7.005880121000075 51.495645830000058)",Unfall 202794 (2020) Kat:3, Licht: 2,202794,3,2,0,02,06,4,1,2,0,1,1,0,0,0
"POINT (7.016538163000064 51.428417546000048)",Unfall 202795 (2020) Kat:2, Licht: 1,202795,2,7,6,02,18,4,0,1,0,0,1,0,0,1
"POINT (7.015031351000062 51.454006643000071)",Unfall 202796 (2020) Kat:3, Licht: 2,202796,3,1,0,02,17,7,0,2,0,0,0,1,0,0
"POINT (7.014060400000062 51.442685079000057)",Unfall 202895 (2020) Kat:3, Licht: 0,202895,3,3,5,02,12,5,1,0,1,1,0,0,0,0
"POINT (7.027707623000026 51.489304994000065)",Unfall 202900 (2020) Kat:3, Licht: 0,202900,3,4,6,02,15,6,0,0,0,1,1,0,0,0
"POINT (7.078266007000025 51.459606314000041)",Unfall 202981 (2020) Kat:2, Licht: 2,202981,2,2,5,02,17,5,1,2,0,1,0,0,0,0
"POINT (6.926440833000072 51.466870846000063)",Unfall 202987 (2020) Kat:2, Licht: 2,202987,2,2,6,02,18,2,1,2,0,1,1,0,0,0
"POINT (7.081154703000038 51.390854601000058)",Unfall 203024 (2020) Kat:3, Licht: 0,203024,3,3,5,02,16,3,0,0,0,1,0,0,0,1
"POINT (7.003797596000027 51.461356472000034)",Unfall 203047 (2020) Kat:3, Licht: 0,203047,3,3,4,02,13,5,1,0,0,1,0,0,0,1
"POINT (6.927248088000056 51.459138604000032)",Unfall 203084 (2020) Kat:3, Licht: 0,203084,3,6,2,02,15,5,1,0,0,1,0,0,0,0
"POINT (6.994155176000049 51.519262652000066)",Unfall 203159 (2020) Kat:3, Licht: 0,203159,3,3,2,02,08,4,1,0,0,1,0,1,0,0
"POINT (7.046479741000042 51.494896050000079)",Unfall 203162 (2020) Kat:3, Licht: 0,203162,3,2,0,02,15,4,0,0,0,1,0,0,0,0
"POINT (6.982332795000048 51.464572077000071)",Unfall 203164 (2020) Kat:3, Licht: 0,203164,3,6,3,02,09,4,1,0,0,1,0,0,0,0
"POINT (7.094256274000031 51.449170605000063)",Unfall 203166 (2020) Kat:3, Licht: 0,203166,3,7,0,02,13,4,0,0,0,1,0,0,0,0
"POINT (6.983030303000021 51.458956519000026)",Unfall 203168 (2020) Kat:3, Licht: 0,203168,3,7,0,02,11,4,0,0,1,0,0,0,0,0
"POINT (6.986561159000075 51.444900078000046)",Unfall 203175 (2020) Kat:3, Licht: 2,203175,3,7,9,02,00,5,1,2,0,1,0,0,0,0
"POINT (7.011286022000036 51.461434103000045)",Unfall 203238 (2020) Kat:2, Licht: 0,203238,2,6,6,02,17,5,0,0,0,1,1,0,0,0
"POINT (7.009466848000045 51.482447776000072)",Unfall 203265 (2020) Kat:3, Licht: 0,203265,3,7,6,02,16,3,0,0,0,1,1,0,0,0
"POINT (6.979350119000060 51.456912021000051)",Unfall 203267 (2020) Kat:2, Licht: 2,203267,2,2,4,02,22,3,0,2,0,1,0,0,0,0
"POINT (6.956991921000054 51.436468154000067)",Unfall 203269 (2020) Kat:3, Licht: 0,203269,3,7,6,02,11,3,0,0,0,1,1,0,0,0
"POINT (6.918429446000062 51.473570780000045)",Unfall 203279 (2020) Kat:3, Licht: 0,203279,3,6,2,02,16,5,0,0,0,1,0,0,0,0
"POINT (7.017978609000068 51.465318542000034)",Unfall 203329 (2020) Kat:3, Licht: 2,203329,3,3,5,02,20,5,1,2,0,1,0,0,0,0
"POINT (7.056561412000065 51.498272488000055)",Unfall 203352 (2020) Kat:2, Licht: 0,203352,2,5,7,02,16,2,1,0,0,0,0,1,1,0
"POINT (7.054897812000036 51.442358485000057)",Unfall 203353 (2020) Kat:3, Licht: 0,203353,3,2,6,02,10,2,0,0,0,1,1,0,0,0
"POINT (7.009240550000072 51.490487238000071)",Unfall 203356 (2020) Kat:3, Licht: 0,203356,3,4,0,02,14,7,0,0,0,1,1,0,0,0
"POINT (6.994413513000040 51.436565967000035)",Unfall 203414 (2020) Kat:3, Licht: 0,203414,3,2,0,02,16,4,0,0,0,1,1,0,0,0
"POINT (6.985023460000036 51.448324229000036)",Unfall 203445 (2020) Kat:3, Licht: 0,203445,3,3,5,02,15,3,0,0,0,1,0,0,0,0
"POINT (7.039689150000072 51.501742830000069)",Unfall 203471 (2020) Kat:3, Licht: 0,203471,3,4,6,02,11,6,0,0,0,1,1,0,0,0
"POINT (6.927660996000043 51.457806111000082)",Unfall 203472 (2020) Kat:3, Licht: 0,203472,3,5,1,02,11,6,0,0,0,1,0,1,0,0
"POINT (7.040866694000044 51.502746420000051)",Unfall 203473 (2020) Kat:3, Licht: 0,203473,3,7,0,02,15,2,1,0,1,0,0,0,0,0
"POINT (7.005537520000075 51.437669014000051)",Unfall 203495 (2020) Kat:3, Licht: 2,203495,3,4,6,02,19,7,1,2,0,1,1,0,0,0
"POINT (7.015940746000069 51.459104571000069)",Unfall 203506 (2020) Kat:2, Licht: 0,203506,2,3,5,02,16,7,0,0,0,1,0,0,0,1
"POINT (7.008520042000043 51.438530940000078)",Unfall 203522 (2020) Kat:3, Licht: 0,203522,3,7,0,02,12,4,1,0,0,0,0,0,0,1