WKT,Name,OBJECTID,UKATEGORIE,UTYP1,UART,UMONAT,USTUNDE,UWOCHENTAG,STRZUSTAND,ULICHTVERH,ISTRAD,ISTPKW,ISTFUSS,ISTKRAD,ISTGKFZ,ISTSONSTIG
"POINT (7.026809700000058 51.470641712000031)",Unfall 203602 (2020) Kat:3, Licht: 0,203602,3,3,0,02,17,3,1,0,1,1,0,0,0,0
"POINT (7.028994589000035 51.437601936000078)",Unfall 203631 (2020) Kat:3, Licht: 1,203631,3,2,6,02,17,2,1,1,0,1,1,0,0,0
"POINT (7.096266388000061 51.437902509000025)",Unfall 203676 (2020) Kat:3, Licht: 0,203676,3,2,2,03,17,1,0,0,0,1,0,0,0,0
"POINT (7.000226262000069 51.483393687000046)",Unfall 203722 (2020) Kat:3, Licht: 0,203722,3,2,0,02,13,5,1,0,0,1,0,1,0,0
"POINT (7.019867011000031 51.493378563000078)",Unfall 203751 (2020) Kat:3, Licht: 0,203751,3,4,6,03,12,2,0,0,0,1,1,0,0,0
"POINT (6.996610335000071 51.416683701000068)",Unfall 203755 (2020) Kat:3, Licht: 0,203755,3,1,0,03,17,2,1,0,1,0,0,0,0,0
"POINT (6.984296586000028 51.440387112000053)",Unfall 203766 (2020) Kat:3, Licht: 2,203766,3,4,6,03,22,2,1,2,0,1,1,0,0,0
"POINT (7.086055854000051 51.400763995000034)",Unfall 203847 (2020) Kat:2, Licht: 0,203847,2,7,8,02,11,6,0,0,0,1,0,0,0,0
"POINT (6.974388526000041 51.452292451000062)",Unfall 203849 (2020) Kat:3, Licht: 2,203849,3,7,0,02,18,6,1,2,0,0,0,1,0,0
"POINT (7.032536873000026 51.459174195000060)",Unfall 203851 (2020) Kat:3, Licht: 2,203851,3,3,5,02,23,6,1,2,0,1,0,0,0,0
"POINT (7.026406351000048 51.458553020000068)",Unfall 203852 (2020) Kat:2, Licht: 0,203852,2,2,6,02,08,6,0,0,0,0,1,0,0,1
"POINT (6.940889043000027 51.491860382000027)",Unfall 203960 (2020) Kat:3, Licht: 1,203960,3,6,1,03,17,5,1,1,0,1,0,0,0,0
"POINT (7.098065808000058 51.411831042000074)",Unfall 204079 (2020) Kat:2, Licht: 0,204079,2,7,8,03,09,7,0,0,0,0,0,1,0,0
"POINT (7.054073764000066 51.429034985000044)",Unfall 204080 (2020) Kat:3, Licht: 0,204080,3,2,2,03,08,3,1,0,0,1,0,1,0,0
"POINT (6.985566346000041 51.492837558000076)",Unfall 204210 (2020) Kat:3, Licht: 0,204210,3,5,2,03,14,5,0,0,0,1,0,0,0,1
"POINT (7.004313550000063 51.426641147000055)",Unfall 204212 (2020) Kat:3, Licht: 0,204212,3,3,5,03,09,5,1,0,0,1,0,0,0,1
"POINT (7.045885478000059 51.469823585000029)",Unfall 204246 (2020) Kat:3, Licht: 0,204246,3,6,2,03,13,2,0,0,0,1,0,1,0,0
"POINT (7.077577525000038 51.460640036000029)",Unfall 204253 (2020) Kat:3, Licht: 0,204253,3,4,6,03,14,2,0,0,0,1,1,0,0,0
"POINT (7.034293757000057 51.454351583000062)",Unfall 204281 (2020) Kat:3, Licht: 2,204281,3,7,9,03,19,6,1,2,0,1,0,0,0,0
"POINT (6.979415432000053 51.484142936000069)",Unfall 204372 (2020) Kat:3, Licht: 0,204372,3,6,2,03,14,3,1,0,0,1,0,1,0,0
"POINT (7.048573046000058 51.470514101000049)",Unfall 204374 (2020) Kat:3, Licht: 0,204374,3,6,2,03,08,3,1,0,0,1,0,0,1,0
"POINT (7.002959576000023 51.428617281000072)",Unfall 204452 (2020) Kat:3, Licht: 0,204452,3,4,6,03,10,5,0,0,0,1,1,0,0,0
"POINT (7.076177664000056 51.450142060000076)",Unfall 204493 (2020) Kat:2, Licht: 0,204493,2,3,5,03,09,3,0,0,0,0,0,1,0,1
"POINT (6.956189415000040 51.476849804000040)",Unfall 204561 (2020) Kat:3, Licht: 0,204561,3,7,6,03,15,5,0,0,0,1,1,0,0,0
"POINT (6.984418525000024 51.449673953000058)",Unfall 204601 (2020) Kat:3, Licht: 0,204601,3,5,1,03,09,3,0,0,0,1,0,0,0,1
"POINT (7.044648567000024 51.469614823000029)",Unfall 204619 (2020) Kat:3, Licht: 0,204619,3,2,5,03,12,7,0,0,1,1,0,0,0,0
"POINT (6.995699886000068 51.441729993000081)",Unfall 204682 (2020) Kat:3, Licht: 0,204682,3,6,1,03,15,4,0,0,0,1,0,0,0,0
"POINT (7.010086858000022 51.463670082000078)",Unfall 204719 (2020) Kat:3, Licht: 0,204719,3,2,5,03,12,1,1,0,0,1,0,0,0,0
"POINT (6.977007532000073 51.466344075000052)",Unfall 204760 (2020) Kat:3, Licht: 0,204760,3,6,2,03,16,7,0,0,1,0,0,0,0,0
"POINT (7.012900333000061 51.451978184000041)",Unfall 204763 (2020) Kat:3, Licht: 0,204763,3,3,3,03,14,2,0,0,1,0,0,0,0,1
"POINT (6.998546908000037 51.386935020000067)",Unfall 204894 (2020) Kat:3, Licht: 2,204894,3,1,8,03,20,4,0,2,0,1,0,0,0,0
"POINT (7.006535994000046 51.426519496000026)",Unfall 204896 (2020) Kat:2, Licht: 0,204896,2,7,1,03,12,4,0,0,0,1,0,0,0,0
"POINT (6.982137710000075 51.464198226000065)",Unfall 204945 (2020) Kat:3, Licht: 2,204945,3,3,5,03,19,7,0,2,0,1,0,0,0,0
"POINT (7.055826805000038 51.430718793000040)",Unfall 204956 (2020) Kat:3, Licht: 0,204956,3,7,0,04,18,2,0,0,1,0,0,0,0,0
"POINT (7.044708907000029 51.498697033000042)",Unfall 205042 (2020) Kat:3, Licht: 0,205042,3,7,5,04,16,2,0,0,1,0,0,0,0,0
"POINT (7.083020061000070 51.426208311000039)",Unfall 205096 (2020) Kat:3, Licht: 0,205096,3,6,2,04,13,3,0,0,0,1,0,0,0,0
"POINT (6.947519686000021 51.480314760000056)",Unfall 205120 (2020) Kat:2, Licht: 0,205120,2,1,0,04,14,1,0,0,1,0,0,0,0,0
"POINT (7.081611740000028 51.473883585000067)",Unfall 205176 (2020) Kat:2, Licht: 0,205176,2,2,5,04,17,4,0,0,0,1,0,1,0,0
"POINT (7.077891649000037 51.449244095000040)",Unfall 205178 (2020) Kat:3, Licht: 0,205178,3,2,6,04,15,4,0,0,0,1,1,0,0,0
"POINT (6.929081736000057 51.481098405000068)",Unfall 205196 (2020) Kat:3, Licht: 1,205196,3,6,2,04,20,3,0,1,0,1,0,0,0,0
"POINT (7.012601419000021 51.480270045000054)",Unfall 205210 (2020) Kat:3, Licht: 0,205210,3,4,6,04,18,2,0,0,0,1,1,0,0,0
"POINT (6.991674301000046 51.435490655000081)",Unfall 205230 (2020) Kat:2, Licht: 0,205230,2,1,3,04,18,5,0,0,1,1,0,0,0,0
"POINT (7.079756156000030 51.464791633000061)",Unfall 205236 (2020) Kat:2, Licht: 0,205236,2,3,5,04,14,5,0,0,0,1,0,1,0,0
"POINT (7.074401856000065 51.458873076000032)",Unfall 205237 (2020) Kat:3, Licht: 1,205237,3,7,0,04,20,1,0,1,1,0,0,0,0,0
"POINT (7.099112313000035 51.442684575000044)",Unfall 205238 (2020) Kat:3, Licht: 0,205238,3,7,0,04,13,2,0,0,0,1,0,0,0,1
"POINT (7.078877993000049 51.473084441000026)",Unfall 205239 (2020) Kat:2, Licht: 1,205239,2,3,5,04,19,5,0,1,0,1,0,1,0,0
"POINT (7.005349077000062 51.461361112000077)",Unfall 205251 (2020) Kat:3, Licht: 0,205251,3,3,5,04,14,2,0,0,1,1,0,0,0,0
"POINT (7.121343979000073 51.415844859000060)",Unfall 205287 (2020) Kat:2, Licht: 0,205287,2,7,0,04,13,3,0,0,0,1,1,0,0,0
"POINT (6.935270268000068 51.479946284000050)",Unfall 205333 (2020) Kat:3, Licht: 0,205333,3,6,1,04,18,7,0,0,1,1,0,0,0,0
"POINT (6.979840782000053 51.433512617000076)",Unfall 205388 (2020) Kat:2, Licht: 0,205388,2,1,0,04,15,6,0,0,1,0,0,0,0,0
"POINT (6.934623697000063 51.474035086000072)",Unfall 205445 (2020) Kat:3, Licht: 0,205445,3,7,0,04,13,4,0,0,1,1,0,0,0,0
"POINT (7.016274981000038 51.426990636000028)",Unfall 205454 (2020) Kat:3, Licht: 0,205454,3,2,5,04,10,4,0,0,1,1,0,0,0,0
"POINT (6.994744370000035 51.519853164000040)",Unfall 205561 (2020) Kat:3, Licht: 0,205561,3,6,2,04,15,5,0,0,0,1,0,0,1,0
"POINT (7.044095053000035 51.502639635000037)",Unfall 205568 (2020) Kat:3, Licht: 0,205568,3,3,5,04,10,5,0,0,1,1,0,0,0,0
"POINT (6.933834098000034 51.453737396000065)",Unfall 205572 (2020) Kat:3, Licht: 0,205572,3,1,8,04,15,5,0,0,1,0,0,0,0,0
"POINT (7.038282288000062 51.474075597000081)",Unfall 205578 (2020) Kat:3, Licht: 0,205578,3,7,0,04,14,4,0,0,1,1,0,0,0,0
"POINT (7.056694513000025 51.433714806000069)",Unfall 205582 (2020) Kat:3, Licht: 0,205582,3,7,0,04,11,5,0,0,0,0,0,1,0,1
"POINT (7.000989815000025 51.389803740000048)",Unfall 205585 (2020) Kat:3, Licht: 0,205585,3,6,3,04,16,4,0,0,1,1,0,0,0,0
"POINT (7.039403226000047 51.490082268000037)",Unfall 205651 (2020) Kat:3, Licht: 0,205651,3,3,5,04,17,6,0,0,0,1,0,1,0,0
"POINT (7.013575883000044 51.452074939000056)",Unfall 205655 (2020) Kat:3, Licht: 0,205655,3,7,0,04,14,7,1,0,1,0,0,0,0,0
"POINT (6.987985500000036 51.477474042000040)",Unfall 205733 (2020) Kat:3, Licht: 0,205733,3,7,0,04,11,5,0,0,0,1,0,0,0,0
"POINT (7.024063022000064 51.453242434000060)",Unfall 205742 (2020) Kat:2, Licht: 0,205742,2,6,3,04,12,5,0,0,0,1,0,1,0,0
"POINT (7.039035483000021 51.474724602000038)",Unfall 205746 (2020) Kat:3, Licht: 0,205746,3,2,5,04,12,4,0,0,1,1,0,0,0,0
"POINT (7.013032332000023 51.439598516000046)",Unfall 205748 (2020) Kat:3, Licht: 0,205748,3,1,0,04,08,4,0,0,1,0,0,0,0,0
"POINT (6.972287584000071 51.453387202000044)",Unfall 205936 (2020) Kat:3, Licht: 0,205936,3,2,4,04,16,2,0,0,0,1,0,0,0,0
"POINT (7.029591869000058 51.452874710000060)",Unfall 205939 (2020) Kat:2, Licht: 0,205939,2,4,6,04,12,2,0,0,0,1,1,0,0,0
"POINT (7.006076263000068 51.498140540000065)",Unfall 206029 (2020) Kat:3, Licht: 2,206029,3,7,0,04,23,2,0,2,1,0,0,0,0,0
"POINT (6.962539320000076 51.449730276000082)",Unfall 206079 (2020) Kat:3, Licht: 0,206079,3,7,8,04,19,2,0,0,0,1,0,0,0,0
"POINT (6.992220736000036 51.492830348000041)",Unfall 206135 (2020) Kat:3, Licht: 0,206135,3,6,5,04,19,2,0,0,1,1,0,0,0,0
"POINT (6.949070822000067 51.472033480000050)",Unfall 206141 (2020) Kat:3, Licht: 0,206141,3,7,0,04,13,6,0,0,0,0,0,0,0,1
"POINT (6.981981402000031 51.463898106000045)",Unfall 206143 (2020) Kat:3, Licht: 1,206143,3,1,0,04,20,6,0,1,0,1,0,1,0,0
"POINT (7.073214401000030 51.483319762000065)",Unfall 206146 (2020) Kat:3, Licht: 0,206146,3,6,1,04,13,7,0,0,0,1,0,0,0,0
"POINT (7.016592324000044 51.443027878000066)",Unfall 206147 (2020) Kat:3, Licht: 0,206147,3,7,0,04,11,6,0,0,0,1,0,0,0,0
"POINT (7.023045373000059 51.469203630000038)",Unfall 206153 (2020) Kat:2, Licht: 2,206153,2,6,2,04,22,6,0,2,0,1,0,0,0,0
"POINT (7.070376895000038 51.484823845000051)",Unfall 206171 (2020) Kat:3, Licht: 0,206171,3,7,0,04,19,7,0,0,0,0,0,1,0,0
"POINT (6.938896149000073 51.491788386000053)",Unfall 206186 (2020) Kat:3, Licht: 0,206186,3,7,6,04,10,2,0,0,0,1,1,0,0,0
"POINT (7.004225745000042 51.494864851000045)",Unfall 206231 (2020) Kat:3, Licht: 0,206231,3,3,5,04,10,7,0,0,0,0,0,1,0,0
"POINT (6.988257279000038 51.440482864000046)",Unfall 206233 (2020) Kat:3, Licht: 0,206233,3,4,0,04,14,7,0,0,0,1,1,0,0,0
"POINT (6.947569173000034 51.480575398000042)",Unfall 206256 (2020) Kat:2, Licht: 0,206256,2,1,0,04,14,5,0,0,1,0,0,0,0,0
"POINT (6.993877378000036 51.412402808000081)",Unfall 206258 (2020) Kat:3, Licht: 0,206258,3,1,0,04,08,5,1,0,0,0,0,1,0,0
"POINT (7.024059221000073 51.453240488000063)",Unfall 206264 (2020) Kat:3, Licht: 0,206264,3,2,6,04,12,5,0,0,0,1,1,0,0,0
"POINT (6.949276150000060 51.471168873000067)",Unfall 206273 (2020) Kat:3, Licht: 0,206273,3,7,0,05,16,3,0,0,0,0,0,1,0,1
"POINT (6.994444497000075 51.436479167000073)",Unfall 206284 (2020) Kat:3, Licht: 0,206284,3,5,1,05,13,3,0,0,1,1,0,0,0,0
"POINT (7.048637100000065 51.488315748000048)",Unfall 206321 (2020) Kat:3, Licht: 0,206321,3,7,6,05,07,3,0,0,1,0,1,0,0,0
"POINT (6.963164604000042 51.468517496000061)",Unfall 206334 (2020) Kat:2, Licht: 0,206334,2,4,6,05,14,1,0,0,0,1,1,0,0,0
"POINT (6.947734341000057 51.480894354000043)",Unfall 206336 (2020) Kat:3, Licht: 0,206336,3,7,0,05,12,1,0,0,1,0,0,0,0,0
"POINT (7.059001238000064 51.404632866000043)",Unfall 206338 (2020) Kat:3, Licht: 0,206338,3,6,4,05,11,1,0,0,1,1,0,0,0,0
"POINT (6.997817961000067 51.374350837000065)",Unfall 206340 (2020) Kat:3, Licht: 0,206340,3,1,8,05,17,1,0,0,0,0,0,1,0,0
"POINT (7.030397449000077 51.426732656000070)",Unfall 206342 (2020) Kat:3, Licht: 0,206342,3,7,0,05,12,1,0,0,0,1,0,0,0,1
"POINT (7.003822181000032 51.431607334000034)",Unfall 206375 (2020) Kat:3, Licht: 0,206375,3,4,6,05,12,3,0,0,0,1,1,0,0,0
"POINT (6.927304083000024 51.469262316000027)",Unfall 206430 (2020) Kat:3, Licht: 2,206430,3,1,1,05,21,3,0,2,0,1,0,0,0,1
"POINT (7.024268819000042 51.439325390000079)",Unfall 206442 (2020) Kat:3, Licht: 0,206442,3,1,0,05,12,3,0,0,1,0,0,0,0,0
"POINT (6.992413464000038 51.371559141000034)",Unfall 206480 (2020) Kat:3, Licht: 0,206480,3,1,4,05,14,3,0,0,1,1,0,0,0,0
"POINT (6.988306931000068 51.440491100000031)",Unfall 206531 (2020) Kat:3, Licht: 0,206531,3,7,0,05,18,4,0,0,1,0,0,0,0,0
"POINT (6.911822994000033 51.483610291000048)",Unfall 206534 (2020) Kat:3, Licht: 1,206534,3,6,6,05,20,6,0,1,1,0,1,0,0,0
"POINT (7.022640759000069 51.439948072000050)",Unfall 206536 (2020) Kat:2, Licht: 0,206536,2,4,6,05,19,4,0,0,0,1,1,0,0,0
"POINT (7.015153661000056 51.452467662000060)",Unfall 206542 (2020) Kat:3, Licht: 0,206542,3,2,0,05,14,4,0,0,0,0,0,0,0,1
"POINT (7.017962566000051 51.442424726000070)",Unfall 206543 (2020) Kat:3, Licht: 0,206543,3,7,0,05,12,5,0,0,1,0,0,0,0,0
"POINT (7.037810566000076 51.462483948000056)",Unfall 206546 (2020) Kat:3, Licht: 0,206546,3,3,5,05,12,7,0,0,1,1,0,0,0,0
"POINT (7.090282998000021 51.421799627000041)",Unfall 206635 (2020) Kat:3, Licht: 0,206635,3,3,0,05,07,5,0,0,0,1,0,1,0,0
"POINT (7.037525685000048 51.499005216000057)",Unfall 206804 (2020) Kat:3, Licht: 0,206804,3,6,2,05,15,5,0,0,0,1,0,1,0,0
"POINT (6.899201767000022 51.483505106000052)",Unfall 206810 (2020) Kat:2, Licht: 0,206810,2,1,8,05,15,5,0,0,0,1,0,0,0,1
"POINT (7.001178394000021 51.422352491000026)",Unfall 206817 (2020) Kat:3, Licht: 0,206817,3,7,0,05,07,5,0,0,1,0,0,0,0,0
"POINT (6.988759294000033 51.440550773000041)",Unfall 206818 (2020) Kat:3, Licht: 0,206818,3,4,6,05,13,5,0,0,0,1,1,0,0,0
"POINT (7.017725757000051 51.452988350000055)",Unfall 206820 (2020) Kat:3, Licht: 0,206820,3,6,0,05,15,5,0,0,0,0,0,0,0,1
"POINT (7.080492173000039 51.457599014000039)",Unfall 206868 (2020) Kat:2, Licht: 0,206868,2,5,0,05,16,3,0,0,1,1,0,0,0,0
"POINT (7.022640759000069 51.439948072000050)",Unfall 206869 (2020) Kat:3, Licht: 0,206869,3,7,0,05,16,3,0,0,0,1,0,0,0,0
"POINT (6.945593431000020 51.478986771000052)",Unfall 206930 (2020) Kat:3, Licht: 0,206930,3,7,0,05,17,2,0,0,1,0,0,0,0,0
"POINT (7.026398134000033 51.454145370000049)",Unfall 206932 (2020) Kat:2, Licht: 0,206932,2,7,0,05,14,2,0,0,1,0,0,0,0,0
"POINT (7.076187225000069 51.448154164000073)",Unfall 207029 (2020) Kat:3, Licht: 0,207029,3,7,6,05,12,2,0,0,0,1,1,0,0,0
"POINT (7.059962959000075 51.473289686000044)",Unfall 207072 (2020) Kat:3, Licht: 2,207072,3,1,8,05,21,3,0,2,0,0,0,1,0,0
"POINT (7.008738796000046 51.454569899000035)",Unfall 207119 (2020) Kat:3, Licht: 0,207119,3,3,6,05,09,3,0,0,0,1,1,0,0,0
"POINT (7.074873378000063 51.467519411000069)",Unfall 207179 (2020) Kat:3, Licht: 0,207179,3,3,5,05,19,2,0,0,0,1,0,0,0,0
"POINT (7.025268013000073 51.420629251000037)",Unfall 207222 (2020) Kat:3, Licht: 0,207222,3,4,0,05,10,3,0,0,0,1,1,0,0,0
"POINT (7.004663667000045 51.417921982000053)",Unfall 207257 (2020) Kat:3, Licht: 0,207257,3,1,1,05,14,6,0,0,0,1,0,0,0,0
"POINT (7.021452597000064 51.454843989000040)",Unfall 207265 (2020) Kat:3, Licht: 2,207265,3,1,8,05,01,6,0,2,0,0,0,0,0,1
"POINT (6.957263629000067 51.495723159000079)",Unfall 207299 (2020) Kat:3, Licht: 0,207299,3,7,0,05,16,7,0,0,0,0,0,0,0,1
"POINT (6.940894877000062 51.491884994000031)",Unfall 207300 (2020) Kat:3, Licht: 0,207300,3,2,6,05,19,7,0,0,0,0,1,0,0,1
"POINT (6.911252976000071 51.483336349000069)",Unfall 207301 (2020) Kat:3, Licht: 0,207301,3,6,4,05,17,7,0,0,0,1,0,1,0,0
"POINT (7.049312642000075 51.409935494000081)",Unfall 207304 (2020) Kat:3, Licht: 0,207304,3,1,6,05,18,7,0,0,1,0,1,0,0,0
"POINT (6.947068783000020 51.360673791000067)",Unfall 207354 (2020) Kat:3, Licht: 0,207354,3,7,1,05,18,4,0,0,0,1,0,0,0,0
"POINT (7.024818027000038 51.439205258000072)",Unfall 207373 (2020) Kat:3, Licht: 0,207373,3,7,2,05,16,6,1,0,0,1,0,0,0,0
"POINT (7.022355594000032 51.455520597000032)",Unfall 207374 (2020) Kat:3, Licht: 0,207374,3,3,5,05,13,6,0,0,1,1,0,0,0,0
"POINT (7.022022220000054 51.488035186000047)",Unfall 207465 (2020) Kat:3, Licht: 0,207465,3,1,4,05,06,5,0,0,0,1,0,0,0,1
"POINT (7.013685807000059 51.461937393000028)",Unfall 207535 (2020) Kat:2, Licht: 0,207535,2,7,0,05,17,5,0,0,1,0,0,0,0,0
"POINT (7.007319525000071 51.518447693000041)",Unfall 207564 (2020) Kat:2, Licht: 0,207564,2,2,0,05,07,4,0,0,0,1,1,0,0,0
"POINT (7.084581543000070 51.395851612000058)",Unfall 207574 (2020) Kat:3, Licht: 0,207574,3,2,0,05,09,5,0,0,0,1,1,0,0,0
"POINT (6.978401578000046 51.449814951000064)",Unfall 207613 (2020) Kat:2, Licht: 0,207613,2,7,0,05,16,4,0,0,1,0,1,0,0,0
"POINT (7.034095567000065 51.456138484000064)",Unfall 207629 (2020) Kat:3, Licht: 0,207629,3,3,3,05,16,3,0,0,1,1,0,0,0,0
"POINT (6.975630739000053 51.442337284000075)",Unfall 207638 (2020) Kat:3, Licht: 0,207638,3,2,5,05,15,5,0,0,0,1,0,0,0,0
"POINT (6.983473600000025 51.455766220000044)",Unfall 207664 (2020) Kat:3, Licht: 0,207664,3,7,6,05,07,3,0,0,0,1,1,0,0,0
"POINT (6.940889043000027 51.491860382000027)",Unfall 207678 (2020) Kat:3, Licht: 0,207678,3,2,2,05,16,5,0,0,0,1,0,0,0,0
"POINT (6.983258094000064 51.455035885000029)",Unfall 207718 (2020) Kat:3, Licht: 0,207718,3,7,8,05,19,4,0,0,1,0,0,0,0,0
"POINT (7.026235491000023 51.419088428000066)",Unfall 207728 (2020) Kat:3, Licht: 0,207728,3,1,0,05,13,5,0,0,1,0,0,0,0,0
"POINT (6.997217382000031 51.476379037000072)",Unfall 207749 (2020) Kat:3, Licht: 0,207749,3,3,5,05,10,5,0,0,0,1,0,0,0,0
"POINT (7.035533304000069 51.485605014000043)",Unfall 207798 (2020) Kat:3, Licht: 0,207798,3,2,6,05,12,1,0,0,0,1,1,0,0,0
"POINT (6.975814715000070 51.446197649000055)",Unfall 207799 (2020) Kat:2, Licht: 0,207799,2,1,0,05,10,1,0,0,0,0,0,1,0,0
"POINT (7.068311385000072 51.491167478000079)",Unfall 207904 (2020) Kat:3, Licht: 0,207904,3,7,0,05,17,7,0,0,1,0,0,0,0,0
"POINT (6.955032299000038 51.458440075000055)",Unfall 207905 (2020) Kat:3, Licht: 0,207905,3,4,6,06,16,2,0,0,0,1,1,0,0,0
"POINT (6.961279694000041 51.419355222000036)",Unfall 207907 (2020) Kat:2, Licht: 0,207907,2,7,0,05,20,7,0,0,1,0,0,0,0,0
"POINT (6.993378166000071 51.408803500000033)",Unfall 207908 (2020) Kat:2, Licht: 0,207908,2,7,8,05,15,7,0,0,1,0,0,0,0,0
"POINT (7.016432259000055 51.426756466000029)",Unfall 207911 (2020) Kat:2, Licht: 0,207911,2,7,6,05,11,7,0,0,1,0,1,0,0,0
"POINT (6.900315236000040 51.471444066000061)",Unfall 208011 (2020) Kat:3, Licht: 0,208011,3,7,0,06,11,2,0,0,1,0,0,0,0,0
"POINT (6.984623841000030 51.381953954000039)",Unfall 208020 (2020) Kat:3, Licht: 0,208020,3,6,6,05,10,6,0,0,0,1,1,0,0,0
"POINT (7.066251036000040 51.446268380000049)",Unfall 208087 (2020) Kat:3, Licht: 0,208087,3,1,5,06,17,4,0,0,1,1,0,0,0,0
"POINT (6.949296635000053 51.471176768000078)",Unfall 208242 (2020) Kat:3, Licht: 0,208242,3,6,2,06,09,3,0,0,0,1,0,0,0,0
"POINT (6.977023577000068 51.465537910000080)",Unfall 208250 (2020) Kat:3, Licht: 0,208250,3,5,1,06,17,3,0,0,1,1,0,0,0,0
"POINT (7.033917651000024 51.457878455000071)",Unfall 208258 (2020) Kat:3, Licht: 0,208258,3,3,1,06,12,4,0,0,1,1,0,0,0,0
"POINT (6.923270204000062 51.472768960000053)",Unfall 208353 (2020) Kat:2, Licht: 0,208353,2,2,5,06,10,1,0,0,0,1,0,1,0,0
"POINT (7.001042065000036 51.421881332000055)",Unfall 208354 (2020) Kat:3, Licht: 0,208354,3,7,0,06,07,1,0,0,1,0,0,0,0,0
"POINT (7.014915225000038 51.452394484000081)",Unfall 208401 (2020) Kat:3, Licht: 0,208401,3,6,0,06,17,3,0,0,0,1,0,0,0,1
"POINT (6.969513376000066 51.445247345000041)",Unfall 208524 (2020) Kat:3, Licht: 0,208524,3,7,1,06,13,2,0,0,0,1,0,0,0,0
"POINT (6.917793368000048 51.482753893000051)",Unfall 208574 (2020) Kat:3, Licht: 0,208574,3,7,6,06,17,6,0,0,0,1,1,0,0,0
"POINT (7.007828291000067 51.500748950000059)",Unfall 208666 (2020) Kat:3, Licht: 0,208666,3,3,5,06,08,6,0,0,1,1,0,0,0,0
"POINT (7.042363838000028 51.446074680000038)",Unfall 208692 (2020) Kat:3, Licht: 0,208692,3,3,6,06,17,7,0,0,0,1,1,0,0,0
"POINT (7.055359959000043 51.458566598000061)",Unfall 208707 (2020) Kat:3, Licht: 0,208707,3,3,5,06,14,1,0,0,0,1,0,0,0,0
"POINT (7.043701758000054 51.451182650000078)",Unfall 208736 (2020) Kat:3, Licht: 0,208736,3,7,0,06,17,6,0,0,0,1,0,0,0,0
"POINT (7.121340916000065 51.411199925000062)",Unfall 208747 (2020) Kat:3, Licht: 0,208747,3,1,1,06,12,4,0,0,1,1,0,0,0,0
"POINT (6.996957995000059 51.384457627000074)",Unfall 208751 (2020) Kat:3, Licht: 0,208751,3,7,4,06,16,4,0,0,0,1,0,0,0,1
"POINT (6.973568873000033 51.447875575000069)",Unfall 208754 (2020) Kat:3, Licht: 0,208754,3,7,1,06,12,4,0,0,1,1,0,0,0,0
"POINT (7.079299990000038 51.477008619000060)",Unfall 208761 (2020) Kat:2, Licht: 0,208761,2,6,1,06,14,4,0,0,0,1,0,1,0,0
"POINT (7.068803976000027 51.489898299000060)",Unfall 208775 (2020) Kat:3, Licht: 0,208775,3,1,8,06,13,6,0,0,1,0,0,0,0,0
"POINT (7.097956037000074 51.481884260000072)",Unfall 208837 (2020) Kat:2, Licht: 0,208837,2,1,1,06,11,5,0,0,0,1,0,0,1,0
"POINT (7.021910498000068 51.388209031000031)",Unfall 208872 (2020) Kat:3, Licht: 0,208872,3,3,5,06,20,2,0,0,0,1,0,0,0,0
"POINT (7.003630270000031 51.431000369000060)",Unfall 208877 (2020) Kat:3, Licht: 0,208877,3,1,0,06,17,2,0,0,1,0,0,0,0,0
"POINT (6.962578438000037 51.442154040000048)",Unfall 208882 (2020) Kat:3, Licht: 0,208882,3,7,0,06,16,2,0,0,0,0,0,1,0,0
"POINT (7.076400085000046 51.477618636000045)",Unfall 208884 (2020) Kat:3, Licht: 2,208884,3,7,1,06,03,2,0,2,0,1,0,0,0,1
"POINT (7.009434560000045 51.445894637000038)",Unfall 208886 (2020) Kat:3, Licht: 0,208886,3,7,7,06,11,2,0,0,1,0,0,0,0,0
"POINT (6.943277410000064 51.470701121000047)",Unfall 208942 (2020) Kat:3, Licht: 0,208942,3,6,2,06,16,5,0,0,0,1,0,0,0,0
"POINT (6.949126848000049 51.493767926000032)",Unfall 208991 (2020) Kat:2, Licht: 0,208991,2,3,5,06,14,3,0,0,0,1,0,0,0,0
"POINT (7.023754432000033 51.383469818000037)",Unfall 208993 (2020) Kat:3, Licht: 0,208993,3,7,1,06,18,3,0,0,1,1,0,0,0,0
"POINT (7.037060289000067 51.487123045000033)",Unfall 209133 (2020) Kat:3, Licht: 0,209133,3,1,0,06,11,1,0,0,1,0,0,0,0,0
"POINT (7.008567245000052 51.433607263000056)",Unfall 209156 (2020) Kat:3, Licht: 2,209156,3,7,0,06,00,7,0,2,1,0,0,0,0,0