WKT,Name,OBJECTID,UKATEGORIE,UTYP1,UART,UMONAT,USTUNDE,UWOCHENTAG,STRZUSTAND,ULICHTVERH,ISTRAD,ISTPKW,ISTFUSS,ISTKRAD,ISTGKFZ,ISTSONSTIG
"POINT (6.962892525000029 51.463364458000058)",Unfall 209170 (2020) Kat:2, Licht: 0,209170,2,4,6,06,14,6,0,0,0,1,1,0,0,0
"POINT (6.950215902000025 51.477247439000053)",Unfall 209189 (2020) Kat:3, Licht: 0,209189,3,7,0,06,13,6,0,0,1,0,0,0,0,0
"POINT (7.053806069000075 51.401858841000035)",Unfall 209194 (2020) Kat:3, Licht: 0,209194,3,7,1,06,10,7,0,0,0,1,1,0,0,0
"POINT (7.099595294000039 51.381176538000034)",Unfall 209195 (2020) Kat:3, Licht: 0,209195,3,7,8,06,11,6,0,0,1,0,0,0,0,1
"POINT (6.950658276000070 51.370418914000027)",Unfall 209199 (2020) Kat:2, Licht: 0,209199,2,4,0,06,17,6,0,0,0,1,1,0,0,0
"POINT (7.080774687000030 51.387179918000072)",Unfall 209202 (2020) Kat:3, Licht: 0,209202,3,7,3,06,11,1,0,0,0,1,0,1,0,0
"POINT (7.010767394000027 51.439245816000039)",Unfall 209209 (2020) Kat:3, Licht: 0,209209,3,7,0,06,11,6,0,0,1,1,0,0,0,0
"POINT (6.974174035000033 51.415373956000053)",Unfall 209265 (2020) Kat:3, Licht: 0,209265,3,3,5,06,10,7,0,0,0,1,0,0,0,0
"POINT (6.910685396000076 51.469640284000036)",Unfall 209280 (2020) Kat:2, Licht: 0,209280,2,1,0,06,18,6,0,0,0,0,0,1,0,0
"POINT (6.947504620000075 51.480320147000043)",Unfall 209310 (2020) Kat:3, Licht: 0,209310,3,7,0,06,19,1,0,0,1,0,0,0,0,0
"POINT (6.943396896000024 51.464692334000063)",Unfall 209330 (2020) Kat:3, Licht: 0,209330,3,6,2,06,12,6,0,0,0,1,0,0,0,0
"POINT (6.963800828000046 51.434617508000031)",Unfall 209354 (2020) Kat:3, Licht: 0,209354,3,4,6,06,14,7,0,0,0,0,1,0,0,1
"POINT (7.054659288000039 51.401511326000048)",Unfall 209412 (2020) Kat:3, Licht: 0,209412,3,6,4,06,14,4,0,0,1,1,0,0,0,0
"POINT (6.950891768000076 51.419074884000054)",Unfall 209414 (2020) Kat:3, Licht: 0,209414,3,7,0,06,07,4,0,0,0,1,1,0,0,0
"POINT (7.061058303000038 51.447402080000074)",Unfall 209416 (2020) Kat:3, Licht: 0,209416,3,5,1,06,17,4,0,0,0,1,0,0,0,0
"POINT (7.104705923000040 51.436402225000052)",Unfall 209418 (2020) Kat:3, Licht: 1,209418,3,7,0,06,21,4,0,1,0,1,1,0,0,0
"POINT (6.996663679000051 51.483001880000074)",Unfall 209525 (2020) Kat:3, Licht: 1,209525,3,2,0,06,19,2,0,1,0,1,0,0,0,0
"POINT (6.944787853000037 51.466947330000039)",Unfall 209561 (2020) Kat:3, Licht: 0,209561,3,7,6,06,12,3,0,0,0,0,1,0,0,1
"POINT (6.978233497000076 51.420926272000031)",Unfall 209562 (2020) Kat:3, Licht: 0,209562,3,2,5,06,08,3,0,0,1,1,0,0,0,0
"POINT (7.012901387000056 51.451967833000026)",Unfall 209564 (2020) Kat:3, Licht: 0,209564,3,1,8,06,13,3,0,0,1,1,0,0,0,0
"POINT (7.087466486000039 51.466756303000068)",Unfall 209842 (2020) Kat:3, Licht: 0,209842,3,3,5,06,10,6,0,0,1,1,0,0,0,0
"POINT (6.973178894000057 51.465725679000059)",Unfall 209881 (2020) Kat:3, Licht: 0,209881,3,3,5,07,16,5,0,0,1,0,0,0,0,0
"POINT (6.972491633000061 51.441671171000053)",Unfall 209882 (2020) Kat:3, Licht: 0,209882,3,4,0,07,17,5,1,0,0,1,1,0,0,0
"POINT (6.948647570000048 51.471963573000039)",Unfall 209891 (2020) Kat:3, Licht: 0,209891,3,4,0,06,12,3,0,0,0,0,1,0,0,1
"POINT (7.010002089000068 51.463822518000029)",Unfall 209896 (2020) Kat:2, Licht: 0,209896,2,7,0,06,14,3,0,0,1,0,0,0,0,0
"POINT (7.012023816000067 51.458924173000071)",Unfall 209901 (2020) Kat:3, Licht: 0,209901,3,2,4,06,16,3,0,0,1,1,0,0,0,0
"POINT (7.007494176000023 51.451624266000067)",Unfall 209938 (2020) Kat:3, Licht: 0,209938,3,2,6,07,16,6,0,0,0,1,1,0,0,0
"POINT (7.068269327000053 51.490391260000081)",Unfall 209997 (2020) Kat:3, Licht: 0,209997,3,7,1,07,17,4,0,0,0,1,0,0,0,1
"POINT (7.013019276000023 51.451925838000079)",Unfall 209998 (2020) Kat:3, Licht: 0,209998,3,1,1,07,12,4,1,0,0,1,0,0,0,1
"POINT (6.949296635000053 51.471176768000078)",Unfall 210043 (2020) Kat:3, Licht: 0,210043,3,6,1,07,08,6,0,0,0,1,0,0,0,0
"POINT (6.948079272000030 51.481560434000073)",Unfall 210122 (2020) Kat:3, Licht: 0,210122,3,1,0,07,12,2,1,0,0,0,0,1,0,0
"POINT (7.015072898000028 51.452459359000045)",Unfall 210136 (2020) Kat:3, Licht: 2,210136,3,6,2,07,23,7,1,2,0,1,0,0,0,0
"POINT (7.020337052000059 51.440081997000050)",Unfall 210242 (2020) Kat:3, Licht: 2,210242,3,5,1,07,04,7,0,2,1,1,0,0,0,0
"POINT (6.907356932000027 51.472698217000072)",Unfall 210344 (2020) Kat:2, Licht: 0,210344,2,7,0,07,16,7,0,0,0,0,0,1,0,0
"POINT (6.979430142000069 51.482612966000033)",Unfall 210369 (2020) Kat:3, Licht: 0,210369,3,6,2,07,11,6,0,0,0,1,0,0,1,0
"POINT (6.967718321000064 51.479588523000075)",Unfall 210385 (2020) Kat:3, Licht: 0,210385,3,7,0,07,06,6,0,0,1,0,0,0,0,0
"POINT (6.943830189000039 51.462868788000037)",Unfall 210413 (2020) Kat:3, Licht: 0,210413,3,2,5,07,17,1,0,0,0,1,0,0,0,0
"POINT (7.013865976000034 51.457896578000032)",Unfall 210422 (2020) Kat:3, Licht: 1,210422,3,7,0,07,20,2,0,1,0,1,0,0,0,0
"POINT (7.099532806000070 51.448926498000048)",Unfall 210472 (2020) Kat:3, Licht: 0,210472,3,3,5,07,16,2,0,0,0,1,0,0,0,0
"POINT (7.064063773000044 51.485631950000027)",Unfall 210481 (2020) Kat:3, Licht: 0,210481,3,3,5,07,08,5,1,0,0,1,0,1,0,0
"POINT (7.044666244000041 51.469616893000079)",Unfall 210482 (2020) Kat:3, Licht: 0,210482,3,6,2,07,14,5,1,0,0,1,0,0,0,0
"POINT (7.005655599000022 51.489953261000039)",Unfall 210484 (2020) Kat:3, Licht: 0,210484,3,6,1,07,15,5,0,0,0,1,0,0,0,0
"POINT (6.965445105000072 51.437336580000078)",Unfall 210515 (2020) Kat:3, Licht: 0,210515,3,3,0,07,17,7,0,0,1,1,0,0,0,0
"POINT (6.956996171000071 51.448806264000041)",Unfall 210581 (2020) Kat:3, Licht: 0,210581,3,3,5,07,17,2,0,0,1,1,0,0,0,0
"POINT (7.090158969000072 51.475716206000072)",Unfall 210704 (2020) Kat:3, Licht: 0,210704,3,1,4,07,17,6,0,0,0,1,0,1,0,0
"POINT (7.041714904000060 51.428306224000039)",Unfall 210716 (2020) Kat:3, Licht: 1,210716,3,3,0,07,19,3,1,1,1,0,0,0,0,0
"POINT (7.022220162000053 51.487358425000082)",Unfall 210769 (2020) Kat:2, Licht: 0,210769,2,7,0,07,18,4,0,0,0,0,0,0,0,1
"POINT (6.957175218000032 51.462941197000077)",Unfall 210774 (2020) Kat:3, Licht: 2,210774,3,6,4,07,00,4,1,2,1,1,0,0,0,0
"POINT (6.978379948000054 51.488795473000039)",Unfall 210811 (2020) Kat:3, Licht: 0,210811,3,3,5,07,14,6,0,0,0,1,0,0,0,0
"POINT (7.011526855000057 51.455512046000081)",Unfall 210847 (2020) Kat:3, Licht: 0,210847,3,4,0,07,11,5,1,0,1,0,1,0,0,0
"POINT (7.013785631000076 51.469295483000053)",Unfall 210861 (2020) Kat:2, Licht: 0,210861,2,3,5,07,15,6,0,0,0,1,0,0,0,0
"POINT (7.067783732000066 51.465209867000056)",Unfall 210936 (2020) Kat:3, Licht: 0,210936,3,4,6,07,21,3,0,0,0,0,1,0,0,1
"POINT (6.947506376000035 51.480319519000034)",Unfall 210967 (2020) Kat:3, Licht: 0,210967,3,7,0,07,16,4,0,0,1,0,0,0,0,0
"POINT (7.014448185000049 51.474574947000065)",Unfall 210984 (2020) Kat:3, Licht: 0,210984,3,4,6,07,20,2,0,0,0,1,1,0,0,0
"POINT (7.003327483000021 51.474962598000047)",Unfall 211037 (2020) Kat:2, Licht: 0,211037,2,7,6,07,15,2,0,0,0,0,1,0,1,0
"POINT (6.956008794000070 51.472512289000065)",Unfall 211106 (2020) Kat:3, Licht: 0,211106,3,7,5,07,15,7,0,0,1,1,0,0,0,0
"POINT (6.972556416000032 51.460023816000046)",Unfall 211108 (2020) Kat:3, Licht: 1,211108,3,4,6,07,21,7,0,1,0,1,1,0,0,0
"POINT (6.996764011000039 51.416910791000078)",Unfall 211110 (2020) Kat:3, Licht: 0,211110,3,1,0,07,20,7,0,0,1,0,0,0,0,0
"POINT (7.010709225000028 51.459033990000080)",Unfall 211113 (2020) Kat:3, Licht: 0,211113,3,7,6,07,12,7,0,0,0,1,1,0,0,0
"POINT (6.920029292000038 51.470178216000079)",Unfall 211122 (2020) Kat:3, Licht: 0,211122,3,3,5,07,18,4,0,0,0,1,0,1,0,0
"POINT (7.055414686000063 51.408477220000066)",Unfall 211138 (2020) Kat:2, Licht: 0,211138,2,1,0,07,17,2,0,0,1,0,0,0,0,0
"POINT (6.937248835000048 51.469489537000072)",Unfall 211232 (2020) Kat:3, Licht: 0,211232,3,6,2,07,12,7,0,0,0,1,0,0,0,1
"POINT (6.938157733000026 51.469668329000058)",Unfall 211233 (2020) Kat:3, Licht: 0,211233,3,1,0,07,10,7,0,0,1,0,0,0,0,0
"POINT (7.102591924000024 51.416660407000052)",Unfall 211235 (2020) Kat:2, Licht: 0,211235,2,1,5,07,11,7,0,0,1,1,0,0,0,0
"POINT (6.979610744000070 51.418826741000032)",Unfall 211236 (2020) Kat:3, Licht: 0,211236,3,3,5,07,11,7,0,0,0,1,0,0,0,0
"POINT (7.006470262000050 51.489992986000061)",Unfall 211265 (2020) Kat:3, Licht: 0,211265,3,5,1,07,15,5,0,0,0,1,0,0,0,1
"POINT (7.007139356000039 51.500617295000040)",Unfall 211267 (2020) Kat:3, Licht: 0,211267,3,6,5,07,13,5,0,0,1,1,0,0,0,0
"POINT (7.037302287000046 51.431011552000029)",Unfall 211270 (2020) Kat:3, Licht: 0,211270,3,5,1,07,10,5,0,0,1,1,0,0,0,0
"POINT (6.995981225000037 51.440801557000043)",Unfall 211276 (2020) Kat:3, Licht: 0,211276,3,7,5,07,11,5,0,0,0,1,0,0,0,0
"POINT (7.015206152000076 51.474712871000065)",Unfall 211426 (2020) Kat:3, Licht: 0,211426,3,5,5,07,10,6,0,0,0,1,0,0,0,0
"POINT (6.936645578000025 51.380500967000046)",Unfall 211437 (2020) Kat:3, Licht: 0,211437,3,2,5,07,12,5,0,0,0,0,0,1,0,1
"POINT (6.963807813000074 51.475795780000055)",Unfall 211442 (2020) Kat:3, Licht: 2,211442,3,2,6,07,22,4,0,2,0,1,1,0,0,0
"POINT (7.081542422000041 51.475344134000068)",Unfall 211488 (2020) Kat:3, Licht: 0,211488,3,5,0,07,17,5,0,0,1,1,0,0,0,0
"POINT (6.998771017000024 51.419138596000039)",Unfall 211493 (2020) Kat:3, Licht: 0,211493,3,1,8,07,19,4,0,0,0,1,0,0,0,0
"POINT (6.993151973000067 51.384508170000061)",Unfall 211527 (2020) Kat:3, Licht: 0,211527,3,3,5,07,13,6,0,0,0,1,0,0,0,0
"POINT (6.985527714000057 51.494975991000047)",Unfall 211532 (2020) Kat:3, Licht: 0,211532,3,7,4,07,16,6,0,0,0,1,0,1,0,0
"POINT (6.960147154000026 51.479602319000037)",Unfall 211544 (2020) Kat:3, Licht: 0,211544,3,2,3,07,17,5,0,0,0,1,0,0,0,1
"POINT (6.993191662000072 51.433088401000077)",Unfall 211561 (2020) Kat:2, Licht: 0,211561,2,3,5,07,07,3,0,0,1,1,0,0,0,0
"POINT (7.001555831000076 51.449468482000043)",Unfall 211567 (2020) Kat:3, Licht: 0,211567,3,7,3,07,16,3,0,0,0,1,0,0,0,0
"POINT (7.018455057000040 51.444237004000058)",Unfall 211578 (2020) Kat:3, Licht: 0,211578,3,1,0,07,15,3,0,0,1,1,0,0,0,0
"POINT (7.078195016000052 51.438084146000051)",Unfall 211597 (2020) Kat:3, Licht: 0,211597,3,6,1,07,19,5,0,0,0,1,0,0,0,0
"POINT (7.064643074000060 51.408707503000073)",Unfall 211602 (2020) Kat:3, Licht: 0,211602,3,7,0,07,19,4,0,0,0,1,0,0,0,0
"POINT (7.018284224000070 51.506711915000039)",Unfall 211634 (2020) Kat:3, Licht: 0,211634,3,5,1,07,15,5,0,0,1,1,0,0,0,0
"POINT (7.063950572000067 51.462020757000062)",Unfall 211647 (2020) Kat:3, Licht: 0,211647,3,7,6,07,13,5,0,0,0,0,1,0,0,1
"POINT (7.029044646000045 51.437590152000041)",Unfall 211666 (2020) Kat:2, Licht: 0,211666,2,2,5,07,13,4,0,0,0,1,0,1,0,0
"POINT (7.001348992000033 51.391756932000078)",Unfall 211710 (2020) Kat:3, Licht: 0,211710,3,1,1,08,11,7,0,0,1,1,0,0,0,0
"POINT (7.046617713000046 51.446898629000032)",Unfall 211712 (2020) Kat:3, Licht: 0,211712,3,6,1,08,20,7,0,0,0,1,0,0,0,0
"POINT (6.953949598000065 51.482105285000046)",Unfall 211713 (2020) Kat:3, Licht: 0,211713,3,3,5,08,15,3,0,0,1,1,0,0,0,0
"POINT (7.041051990000028 51.491379722000033)",Unfall 211749 (2020) Kat:3, Licht: 1,211749,3,1,8,08,21,2,0,1,0,1,0,1,0,0
"POINT (6.926441946000068 51.487737667000033)",Unfall 211856 (2020) Kat:2, Licht: 0,211856,2,7,0,08,16,1,1,0,1,0,0,0,0,0
"POINT (7.114482949000035 51.436162683000077)",Unfall 211933 (2020) Kat:2, Licht: 0,211933,2,3,0,08,15,4,0,0,1,1,0,0,0,0
"POINT (7.013077934000023 51.525996633000034)",Unfall 211946 (2020) Kat:3, Licht: 0,211946,3,3,5,08,19,5,0,0,1,1,0,0,0,0
"POINT (7.090405859000043 51.464950827000052)",Unfall 211997 (2020) Kat:3, Licht: 0,211997,3,3,5,08,14,5,0,0,1,1,0,0,0,0
"POINT (6.985285184000077 51.447699792000037)",Unfall 212101 (2020) Kat:3, Licht: 2,212101,3,1,0,08,23,5,0,2,1,0,0,0,0,0
"POINT (7.003081423000026 51.496263337000073)",Unfall 212124 (2020) Kat:3, Licht: 0,212124,3,2,4,08,18,6,0,0,0,1,0,0,0,0
"POINT (7.006547293000040 51.457249985000033)",Unfall 212185 (2020) Kat:3, Licht: 0,212185,3,2,0,08,16,3,1,0,1,1,0,0,0,0
"POINT (7.060850109000057 51.487985894000076)",Unfall 212208 (2020) Kat:3, Licht: 0,212208,3,1,1,08,08,2,0,0,0,1,0,0,0,0
"POINT (6.961854490000064 51.472504429000026)",Unfall 212211 (2020) Kat:3, Licht: 0,212211,3,6,2,08,17,2,0,0,0,1,0,0,0,0
"POINT (7.084801710000022 51.424368075000075)",Unfall 212212 (2020) Kat:3, Licht: 0,212212,3,1,8,08,18,2,0,0,0,1,0,0,0,0
"POINT (6.996525620000057 51.422310498000058)",Unfall 212379 (2020) Kat:3, Licht: 0,212379,3,6,6,08,12,7,0,0,0,1,1,0,0,0
"POINT (7.010525919000031 51.498092733000078)",Unfall 212380 (2020) Kat:3, Licht: 0,212380,3,1,5,08,09,3,0,0,1,1,0,0,0,0
"POINT (7.002469323000071 51.387011215000030)",Unfall 212387 (2020) Kat:3, Licht: 0,212387,3,3,5,08,15,3,0,0,0,1,0,0,0,1
"POINT (7.079948085000069 51.452445494000074)",Unfall 212425 (2020) Kat:3, Licht: 0,212425,3,7,0,08,09,3,0,0,0,0,0,0,0,1
"POINT (6.941877506000026 51.362484994000056)",Unfall 212453 (2020) Kat:3, Licht: 0,212453,3,7,0,08,14,6,0,0,0,0,0,0,0,1
"POINT (7.017022865000058 51.378825569000071)",Unfall 212488 (2020) Kat:3, Licht: 0,212488,3,4,6,08,17,7,0,0,0,1,1,0,0,0
"POINT (6.996664807000059 51.416764195000042)",Unfall 212504 (2020) Kat:2, Licht: 0,212504,2,1,0,08,18,6,0,0,1,0,0,0,0,0
"POINT (7.048189420000028 51.458935943000029)",Unfall 212521 (2020) Kat:2, Licht: 2,212521,2,7,0,08,22,5,0,2,0,0,0,1,0,0
"POINT (7.079088882000065 51.451113396000039)",Unfall 212543 (2020) Kat:3, Licht: 0,212543,3,6,2,08,17,7,1,0,1,1,0,0,0,0
"POINT (7.051180781000028 51.489561323000032)",Unfall 212559 (2020) Kat:3, Licht: 0,212559,3,7,6,08,09,6,0,0,0,1,1,0,0,0
"POINT (6.964045147000036 51.483376061000058)",Unfall 212594 (2020) Kat:3, Licht: 2,212594,3,1,8,08,00,7,0,2,0,0,0,1,0,0
"POINT (7.040651581000077 51.394196749000059)",Unfall 212611 (2020) Kat:3, Licht: 0,212611,3,1,4,08,16,6,0,0,0,1,0,1,0,0
"POINT (6.947504938000066 51.480320033000055)",Unfall 212615 (2020) Kat:3, Licht: 0,212615,3,1,8,08,11,4,0,0,1,0,0,0,0,0
"POINT (7.018155177000040 51.465299027000071)",Unfall 212620 (2020) Kat:3, Licht: 0,212620,3,7,0,08,08,4,0,0,1,0,1,0,0,0
"POINT (6.930403520000027 51.485673333000079)",Unfall 212628 (2020) Kat:3, Licht: 0,212628,3,3,5,08,20,5,1,0,1,1,0,0,0,0
"POINT (7.035400251000056 51.476711659000046)",Unfall 212694 (2020) Kat:3, Licht: 0,212694,3,6,3,08,07,4,0,0,0,1,0,0,0,1
"POINT (7.006777838000062 51.503856099000075)",Unfall 212718 (2020) Kat:3, Licht: 0,212718,3,4,6,08,15,4,0,0,1,0,1,0,0,0
"POINT (6.943261340000049 51.460896092000041)",Unfall 212731 (2020) Kat:2, Licht: 0,212731,2,3,5,08,08,4,0,0,1,1,0,0,0,0
"POINT (7.013463268000066 51.439910629000053)",Unfall 212741 (2020) Kat:2, Licht: 0,212741,2,1,0,08,19,4,0,0,1,1,0,0,0,0
"POINT (7.036828959000047 51.410913961000062)",Unfall 212792 (2020) Kat:3, Licht: 0,212792,3,1,0,08,17,3,0,0,1,0,0,0,0,0
"POINT (7.052157196000053 51.425814327000069)",Unfall 212794 (2020) Kat:3, Licht: 0,212794,3,3,2,08,13,3,0,0,0,1,0,0,0,1
"POINT (7.009710685000073 51.437527237000040)",Unfall 212796 (2020) Kat:3, Licht: 0,212796,3,3,5,08,17,3,1,0,1,1,0,0,0,0
"POINT (6.987333362000072 51.442735402000039)",Unfall 212797 (2020) Kat:2, Licht: 0,212797,2,6,0,08,16,3,0,0,0,1,0,0,0,0
"POINT (7.007287396000038 51.456995145000064)",Unfall 212799 (2020) Kat:3, Licht: 2,212799,3,5,1,08,21,3,0,2,0,1,1,0,0,0
"POINT (7.008316845000024 51.495648234000043)",Unfall 212900 (2020) Kat:3, Licht: 0,212900,3,3,5,08,11,2,1,0,1,1,0,0,0,0
"POINT (6.958834841000055 51.474697217000028)",Unfall 212901 (2020) Kat:3, Licht: 0,212901,3,3,5,08,14,2,0,0,0,1,0,1,0,0
"POINT (6.962491631000034 51.427546358000029)",Unfall 212903 (2020) Kat:3, Licht: 0,212903,3,6,0,08,20,2,1,0,1,1,0,0,0,0
"POINT (7.011210882000057 51.448217538000051)",Unfall 212905 (2020) Kat:3, Licht: 2,212905,3,2,5,08,21,2,1,2,1,1,0,0,0,0
"POINT (7.032536873000026 51.459174195000060)",Unfall 212907 (2020) Kat:2, Licht: 0,212907,2,2,4,08,10,2,1,0,0,1,0,0,0,0
"POINT (7.058877665000068 51.366912551000041)",Unfall 212948 (2020) Kat:2, Licht: 0,212948,2,1,9,08,17,7,0,0,0,0,0,1,0,0
"POINT (7.078454303000058 51.454120314000079)",Unfall 212963 (2020) Kat:3, Licht: 0,212963,3,3,5,08,13,6,1,0,1,1,0,0,0,0
"POINT (7.097140022000076 51.438873409000053)",Unfall 213068 (2020) Kat:2, Licht: 0,213068,2,7,0,08,16,6,0,0,1,0,0,0,0,0
"POINT (7.012981581000076 51.450043172000051)",Unfall 213118 (2020) Kat:3, Licht: 0,213118,3,4,6,08,08,6,1,0,0,1,1,0,0,0
"POINT (7.081758796000031 51.390585738000027)",Unfall 213244 (2020) Kat:3, Licht: 0,213244,3,7,0,08,15,3,1,0,0,1,0,1,0,0
"POINT (6.951710349000052 51.474937148000038)",Unfall 213300 (2020) Kat:3, Licht: 0,213300,3,7,0,08,18,2,0,0,1,0,0,0,0,0
"POINT (6.986923303000026 51.433634852000068)",Unfall 213350 (2020) Kat:3, Licht: 0,213350,3,5,1,08,07,3,0,0,1,0,0,0,0,1
"POINT (6.978795970000022 51.480842870000060)",Unfall 213399 (2020) Kat:3, Licht: 0,213399,3,2,5,08,06,4,1,0,0,1,0,1,0,0
"POINT (7.016718524000055 51.474954046000050)",Unfall 213540 (2020) Kat:3, Licht: 0,213540,3,3,5,08,13,6,0,0,1,1,0,0,0,0
"POINT (6.996223218000068 51.433467010000072)",Unfall 213541 (2020) Kat:3, Licht: 0,213541,3,6,2,08,11,6,0,0,0,1,0,0,0,1
"POINT (7.034173264000060 51.455438487000038)",Unfall 213543 (2020) Kat:3, Licht: 0,213543,3,2,6,08,07,6,0,0,0,1,1,0,0,0
"POINT (7.079882759000043 51.417979372000048)",Unfall 213544 (2020) Kat:3, Licht: 0,213544,3,3,5,08,17,2,0,0,0,1,0,0,0,1
"POINT (7.047309728000073 51.499459428000080)",Unfall 213594 (2020) Kat:3, Licht: 0,213594,3,5,1,08,09,1,0,0,1,1,0,0,0,0
"POINT (6.947523132000072 51.480313528000067)",Unfall 213606 (2020) Kat:3, Licht: 0,213606,3,7,0,08,11,1,0,0,1,0,0,0,0,0
"POINT (7.027703984000027 51.494032514000025)",Unfall 213618 (2020) Kat:3, Licht: 1,213618,3,5,0,08,20,1,0,1,0,1,1,0,0,0
"POINT (6.950232907000043 51.472993923000047)",Unfall 213653 (2020) Kat:3, Licht: 0,213653,3,4,0,08,11,2,0,0,0,1,1,0,0,0
"POINT (7.029395485000066 51.388296716000070)",Unfall 213802 (2020) Kat:3, Licht: 0,213802,3,7,0,09,09,5,1,0,0,0,0,0,0,1
"POINT (7.042557020000061 51.438741106000066)",Unfall 213875 (2020) Kat:3, Licht: 0,213875,3,7,0,09,14,3,0,0,0,1,1,0,0,0
"POINT (7.012364220000052 51.449982672000033)",Unfall 213893 (2020) Kat:3, Licht: 0,213893,3,6,3,09,15,3,0,0,0,1,0,0,0,0
"POINT (7.031515961000025 51.499062365000043)",Unfall 214012 (2020) Kat:3, Licht: 0,214012,3,6,3,09,17,7,0,0,1,0,0,1,0,0
"POINT (7.058631752000053 51.493120237000028)",Unfall 214015 (2020) Kat:3, Licht: 0,214015,3,7,2,09,10,7,0,0,1,1,0,0,0,0
"POINT (7.008054310000034 51.497770326000079)",Unfall 214078 (2020) Kat:3, Licht: 0,214078,3,5,0,09,14,2,0,0,0,1,0,0,0,0
"POINT (7.077536745000032 51.468076671000063)",Unfall 214094 (2020) Kat:3, Licht: 0,214094,3,2,5,09,13,1,0,0,0,1,0,0,0,0
"POINT (6.926047787000073 51.461709539000026)",Unfall 214248 (2020) Kat:3, Licht: 0,214248,3,7,0,09,12,3,0,0,1,0,0,0,0,1
"POINT (7.053000431000044 51.458367376000069)",Unfall 214256 (2020) Kat:2, Licht: 0,214256,2,1,0,09,15,3,0,0,1,0,0,0,0,0
"POINT (7.012958530000049 51.450032959000055)",Unfall 214257 (2020) Kat:3, Licht: 0,214257,3,2,3,09,15,5,0,0,0,1,0,1,0,0
"POINT (7.098139369000023 51.434177976000058)",Unfall 214283 (2020) Kat:2, Licht: 0,214283,2,1,0,09,17,4,0,0,1,0,0,0,0,0
"POINT (7.080146928000033 51.444394274000047)",Unfall 214307 (2020) Kat:3, Licht: 0,214307,3,2,5,09,15,5,0,0,0,1,0,0,0,1
"POINT (7.103380421000054 51.457043226000053)",Unfall 214360 (2020) Kat:3, Licht: 0,214360,3,7,0,09,13,5,0,0,0,0,0,1,0,0
"POINT (7.034295924000048 51.425592805000065)",Unfall 214372 (2020) Kat:2, Licht: 0,214372,2,5,1,09,07,4,1,0,1,1,0,0,0,0
"POINT (7.007726195000032 51.468292484000074)",Unfall 214410 (2020) Kat:3, Licht: 0,214410,3,6,3,09,18,5,0,0,0,1,0,0,0,0
"POINT (7.007494176000023 51.451624266000067)",Unfall 214436 (2020) Kat:2, Licht: 2,214436,2,2,0,09,21,4,1,2,0,1,1,0,0,0
"POINT (6.966843397000048 51.499885188000064)",Unfall 214447 (2020) Kat:3, Licht: 1,214447,3,6,0,09,19,5,0,1,0,1,0,1,0,0
"POINT (6.995960464000063 51.415723348000029)",Unfall 214472 (2020) Kat:2, Licht: 0,214472,2,7,0,09,18,4,0,0,1,0,0,0,0,0
"POINT (7.066116243000067 51.403613076000056)",Unfall 214525 (2020) Kat:3, Licht: 0,214525,3,4,6,09,13,2,0,0,0,1,1,0,0,0
"POINT (6.929458746000023 51.355101894000029)",Unfall 214554 (2020) Kat:3, Licht: 0,214554,3,6,4,09,16,1,0,0,1,1,0,0,0,0
"POINT (7.058858370000053 51.366918162000047)",Unfall 214555 (2020) Kat:2, Licht: 0,214555,2,1,9,09,16,1,0,0,0,0,0,1,0,0
"POINT (7.055205328000056 51.498569095000050)",Unfall 214570 (2020) Kat:3, Licht: 0,214570,3,5,1,09,10,6,0,0,0,1,0,1,0,0
"POINT (7.013547185000050 51.463074144000075)",Unfall 214572 (2020) Kat:3, Licht: 0,214572,3,4,6,09,12,2,0,0,0,1,1,0,0,0
"POINT (6.977508496000041 51.466790024000034)",Unfall 214576 (2020) Kat:3, Licht: 0,214576,3,7,0,09,09,6,0,0,0,0,0,0,0,1
"POINT (7.089267775000053 51.394337847000031)",Unfall 214628 (2020) Kat:3, Licht: 0,214628,3,3,5,09,15,2,0,0,1,0,0,0,0,0
"POINT (6.974735540000040 51.456595749000030)",Unfall 214652 (2020) Kat:3, Licht: 0,214652,3,2,0,09,15,7,0,0,0,0,0,1,0,0
"POINT (7.038265013000057 51.426511402000074)",Unfall 214655 (2020) Kat:2, Licht: 2,214655,2,1,0,09,00,7,0,2,0,1,1,0,0,0
"POINT (7.012485356000070 51.436827524000080)",Unfall 214657 (2020) Kat:3, Licht: 0,214657,3,7,0,09,11,7,0,0,0,0,0,0,0,1
"POINT (7.013016687000061 51.439590345000056)",Unfall 214658 (2020) Kat:3, Licht: 2,214658,3,2,4,09,00,7,0,2,1,1,0,0,0,0
"POINT (7.011551409000049 51.442921599000044)",Unfall 214659 (2020) Kat:3, Licht: 0,214659,3,6,2,09,15,7,0,0,0,1,0,1,0,0