WKT,Name,OBJECTID,UKATEGORIE,UTYP1,UART,UMONAT,USTUNDE,UWOCHENTAG,STRZUSTAND,ULICHTVERH,ISTRAD,ISTPKW,ISTFUSS,ISTKRAD,ISTGKFZ,ISTSONSTIG
"POINT (7.030705565000062 51.437161932000038)",Unfall 214677 (2020) Kat:3, Licht: 0,214677,3,7,0,09,13,2,0,0,1,0,0,0,0,0
"POINT (6.955417581000063 51.495317412000077)",Unfall 214728 (2020) Kat:3, Licht: 0,214728,3,3,5,09,08,2,0,0,1,1,0,0,0,0
"POINT (7.031722122000076 51.459075759000029)",Unfall 214876 (2020) Kat:3, Licht: 0,214876,3,4,6,09,17,3,0,0,0,1,1,0,0,0
"POINT (7.074323813000035 51.459219185000052)",Unfall 214912 (2020) Kat:3, Licht: 0,214912,3,2,5,09,17,4,0,0,1,1,0,0,0,0
"POINT (7.038672415000065 51.503837698000041)",Unfall 215025 (2020) Kat:3, Licht: 0,215025,3,4,6,09,14,1,0,0,0,1,1,0,0,0
"POINT (7.060741699000062 51.443864519000044)",Unfall 215029 (2020) Kat:3, Licht: 0,215029,3,3,5,09,07,6,0,0,1,0,0,0,0,1
"POINT (7.039331504000074 51.495386172000053)",Unfall 215032 (2020) Kat:3, Licht: 0,215032,3,6,3,09,15,6,0,0,1,1,0,0,0,0
"POINT (7.049318919000029 51.496344633000035)",Unfall 215034 (2020) Kat:3, Licht: 0,215034,3,7,0,09,10,7,0,0,0,0,0,1,0,0
"POINT (6.955151895000029 51.474315598000032)",Unfall 215080 (2020) Kat:3, Licht: 0,215080,3,2,5,09,12,6,0,0,0,1,0,0,0,0
"POINT (7.066536680000070 51.403275884000038)",Unfall 215134 (2020) Kat:3, Licht: 0,215134,3,1,0,09,15,6,0,0,0,0,0,0,0,1
"POINT (6.944053616000076 51.470971049000070)",Unfall 215181 (2020) Kat:2, Licht: 0,215181,2,7,0,09,15,1,0,0,1,0,0,0,0,0
"POINT (6.972581895000076 51.475703284000076)",Unfall 215187 (2020) Kat:3, Licht: 0,215187,3,1,7,09,07,6,0,0,0,1,1,0,0,0
"POINT (6.974216071000058 51.460604165000063)",Unfall 215189 (2020) Kat:2, Licht: 2,215189,2,1,0,09,22,7,0,2,0,1,0,0,0,0
"POINT (7.007311747000074 51.518448293000063)",Unfall 215227 (2020) Kat:3, Licht: 0,215227,3,7,0,09,17,5,0,0,1,1,0,0,0,0
"POINT (7.030722695000065 51.437157970000044)",Unfall 215231 (2020) Kat:2, Licht: 0,215231,2,3,5,09,08,5,0,0,0,1,0,0,0,0
"POINT (7.013273649000041 51.439769101000081)",Unfall 215237 (2020) Kat:3, Licht: 0,215237,3,7,1,09,13,5,0,0,1,1,0,0,0,0
"POINT (7.017877824000038 51.394180203000076)",Unfall 215238 (2020) Kat:2, Licht: 0,215238,2,7,0,09,17,6,0,0,1,0,0,0,0,0
"POINT (7.012130154000033 51.454454369000075)",Unfall 215239 (2020) Kat:3, Licht: 0,215239,3,6,4,09,08,5,0,0,1,0,0,0,0,1
"POINT (7.008470627000065 51.495034861000079)",Unfall 215291 (2020) Kat:3, Licht: 0,215291,3,7,0,09,14,2,0,0,0,0,0,0,0,1
"POINT (7.009245511000074 51.438761339000052)",Unfall 215293 (2020) Kat:3, Licht: 0,215293,3,7,1,09,17,2,0,0,0,1,0,0,0,1
"POINT (6.982656126000052 51.465206592000072)",Unfall 215318 (2020) Kat:3, Licht: 0,215318,3,7,3,09,14,3,0,0,0,1,0,0,0,0
"POINT (6.947518558000070 51.480315163000057)",Unfall 215662 (2020) Kat:2, Licht: 0,215662,2,7,0,09,13,5,0,0,1,0,0,0,0,0
"POINT (6.999090593000062 51.449225544000058)",Unfall 215667 (2020) Kat:3, Licht: 0,215667,3,7,3,09,13,5,0,0,1,1,0,0,0,0
"POINT (6.998625453000045 51.435578263000082)",Unfall 215672 (2020) Kat:3, Licht: 0,215672,3,3,5,09,07,5,0,0,1,1,0,0,0,0
"POINT (7.009108161000029 51.451727766000033)",Unfall 215682 (2020) Kat:3, Licht: 0,215682,3,7,0,09,14,5,0,0,1,0,0,0,0,0
"POINT (7.106461543000023 51.423487479000073)",Unfall 215725 (2020) Kat:3, Licht: 2,215725,3,1,8,09,02,1,1,2,0,1,0,0,0,0
"POINT (6.950477198000044 51.476028877000033)",Unfall 215826 (2020) Kat:3, Licht: 0,215826,3,6,2,10,15,5,1,0,0,1,0,0,0,1
"POINT (6.990229586000055 51.440833883000039)",Unfall 215874 (2020) Kat:3, Licht: 0,215874,3,4,0,10,16,5,1,0,0,1,1,0,0,0
"POINT (7.001158148000059 51.448932822000074)",Unfall 215920 (2020) Kat:3, Licht: 2,215920,3,6,3,09,19,3,1,2,0,1,0,0,0,0
"POINT (7.039073299000052 51.425766276000047)",Unfall 215975 (2020) Kat:2, Licht: 0,215975,2,6,4,09,16,4,0,0,1,0,0,0,0,0
"POINT (7.009862449000025 51.434182858000042)",Unfall 215978 (2020) Kat:3, Licht: 0,215978,3,3,5,09,14,4,0,0,0,1,0,0,0,0
"POINT (6.947480838000047 51.360839159000079)",Unfall 215982 (2020) Kat:3, Licht: 0,215982,3,5,0,10,15,5,0,0,1,0,0,0,0,1
"POINT (7.007617535000065 51.434995868000044)",Unfall 216025 (2020) Kat:3, Licht: 0,216025,3,6,0,09,13,3,1,0,1,1,0,0,0,0
"POINT (7.044237006000060 51.440443012000060)",Unfall 216056 (2020) Kat:3, Licht: 0,216056,3,6,2,10,07,2,0,0,0,1,0,0,0,0
"POINT (6.943705306000027 51.362324917000080)",Unfall 216058 (2020) Kat:3, Licht: 0,216058,3,1,0,10,16,1,0,0,1,0,0,0,0,0
"POINT (7.062610728000038 51.406220137000048)",Unfall 216076 (2020) Kat:2, Licht: 1,216076,2,7,0,10,07,6,1,1,0,1,0,0,0,1
"POINT (7.002126343000043 51.478633888000047)",Unfall 216116 (2020) Kat:3, Licht: 0,216116,3,4,0,10,12,7,0,0,0,1,1,0,0,0
"POINT (7.049366172000021 51.483203381000067)",Unfall 216135 (2020) Kat:3, Licht: 0,216135,3,7,0,10,16,3,1,0,0,1,0,1,0,0
"POINT (7.003206346000070 51.429372866000051)",Unfall 216161 (2020) Kat:3, Licht: 0,216161,3,7,3,10,17,2,1,0,1,1,0,0,0,0
"POINT (7.043433371000049 51.493407063000063)",Unfall 216225 (2020) Kat:3, Licht: 2,216225,3,3,5,10,00,7,1,2,0,1,0,0,0,1
"POINT (7.039378495000051 51.476411787000075)",Unfall 216247 (2020) Kat:3, Licht: 1,216247,3,3,1,10,07,3,1,1,1,0,0,0,0,1
"POINT (7.012967264000054 51.451443776000076)",Unfall 216276 (2020) Kat:2, Licht: 2,216276,2,1,8,10,04,7,0,2,0,1,0,0,0,0
"POINT (6.929403685000068 51.482189380000079)",Unfall 216332 (2020) Kat:3, Licht: 1,216332,3,7,5,10,07,6,1,1,0,1,0,0,0,1
"POINT (6.944575543000042 51.492173365000042)",Unfall 216334 (2020) Kat:3, Licht: 2,216334,3,1,0,10,20,6,1,2,1,0,0,0,0,0
"POINT (7.029963050000049 51.432830616000047)",Unfall 216339 (2020) Kat:3, Licht: 0,216339,3,3,5,10,16,6,0,0,0,1,0,0,0,1
"POINT (6.994907938000040 51.433760600000028)",Unfall 216342 (2020) Kat:3, Licht: 2,216342,3,4,6,10,21,6,1,2,0,1,1,0,0,0
"POINT (6.953000594000059 51.416449754000041)",Unfall 216360 (2020) Kat:3, Licht: 1,216360,3,7,0,10,07,5,1,1,0,1,1,0,0,0
"POINT (7.075051408000036 51.448364134000030)",Unfall 216361 (2020) Kat:3, Licht: 0,216361,3,1,9,10,15,5,1,0,0,1,0,0,0,0
"POINT (6.953382412000053 51.475928185000043)",Unfall 216480 (2020) Kat:3, Licht: 0,216480,3,3,0,10,14,4,1,0,0,1,0,0,0,1
"POINT (7.053917650000074 51.408839437000040)",Unfall 216482 (2020) Kat:3, Licht: 1,216482,3,5,1,10,07,4,1,1,1,1,0,0,0,0
"POINT (7.021043649000035 51.467260641000053)",Unfall 216627 (2020) Kat:3, Licht: 0,216627,3,4,0,10,12,2,1,0,1,0,1,0,0,0
"POINT (6.958270049000021 51.478467654000042)",Unfall 216644 (2020) Kat:3, Licht: 0,216644,3,5,1,10,11,3,1,0,0,1,0,0,0,0
"POINT (7.019309175000046 51.469896223000035)",Unfall 216652 (2020) Kat:3, Licht: 0,216652,3,6,2,10,15,4,0,0,0,1,0,0,0,0
"POINT (6.953518474000020 51.469431105000069)",Unfall 216728 (2020) Kat:3, Licht: 2,216728,3,1,1,10,06,7,0,2,0,1,0,0,0,0
"POINT (7.044661416000054 51.469616328000029)",Unfall 216749 (2020) Kat:3, Licht: 0,216749,3,7,6,10,16,3,0,0,0,1,1,0,0,0
"POINT (6.999428617000035 51.429993063000040)",Unfall 216791 (2020) Kat:3, Licht: 0,216791,3,1,8,10,15,5,0,0,0,1,0,0,0,0
"POINT (6.992746871000065 51.441346761000034)",Unfall 216806 (2020) Kat:3, Licht: 1,216806,3,4,0,10,07,4,0,1,0,1,1,0,0,0
"POINT (6.996254620000059 51.436562033000030)",Unfall 216809 (2020) Kat:3, Licht: 2,216809,3,4,6,10,19,3,0,2,0,1,1,0,0,0
"POINT (7.007382210000060 51.443304520000027)",Unfall 216846 (2020) Kat:3, Licht: 2,216846,3,1,0,10,22,3,1,2,1,0,0,0,0,0
"POINT (6.943136449000065 51.470661838000069)",Unfall 216854 (2020) Kat:3, Licht: 2,216854,3,3,5,10,23,7,0,2,0,1,0,0,0,0
"POINT (7.030705565000062 51.437161932000038)",Unfall 216855 (2020) Kat:3, Licht: 1,216855,3,3,5,10,18,4,0,1,0,1,0,0,0,0
"POINT (7.018082836000076 51.440590009000061)",Unfall 216873 (2020) Kat:3, Licht: 0,216873,3,5,1,10,16,1,0,0,1,1,0,0,0,0
"POINT (7.077639160000047 51.460733044000051)",Unfall 216947 (2020) Kat:3, Licht: 0,216947,3,7,0,10,19,2,0,0,1,1,0,0,0,0
"POINT (7.079900888000054 51.446044613000026)",Unfall 217009 (2020) Kat:3, Licht: 2,217009,3,3,0,10,20,4,1,2,1,0,0,0,0,1
"POINT (6.945525611000051 51.467772463000074)",Unfall 217028 (2020) Kat:3, Licht: 0,217028,3,4,4,10,16,6,0,0,0,1,1,0,0,0
"POINT (7.064321972000073 51.399455882000041)",Unfall 217033 (2020) Kat:3, Licht: 0,217033,3,3,5,10,14,6,0,0,0,1,0,0,0,0
"POINT (7.107110120000073 51.443506133000028)",Unfall 217035 (2020) Kat:3, Licht: 0,217035,3,1,0,10,17,6,0,0,0,1,0,0,0,0
"POINT (6.934959057000071 51.357171928000071)",Unfall 217051 (2020) Kat:3, Licht: 0,217051,3,7,0,10,09,2,1,0,0,0,0,1,0,0
"POINT (7.118789688000049 51.442053810000061)",Unfall 217126 (2020) Kat:3, Licht: 0,217126,3,7,0,10,14,1,1,0,0,1,0,0,0,0
"POINT (7.002787433000037 51.440626130000055)",Unfall 217281 (2020) Kat:3, Licht: 0,217281,3,1,0,10,09,1,1,0,0,0,0,1,0,0
"POINT (7.000927239000021 51.440397168000061)",Unfall 217284 (2020) Kat:3, Licht: 0,217284,3,3,5,10,17,5,0,0,1,1,0,0,0,0
"POINT (6.988934372000074 51.459531908000031)",Unfall 217338 (2020) Kat:2, Licht: 0,217338,2,7,0,10,12,6,1,0,0,0,0,1,0,0
"POINT (7.005383391000066 51.437120178000043)",Unfall 217360 (2020) Kat:2, Licht: 0,217360,2,7,6,10,11,5,0,0,0,1,1,0,0,0
"POINT (6.932534685000064 51.482653667000079)",Unfall 217490 (2020) Kat:3, Licht: 0,217490,3,7,0,10,08,4,1,0,0,0,0,1,0,0
"POINT (6.974136963000035 51.415386031000025)",Unfall 217491 (2020) Kat:3, Licht: 0,217491,3,6,2,10,12,4,0,0,0,1,0,0,0,0
"POINT (7.005335260000038 51.480913529000077)",Unfall 217565 (2020) Kat:3, Licht: 0,217565,3,4,6,10,14,3,0,0,0,1,1,0,0,0
"POINT (7.017334945000073 51.473115213000028)",Unfall 217568 (2020) Kat:3, Licht: 0,217568,3,2,5,10,15,3,0,0,0,1,0,0,0,0
"POINT (7.040970601000026 51.428979080000033)",Unfall 217592 (2020) Kat:3, Licht: 0,217592,3,1,0,10,14,6,1,0,0,0,0,1,0,0
"POINT (6.939712711000027 51.364151465000077)",Unfall 217610 (2020) Kat:3, Licht: 0,217610,3,7,6,11,09,2,0,0,0,1,1,0,0,0
"POINT (7.090126194000050 51.450742509000065)",Unfall 217765 (2020) Kat:3, Licht: 2,217765,3,7,0,10,17,7,1,2,1,0,0,0,0,0
"POINT (7.004654862000052 51.434602659000063)",Unfall 217766 (2020) Kat:2, Licht: 0,217766,2,7,3,11,15,2,0,0,1,1,0,0,0,0
"POINT (6.989450126000065 51.456994194000060)",Unfall 217800 (2020) Kat:3, Licht: 0,217800,3,1,8,11,11,4,0,0,0,1,0,0,0,0
"POINT (7.102869747000057 51.402226406000068)",Unfall 217860 (2020) Kat:3, Licht: 0,217860,3,7,9,11,13,7,0,0,0,1,0,0,0,0
"POINT (7.011943895000059 51.439434788000028)",Unfall 217862 (2020) Kat:3, Licht: 1,217862,3,1,0,11,16,7,0,1,1,0,0,0,0,0
"POINT (7.003032356000063 51.437158540000041)",Unfall 217948 (2020) Kat:3, Licht: 0,217948,3,3,5,11,15,1,0,0,1,1,0,0,0,0
"POINT (6.982373518000031 51.464650116000030)",Unfall 217962 (2020) Kat:3, Licht: 0,217962,3,4,0,11,10,6,0,0,0,1,1,0,0,0
"POINT (6.960589414000026 51.446615211000051)",Unfall 217964 (2020) Kat:3, Licht: 0,217964,3,3,5,11,10,6,0,0,0,1,0,0,0,0
"POINT (6.966919055000062 51.442337050000049)",Unfall 217967 (2020) Kat:3, Licht: 2,217967,3,7,1,11,20,6,0,2,0,1,0,0,0,1
"POINT (6.994255722000048 51.441838268000026)",Unfall 218007 (2020) Kat:3, Licht: 0,218007,3,1,0,11,12,2,1,0,1,0,0,0,0,0
"POINT (6.959921684000051 51.445770506000031)",Unfall 218023 (2020) Kat:3, Licht: 0,218023,3,5,1,11,11,2,1,0,0,1,0,1,0,0
"POINT (7.092394875000025 51.451026019000039)",Unfall 218065 (2020) Kat:3, Licht: 0,218065,3,7,0,11,14,5,0,0,1,1,0,0,0,0
"POINT (7.079406949000031 51.468347157000039)",Unfall 218132 (2020) Kat:3, Licht: 0,218132,3,6,2,11,12,6,0,0,0,1,0,0,0,0
"POINT (7.022084941000060 51.454709266000066)",Unfall 218182 (2020) Kat:3, Licht: 2,218182,3,4,6,11,17,6,1,2,0,1,1,0,0,0
"POINT (7.055768722000039 51.462918629000058)",Unfall 218221 (2020) Kat:2, Licht: 2,218221,2,7,7,11,18,6,1,2,0,0,0,1,0,0
"POINT (6.964071469000032 51.456350193000048)",Unfall 218227 (2020) Kat:3, Licht: 0,218227,3,7,0,11,09,4,1,0,0,0,0,0,1,1
"POINT (6.987356235000050 51.440333382000063)",Unfall 218231 (2020) Kat:3, Licht: 0,218231,3,3,5,11,09,4,1,0,1,1,0,0,0,0
"POINT (7.029009727000073 51.437598406000063)",Unfall 218237 (2020) Kat:2, Licht: 2,218237,2,2,5,11,20,4,0,2,0,1,0,1,0,0
"POINT (7.026667016000033 51.464787464000040)",Unfall 218243 (2020) Kat:3, Licht: 2,218243,3,7,6,11,05,3,1,2,0,0,1,0,0,1
"POINT (7.009103613000036 51.445716242000060)",Unfall 218272 (2020) Kat:3, Licht: 2,218272,3,6,0,11,17,5,0,2,0,0,0,1,0,0
"POINT (7.003074602000027 51.441185972000028)",Unfall 218292 (2020) Kat:2, Licht: 0,218292,2,3,5,11,14,6,0,0,1,1,0,0,0,0
"POINT (7.013018786000032 51.451925733000053)",Unfall 218340 (2020) Kat:3, Licht: 2,218340,3,4,6,11,19,6,1,2,0,1,1,0,0,0
"POINT (6.989130272000068 51.511146477000068)",Unfall 218380 (2020) Kat:3, Licht: 2,218380,3,1,8,11,05,2,1,2,0,1,0,0,0,0
"POINT (7.074866682000049 51.450119760000064)",Unfall 218383 (2020) Kat:3, Licht: 2,218383,3,1,6,11,18,3,1,2,0,1,1,0,0,0
"POINT (7.076176685000064 51.444225681000034)",Unfall 218397 (2020) Kat:3, Licht: 1,218397,3,7,0,11,17,4,0,1,1,0,0,0,0,0
"POINT (7.106843312000024 51.414782118000062)",Unfall 218431 (2020) Kat:2, Licht: 0,218431,2,7,9,11,09,2,1,0,0,1,0,0,0,0
"POINT (6.920038838000039 51.470185022000067)",Unfall 218454 (2020) Kat:3, Licht: 0,218454,3,2,5,11,11,4,0,0,1,1,0,0,0,0
"POINT (6.980306798000072 51.420953916000030)",Unfall 218491 (2020) Kat:3, Licht: 0,218491,3,5,0,11,14,7,0,0,0,1,1,0,0,0
"POINT (6.977134869000054 51.436364923000042)",Unfall 218492 (2020) Kat:3, Licht: 0,218492,3,7,3,11,13,3,1,0,1,1,0,0,0,0
"POINT (7.022506873000054 51.455466940000065)",Unfall 218493 (2020) Kat:2, Licht: 0,218493,2,7,0,11,14,7,0,0,1,1,0,0,0,0
"POINT (7.097946211000021 51.429945351000072)",Unfall 218507 (2020) Kat:2, Licht: 0,218507,2,2,0,11,14,4,1,0,1,0,0,0,0,0
"POINT (7.020877896000059 51.435438404000081)",Unfall 218541 (2020) Kat:3, Licht: 2,218541,3,1,0,11,18,2,1,2,0,0,0,1,0,0
"POINT (6.951509085000055 51.474819637000053)",Unfall 218548 (2020) Kat:2, Licht: 0,218548,2,7,0,11,11,4,0,0,0,0,1,0,0,1
"POINT (7.036992466000072 51.478945688000067)",Unfall 218577 (2020) Kat:3, Licht: 2,218577,3,2,2,11,17,1,1,2,0,1,0,0,0,0
"POINT (7.007815093000033 51.429048950000038)",Unfall 218601 (2020) Kat:3, Licht: 0,218601,3,7,3,11,15,3,0,0,1,0,0,0,0,0
"POINT (6.995672049000064 51.441729118000069)",Unfall 218617 (2020) Kat:3, Licht: 0,218617,3,7,0,11,13,4,0,0,0,1,0,0,0,0
"POINT (7.011376461000054 51.501683133000029)",Unfall 218734 (2020) Kat:3, Licht: 0,218734,3,3,5,11,13,2,0,0,0,1,0,0,0,0
"POINT (6.975761977000047 51.473420011000030)",Unfall 218780 (2020) Kat:3, Licht: 0,218780,3,3,5,11,07,6,0,0,1,1,0,0,0,0
"POINT (7.047209700000053 51.470142204000069)",Unfall 218786 (2020) Kat:3, Licht: 2,218786,3,3,5,11,23,6,0,2,0,1,0,0,0,0
"POINT (7.063312827000061 51.471739368000044)",Unfall 218787 (2020) Kat:3, Licht: 2,218787,3,4,6,11,20,1,1,2,0,1,1,0,0,0
"POINT (7.047764453000070 51.459118123000053)",Unfall 218885 (2020) Kat:3, Licht: 0,218885,3,4,0,11,08,2,0,0,0,1,1,0,0,0
"POINT (6.936502044000065 51.380619714000034)",Unfall 218917 (2020) Kat:3, Licht: 2,218917,3,2,2,11,18,6,0,2,0,1,0,0,0,0
"POINT (7.031923648000031 51.448401512000032)",Unfall 218939 (2020) Kat:3, Licht: 2,218939,3,1,1,11,21,1,0,2,1,1,0,0,0,0
"POINT (7.079669690000060 51.454296914000054)",Unfall 218966 (2020) Kat:3, Licht: 2,218966,3,5,0,11,18,6,0,2,1,1,0,0,0,0
"POINT (7.019746273000067 51.494047669000054)",Unfall 219017 (2020) Kat:2, Licht: 0,219017,2,3,5,11,15,2,0,0,0,1,0,1,0,0
"POINT (7.063909682000030 51.468758540000067)",Unfall 219043 (2020) Kat:3, Licht: 2,219043,3,3,5,11,17,1,0,2,0,1,0,0,0,0
"POINT (6.951844127000072 51.380291679000038)",Unfall 219070 (2020) Kat:2, Licht: 0,219070,2,6,8,11,17,6,0,0,0,1,1,0,0,0
"POINT (7.009242907000044 51.456191087000036)",Unfall 219117 (2020) Kat:3, Licht: 0,219117,3,7,8,11,11,6,0,0,0,0,0,1,0,0
"POINT (7.002792408000062 51.478825916000062)",Unfall 219143 (2020) Kat:2, Licht: 2,219143,2,7,6,11,01,1,0,2,0,1,1,0,0,0
"POINT (6.979433795000034 51.484142388000066)",Unfall 219148 (2020) Kat:3, Licht: 2,219148,3,2,6,12,16,3,1,2,0,1,1,0,0,0
"POINT (6.953382412000053 51.475928185000043)",Unfall 219153 (2020) Kat:3, Licht: 0,219153,3,3,5,12,15,3,1,0,0,1,0,0,0,1
"POINT (6.987321949000034 51.442761568000037)",Unfall 219156 (2020) Kat:3, Licht: 0,219156,3,2,6,12,08,3,1,0,0,1,1,0,0,0
"POINT (7.110807581000074 51.433433127000058)",Unfall 219158 (2020) Kat:3, Licht: 2,219158,3,4,6,12,18,3,1,2,0,1,1,0,0,0
"POINT (7.013559237000038 51.447934345000078)",Unfall 219166 (2020) Kat:3, Licht: 0,219166,3,1,0,12,14,3,1,0,1,0,0,0,0,0
"POINT (7.073969484000031 51.425220404000072)",Unfall 219212 (2020) Kat:3, Licht: 1,219212,3,4,6,12,08,5,1,1,0,1,1,0,0,0
"POINT (7.008311889000026 51.499677073000043)",Unfall 219236 (2020) Kat:3, Licht: 0,219236,3,7,0,12,14,6,0,0,1,0,1,0,0,0
"POINT (7.012383194000051 51.440753749000066)",Unfall 219312 (2020) Kat:3, Licht: 2,219312,3,3,0,12,16,4,1,2,0,1,0,1,0,0
"POINT (7.030683559000067 51.437037133000047)",Unfall 219482 (2020) Kat:3, Licht: 0,219482,3,7,1,12,09,3,1,0,0,1,0,0,0,0
"POINT (7.013760276000028 51.452118328000040)",Unfall 219534 (2020) Kat:3, Licht: 0,219534,3,4,6,12,14,3,0,0,0,0,1,0,0,1
"POINT (6.953241939000066 51.473687152000082)",Unfall 219600 (2020) Kat:3, Licht: 0,219600,3,7,0,12,11,7,0,0,0,1,1,0,0,0
"POINT (6.939804953000021 51.491823468000064)",Unfall 219610 (2020) Kat:3, Licht: 2,219610,3,3,5,12,20,7,0,2,0,1,0,1,0,0
"POINT (7.022349095000038 51.457467572000041)",Unfall 219637 (2020) Kat:2, Licht: 2,219637,2,7,0,12,05,3,2,2,1,0,0,0,0,0
"POINT (6.999689993000061 51.449137455000027)",Unfall 219655 (2020) Kat:3, Licht: 0,219655,3,2,0,12,14,2,1,0,0,0,0,1,0,0
"POINT (6.980212061000032 51.497854538000070)",Unfall 219676 (2020) Kat:3, Licht: 2,219676,3,3,5,12,16,3,1,2,0,1,0,0,1,0
"POINT (6.973073081000052 51.451067309000052)",Unfall 219727 (2020) Kat:3, Licht: 2,219727,3,3,5,12,19,6,1,2,0,1,0,1,0,0
"POINT (7.013008166000077 51.450054950000037)",Unfall 219732 (2020) Kat:3, Licht: 0,219732,3,7,0,12,08,6,1,0,1,0,0,0,0,0
"POINT (7.005668558000025 51.452932854000039)",Unfall 219735 (2020) Kat:3, Licht: 2,219735,3,4,6,12,07,6,0,2,0,1,1,0,0,0
"POINT (7.021814058000075 51.458767537000028)",Unfall 219819 (2020) Kat:3, Licht: 0,219819,3,1,0,12,15,4,1,0,1,0,0,0,0,0
"POINT (7.004720398000075 51.434814168000059)",Unfall 219867 (2020) Kat:3, Licht: 0,219867,3,6,5,12,11,7,0,0,1,1,0,0,0,0
"POINT (7.063403650000055 51.480374029000075)",Unfall 219956 (2020) Kat:3, Licht: 0,219956,3,2,4,12,11,5,1,0,0,1,0,0,0,0
"POINT (7.048839222000026 51.403974679000044)",Unfall 219968 (2020) Kat:2, Licht: 0,219968,2,1,0,12,15,6,0,0,1,0,0,0,0,0
"POINT (6.988599594000050 51.459548690000076)",Unfall 220020 (2020) Kat:2, Licht: 0,220020,2,2,5,12,14,3,1,0,0,1,0,0,1,0
"POINT (7.002465551000057 51.426776148000044)",Unfall 220144 (2020) Kat:3, Licht: 2,220144,3,2,7,12,07,6,0,2,0,1,1,0,0,0
"POINT (7.012320906000070 51.502593017000038)",Unfall 220186 (2020) Kat:2, Licht: 2,220186,2,1,0,12,18,1,1,2,0,1,1,0,0,0
"POINT (7.085159674000067 51.400798632000033)",Unfall 220280 (2020) Kat:3, Licht: 0,220280,3,7,3,12,10,5,1,0,1,1,0,0,0,0
"POINT (7.033137333000070 51.436547789000031)",Unfall 220281 (2020) Kat:3, Licht: 2,220281,3,4,6,12,18,5,1,2,0,1,1,0,0,0
"POINT (6.981980372000066 51.463896127000055)",Unfall 220434 (2020) Kat:3, Licht: 2,220434,3,4,6,12,18,4,1,2,0,1,1,0,0,0
"POINT (6.991954708000037 51.432743603000063)",Unfall 220443 (2020) Kat:3, Licht: 2,220443,3,3,0,12,07,4,1,2,1,1,0,0,0,0
"POINT (6.978570076000040 51.476413805000050)",Unfall 28961 (2021) Kat:3, Licht: 0,28961,3,4,6,9,15,3,0,0,0,1,1,0,0,0
"POINT (6.932314837000035 51.487516134000032)",Unfall 28993 (2021) Kat:3, Licht: 0,28993,3,4,6,11,11,3,0,0,0,1,1,0,0,1
"POINT (6.962776192000035 51.425186515000064)",Unfall 29021 (2021) Kat:3, Licht: 0,29021,3,6,2,1,15,6,0,0,0,1,0,0,0,0
"POINT (6.899145818000022 51.474252162000028)",Unfall 29060 (2021) Kat:3, Licht: 0,29060,3,7,7,9,18,7,0,0,0,1,0,0,0,0
"POINT (6.929431615000055 51.464835528000037)",Unfall 29099 (2021) Kat:3, Licht: 2,29099,3,3,5,9,21,7,0,2,0,1,0,0,0,0
"POINT (6.973302811000053 51.479188091000026)",Unfall 29165 (2021) Kat:3, Licht: 1,29165,3,7,0,11,16,1,0,1,1,0,0,0,0,0
"POINT (6.980184908000069 51.487205617000029)",Unfall 29190 (2021) Kat:3, Licht: 2,29190,3,7,0,10,21,4,1,2,1,0,0,0,0,0
"POINT (6.959091924000063 51.420041439000045)",Unfall 29239 (2021) Kat:3, Licht: 1,29239,3,3,0,10,17,4,1,1,0,1,0,1,0,0
"POINT (6.951712033000035 51.495126408000033)",Unfall 29243 (2021) Kat:3, Licht: 0,29243,3,6,2,3,14,2,0,0,0,1,0,0,0,0
"POINT (6.980187509000075 51.460672789000057)",Unfall 29284 (2021) Kat:3, Licht: 2,29284,3,2,6,11,5,3,1,2,0,1,1,0,0,0
"POINT (6.957383014000072 51.477949030000048)",Unfall 29311 (2021) Kat:3, Licht: 0,29311,3,3,5,4,17,4,0,0,0,1,0,0,0,1
"POINT (6.974191185000052 51.415368327000067)",Unfall 29312 (2021) Kat:2, Licht: 0,29312,2,7,5,5,13,2,1,0,0,1,0,0,0,0
"POINT (6.979167983000025 51.469090263000055)",Unfall 29319 (2021) Kat:3, Licht: 2,29319,3,4,0,12,7,6,1,2,0,0,1,0,0,1
"POINT (6.950074576000077 51.463422793000063)",Unfall 29337 (2021) Kat:3, Licht: 2,29337,3,1,0,12,18,7,1,2,0,0,0,1,0,0
"POINT (6.953364982000039 51.401056373000074)",Unfall 29339 (2021) Kat:2, Licht: 0,29339,2,1,9,3,8,7,1,0,0,1,0,0,0,0
"POINT (6.951870771000074 51.495217623000030)",Unfall 29373 (2021) Kat:1, Licht: 1,29373,1,2,6,2,6,3,1,1,0,0,1,0,1,0
"POINT (6.944230296000057 51.390510155000072)",Unfall 29398 (2021) Kat:3, Licht: 0,29398,3,6,2,3,12,5,0,0,0,1,0,0,0,0