WKT,Name,OBJECTID,UKATEGORIE,UTYP1,UART,UMONAT,USTUNDE,UWOCHENTAG,STRZUSTAND,ULICHTVERH,ISTRAD,ISTPKW,ISTFUSS,ISTKRAD,ISTGKFZ,ISTSONSTIG
"POINT (6.959076477000053 51.419978104000052)",Unfall 29417 (2021) Kat:2, Licht: 2,29417,2,2,5,12,17,5,1,2,0,1,0,1,0,0
"POINT (6.981440304000046 51.442648381000026)",Unfall 29428 (2021) Kat:3, Licht: 0,29428,3,1,0,10,14,6,0,0,0,0,0,0,0,1
"POINT (6.933175353000024 51.358738641000059)",Unfall 29447 (2021) Kat:2, Licht: 0,29447,2,1,3,10,10,6,0,0,0,0,0,0,0,1
"POINT (6.976115126000025 51.449778275000028)",Unfall 29453 (2021) Kat:3, Licht: 0,29453,3,7,6,1,13,7,0,0,0,1,1,0,0,0
"POINT (6.962841982000043 51.463407969000059)",Unfall 29463 (2021) Kat:3, Licht: 0,29463,3,1,8,6,16,4,0,0,0,0,0,0,0,1
"POINT (6.980172067000069 51.381788385000050)",Unfall 29464 (2021) Kat:3, Licht: 0,29464,3,7,5,11,13,2,1,0,0,1,0,0,0,0
"POINT (6.954339244000039 51.476454391000061)",Unfall 29485 (2021) Kat:3, Licht: 0,29485,3,1,8,1,7,6,1,0,0,1,0,0,0,0
"POINT (6.927118905000043 51.459207234000075)",Unfall 29496 (2021) Kat:2, Licht: 0,29496,2,4,6,2,11,2,0,0,0,0,1,0,0,1
"POINT (6.916405018000034 51.473430702000030)",Unfall 29542 (2021) Kat:3, Licht: 2,29542,3,5,1,2,22,7,2,2,0,1,0,0,0,0
"POINT (6.977454741000031 51.449820352000074)",Unfall 29550 (2021) Kat:3, Licht: 0,29550,3,3,5,7,18,2,0,0,0,1,0,0,0,0
"POINT (6.943061289000070 51.394789719000073)",Unfall 29579 (2021) Kat:3, Licht: 0,29579,3,1,8,6,16,4,0,0,0,1,0,0,0,0
"POINT (6.932324545000029 51.372757630000081)",Unfall 29580 (2021) Kat:2, Licht: 2,29580,2,2,5,10,19,6,0,2,0,1,0,1,0,0
"POINT (6.977196017000040 51.461329672000033)",Unfall 29637 (2021) Kat:3, Licht: 0,29637,3,7,0,9,13,5,0,0,0,1,0,0,0,0
"POINT (6.907063734000076 51.477905239000052)",Unfall 29653 (2021) Kat:3, Licht: 0,29653,3,5,1,5,15,7,0,0,0,1,0,0,0,0
"POINT (6.913793319000035 51.473070207000035)",Unfall 29666 (2021) Kat:3, Licht: 0,29666,3,1,1,3,10,4,0,0,0,1,0,0,0,0
"POINT (6.933095579000053 51.487945048000029)",Unfall 29727 (2021) Kat:2, Licht: 0,29727,2,7,7,6,19,7,0,0,1,0,0,0,0,0
"POINT (6.976472666000063 51.461414766000075)",Unfall 29731 (2021) Kat:3, Licht: 2,29731,3,6,5,12,21,4,1,2,0,1,0,0,0,0
"POINT (6.952656077000029 51.400708264000059)",Unfall 29736 (2021) Kat:3, Licht: 0,29736,3,3,2,7,10,3,1,0,0,1,0,0,0,0
"POINT (6.980187509000075 51.460672789000057)",Unfall 29778 (2021) Kat:3, Licht: 0,29778,3,2,0,10,14,5,1,0,0,1,1,0,0,0
"POINT (6.954391470000076 51.399602136000055)",Unfall 29798 (2021) Kat:2, Licht: 2,29798,2,6,4,6,22,7,0,2,0,1,0,0,0,0
"POINT (6.965848541000071 51.438625356000045)",Unfall 29800 (2021) Kat:2, Licht: 0,29800,2,2,5,4,8,4,0,0,1,1,0,0,0,0
"POINT (6.979415432000053 51.484142936000069)",Unfall 29866 (2021) Kat:3, Licht: 0,29866,3,3,0,10,9,4,0,0,0,1,0,0,0,0
"POINT (6.920755450000058 51.453993561000061)",Unfall 29887 (2021) Kat:3, Licht: 0,29887,3,5,8,2,14,1,0,0,0,1,0,0,0,0
"POINT (6.964218611000035 51.461545283000078)",Unfall 29889 (2021) Kat:3, Licht: 0,29889,3,7,0,12,10,7,0,0,0,0,1,0,0,1
"POINT (6.955943625000032 51.472515055000031)",Unfall 29951 (2021) Kat:3, Licht: 0,29951,3,7,0,7,16,3,1,0,0,0,0,1,0,0
"POINT (6.979434467000033 51.482626766000067)",Unfall 29960 (2021) Kat:3, Licht: 0,29960,3,6,1,9,15,4,1,0,0,1,0,0,0,1
"POINT (6.949194379000062 51.483716570000070)",Unfall 29977 (2021) Kat:3, Licht: 0,29977,3,3,5,1,15,6,0,0,0,1,0,1,0,0
"POINT (6.945511927000041 51.361744628000054)",Unfall 29990 (2021) Kat:3, Licht: 0,29990,3,3,5,2,15,5,0,0,0,1,0,1,0,0
"POINT (6.960935986000038 51.373378666000065)",Unfall 30010 (2021) Kat:3, Licht: 2,30010,3,7,8,1,20,2,0,2,0,1,0,0,0,0
"POINT (6.967971218000059 51.441582479000033)",Unfall 30040 (2021) Kat:3, Licht: 2,30040,3,4,6,1,6,5,1,2,0,1,1,0,0,0
"POINT (6.980486751000058 51.412183580000033)",Unfall 30055 (2021) Kat:3, Licht: 0,30055,3,2,5,9,15,1,0,0,0,1,0,0,0,0
"POINT (6.950738834000049 51.486526626000057)",Unfall 30073 (2021) Kat:3, Licht: 0,30073,3,3,1,5,8,1,0,0,0,1,0,0,0,0
"POINT (6.967657365000036 51.442102743000078)",Unfall 30079 (2021) Kat:3, Licht: 2,30079,3,1,9,9,21,5,1,2,0,1,0,0,0,0
"POINT (6.926327016000073 51.458541893000074)",Unfall 30086 (2021) Kat:3, Licht: 0,30086,3,3,5,10,15,3,1,0,0,1,0,0,0,0
"POINT (6.978645910000068 51.470721414000081)",Unfall 30090 (2021) Kat:3, Licht: 0,30090,3,3,0,4,12,3,0,0,0,1,0,0,0,0
"POINT (6.929431615000055 51.464835528000037)",Unfall 30102 (2021) Kat:3, Licht: 0,30102,3,3,5,6,13,3,0,0,0,1,0,0,0,0
"POINT (6.980864647000033 51.449220033000074)",Unfall 30107 (2021) Kat:3, Licht: 0,30107,3,7,8,6,11,2,0,0,0,1,0,0,0,0
"POINT (6.940366301000040 51.485397966000050)",Unfall 30141 (2021) Kat:2, Licht: 0,30141,2,4,6,11,11,6,0,0,0,0,1,0,0,1
"POINT (6.978649960000041 51.461048828000060)",Unfall 30145 (2021) Kat:3, Licht: 0,30145,3,6,5,3,15,3,1,0,0,1,0,0,0,0
"POINT (6.935687313000074 51.486606541000072)",Unfall 30155 (2021) Kat:3, Licht: 0,30155,3,7,8,5,13,4,1,0,0,0,0,1,0,0
"POINT (6.966358954000043 51.439454128000079)",Unfall 30166 (2021) Kat:3, Licht: 0,30166,3,6,1,12,12,5,0,0,0,1,0,0,0,0
"POINT (6.948334091000049 51.407621003000031)",Unfall 30198 (2021) Kat:3, Licht: 0,30198,3,1,8,10,9,1,1,0,0,0,0,1,0,0
"POINT (6.971302345000026 51.444376623000039)",Unfall 30208 (2021) Kat:3, Licht: 2,30208,3,2,6,10,19,4,1,2,0,1,1,0,0,0
"POINT (6.927897366000025 51.465879254000072)",Unfall 30236 (2021) Kat:3, Licht: 0,30236,3,6,1,5,16,2,1,0,0,1,0,0,0,0
"POINT (6.964026753000041 51.452908999000044)",Unfall 30240 (2021) Kat:3, Licht: 2,30240,3,7,6,11,6,5,0,2,0,1,1,0,0,0
"POINT (6.971302345000026 51.444376623000039)",Unfall 30244 (2021) Kat:3, Licht: 0,30244,3,2,0,3,8,4,0,0,0,1,0,0,0,0
"POINT (6.957487175000040 51.477956679000044)",Unfall 30266 (2021) Kat:3, Licht: 2,30266,3,3,5,1,17,5,1,2,0,1,1,0,0,0
"POINT (6.920249715000068 51.359443096000064)",Unfall 30285 (2021) Kat:2, Licht: 0,30285,2,4,0,3,15,7,0,0,1,0,1,0,0,0
"POINT (6.948443699000052 51.482193104000032)",Unfall 30327 (2021) Kat:3, Licht: 0,30327,3,2,5,6,8,5,0,0,0,1,0,0,0,0
"POINT (6.959004063000066 51.419938305000073)",Unfall 30339 (2021) Kat:3, Licht: 0,30339,3,2,5,10,18,1,0,0,0,1,0,0,0,0
"POINT (6.973002034000046 51.445075877000079)",Unfall 30352 (2021) Kat:3, Licht: 0,30352,3,7,0,7,19,6,0,0,1,0,1,0,0,0
"POINT (6.977472260000070 51.476288085000078)",Unfall 30359 (2021) Kat:3, Licht: 0,30359,3,6,2,9,15,5,0,0,0,1,0,0,0,0
"POINT (6.977017480000029 51.443710507000048)",Unfall 30410 (2021) Kat:3, Licht: 0,30410,3,7,8,11,12,5,0,0,0,1,0,0,0,0
"POINT (6.914326713000037 51.474618776000057)",Unfall 30439 (2021) Kat:3, Licht: 1,30439,3,3,5,3,18,6,0,1,0,1,0,0,0,0
"POINT (6.979448685000023 51.482672127000058)",Unfall 30456 (2021) Kat:3, Licht: 2,30456,3,3,5,5,22,6,0,2,1,1,0,0,0,0
"POINT (6.959375866000073 51.448165280000069)",Unfall 30471 (2021) Kat:3, Licht: 0,30471,3,5,0,1,9,1,1,0,1,1,0,0,0,0
"POINT (6.976270629000055 51.433383288000073)",Unfall 30503 (2021) Kat:3, Licht: 2,30503,3,1,8,12,2,5,0,2,0,1,0,1,0,0
"POINT (6.963574244000029 51.427437178000048)",Unfall 30515 (2021) Kat:3, Licht: 0,30515,3,2,3,11,9,6,0,0,1,1,0,0,0,0
"POINT (6.983026559000052 51.476806817000067)",Unfall 30516 (2021) Kat:3, Licht: 2,30516,3,6,1,12,17,4,1,2,0,1,0,0,0,0
"POINT (6.971439012000076 51.444427314000052)",Unfall 30519 (2021) Kat:3, Licht: 0,30519,3,6,1,2,8,7,2,0,0,1,0,0,0,1
"POINT (6.901468243000068 51.480580394000071)",Unfall 30531 (2021) Kat:3, Licht: 0,30531,3,6,2,5,12,6,0,0,0,1,0,0,0,0
"POINT (6.974786165000069 51.445787162000045)",Unfall 30541 (2021) Kat:3, Licht: 0,30541,3,1,0,6,12,1,0,0,1,0,0,0,0,0
"POINT (6.963961101000052 51.456374260000075)",Unfall 30565 (2021) Kat:3, Licht: 0,30565,3,2,6,11,14,6,0,0,0,1,1,0,0,0
"POINT (6.973951420000049 51.415103198000054)",Unfall 30628 (2021) Kat:3, Licht: 2,30628,3,3,3,5,21,7,1,2,0,1,0,0,0,0
"POINT (6.939333515000044 51.485650686000042)",Unfall 30633 (2021) Kat:2, Licht: 0,30633,2,7,0,6,17,5,0,0,0,0,0,1,0,0
"POINT (6.959734996000066 51.477052325000045)",Unfall 30650 (2021) Kat:3, Licht: 2,30650,3,2,5,12,18,5,1,2,0,1,0,0,0,1
"POINT (6.916248490000044 51.487275929000077)",Unfall 30677 (2021) Kat:3, Licht: 2,30677,3,6,4,3,20,4,0,2,0,1,0,0,0,1
"POINT (6.935745958000041 51.381231442000058)",Unfall 30742 (2021) Kat:3, Licht: 2,30742,3,2,5,10,21,6,1,2,0,1,0,0,0,0
"POINT (6.978300234000073 51.461127828000031)",Unfall 30781 (2021) Kat:3, Licht: 0,30781,3,7,1,6,16,2,0,0,0,1,0,1,0,0
"POINT (6.952600004000033 51.400680729000044)",Unfall 30838 (2021) Kat:2, Licht: 0,30838,2,6,3,9,17,1,0,0,0,1,0,0,0,0
"POINT (6.965053008000041 51.449876618000076)",Unfall 30842 (2021) Kat:3, Licht: 2,30842,3,6,2,11,16,3,1,2,0,1,0,0,0,0
"POINT (6.975699145000021 51.446151286000031)",Unfall 30868 (2021) Kat:3, Licht: 0,30868,3,7,0,10,15,3,1,0,1,0,0,0,0,0
"POINT (6.980258127000070 51.443942535000076)",Unfall 30879 (2021) Kat:3, Licht: 0,30879,3,1,2,7,18,4,1,0,0,1,0,0,0,1
"POINT (6.966847109000071 51.461252932000036)",Unfall 30903 (2021) Kat:3, Licht: 1,30903,3,6,2,1,10,5,1,1,0,1,0,0,0,0
"POINT (6.973970354000073 51.449661538000043)",Unfall 30907 (2021) Kat:2, Licht: 0,30907,2,4,6,10,13,3,1,0,0,1,1,0,0,0
"POINT (6.979583714000057 51.504076561000034)",Unfall 30915 (2021) Kat:3, Licht: 0,30915,3,6,2,5,18,6,0,0,0,1,0,0,0,0
"POINT (6.968828013000063 51.442152398000076)",Unfall 30918 (2021) Kat:3, Licht: 0,30918,3,6,1,10,16,3,1,0,0,1,0,0,0,0
"POINT (6.904928144000053 51.479537832000062)",Unfall 30922 (2021) Kat:3, Licht: 0,30922,3,4,6,11,8,3,0,0,0,1,1,0,0,0
"POINT (6.984004261000052 51.437903623000068)",Unfall 30939 (2021) Kat:2, Licht: 0,30939,2,7,0,6,14,4,0,0,0,0,0,0,0,1
"POINT (6.977353601000061 51.473074992000079)",Unfall 30966 (2021) Kat:3, Licht: 2,30966,3,7,0,12,21,7,0,2,0,0,0,0,0,1
"POINT (6.983026559000052 51.476806817000067)",Unfall 30977 (2021) Kat:2, Licht: 1,30977,2,2,4,11,17,1,1,1,0,1,0,0,0,0
"POINT (6.971434287000022 51.444429542000080)",Unfall 30980 (2021) Kat:2, Licht: 0,30980,2,7,1,2,10,3,0,0,0,1,0,1,0,0
"POINT (6.907422314000030 51.477695993000054)",Unfall 31019 (2021) Kat:3, Licht: 0,31019,3,7,8,6,15,5,0,0,1,1,0,0,0,0
"POINT (6.935271158000035 51.497499034000043)",Unfall 31023 (2021) Kat:3, Licht: 2,31023,3,6,2,10,20,6,0,2,0,1,0,0,0,0
"POINT (6.954376087000071 51.399680801000045)",Unfall 31033 (2021) Kat:3, Licht: 0,31033,3,2,2,9,17,5,0,0,0,1,0,0,0,0
"POINT (6.911819741000045 51.473130099000059)",Unfall 31041 (2021) Kat:3, Licht: 0,31041,3,6,7,4,15,6,0,0,0,1,0,0,0,0
"POINT (6.963094249000051 51.471711352000057)",Unfall 31062 (2021) Kat:2, Licht: 0,31062,2,2,0,9,11,3,0,0,0,1,0,1,0,0
"POINT (6.907448222000028 51.473613098000044)",Unfall 31070 (2021) Kat:2, Licht: 0,31070,2,1,8,1,11,6,0,0,0,1,0,0,0,0
"POINT (6.954360671000074 51.399672703000078)",Unfall 31084 (2021) Kat:3, Licht: 0,31084,3,2,5,9,8,2,0,0,1,1,0,0,0,0
"POINT (6.957395230000031 51.477942203000055)",Unfall 31090 (2021) Kat:2, Licht: 0,31090,2,2,5,9,13,3,0,0,0,1,0,0,0,1
"POINT (6.900546400000053 51.480705569000065)",Unfall 31115 (2021) Kat:3, Licht: 0,31115,3,6,0,11,16,4,1,0,0,0,0,1,0,0
"POINT (6.977340296000023 51.504687490000038)",Unfall 31147 (2021) Kat:3, Licht: 0,31147,3,6,2,6,15,6,0,0,0,1,0,0,0,0
"POINT (6.912011213000028 51.475820642000031)",Unfall 31171 (2021) Kat:3, Licht: 0,31171,3,6,2,4,9,3,0,0,0,1,0,0,0,1
"POINT (6.943114898000033 51.484010711000053)",Unfall 31175 (2021) Kat:2, Licht: 0,31175,2,7,8,6,15,2,0,0,0,1,0,0,0,0
"POINT (6.974106735000021 51.442909468000039)",Unfall 31222 (2021) Kat:3, Licht: 0,31222,3,6,2,11,15,2,0,0,0,1,0,0,0,0
"POINT (6.926374984000063 51.466911620000076)",Unfall 31226 (2021) Kat:3, Licht: 0,31226,3,4,6,11,10,2,0,0,0,1,1,0,0,0
"POINT (6.979415432000053 51.484142936000069)",Unfall 31230 (2021) Kat:3, Licht: 0,31230,3,1,1,10,10,5,0,0,0,1,0,0,0,0
"POINT (6.949899121000044 51.485017449000054)",Unfall 31295 (2021) Kat:3, Licht: 0,31295,3,7,0,10,13,7,0,0,1,0,0,0,0,0
"POINT (6.973108835000062 51.443191509000030)",Unfall 31302 (2021) Kat:2, Licht: 0,31302,2,3,5,9,18,5,0,0,0,1,0,0,0,0
"POINT (6.951814599000045 51.495165868000072)",Unfall 31329 (2021) Kat:3, Licht: 0,31329,3,7,0,4,10,3,0,0,0,1,0,0,0,0
"POINT (6.972130602000050 51.485145587000034)",Unfall 31339 (2021) Kat:3, Licht: 0,31339,3,7,0,4,13,6,0,0,0,1,0,0,0,1
"POINT (6.975050140000064 51.445892245000039)",Unfall 31361 (2021) Kat:3, Licht: 0,31361,3,1,0,9,15,5,0,0,1,0,0,0,0,0
"POINT (6.970120396000027 51.442384282000035)",Unfall 31373 (2021) Kat:3, Licht: 2,31373,3,6,2,1,6,3,1,2,0,1,0,0,0,0
"POINT (6.962712813000053 51.462225144000058)",Unfall 31384 (2021) Kat:3, Licht: 0,31384,3,6,1,3,7,3,0,0,0,1,0,0,0,0
"POINT (6.961394160000054 51.470804887000043)",Unfall 31422 (2021) Kat:2, Licht: 0,31422,2,3,4,10,11,3,1,0,0,1,0,1,0,0
"POINT (6.937647242000025 51.486071210000034)",Unfall 31439 (2021) Kat:3, Licht: 2,31439,3,4,6,4,21,6,0,2,0,1,1,0,0,0
"POINT (6.976112018000038 51.476033045000065)",Unfall 31456 (2021) Kat:3, Licht: 0,31456,3,7,0,3,18,2,0,0,0,1,0,0,0,1
"POINT (6.948673705000033 51.482781380000063)",Unfall 31460 (2021) Kat:3, Licht: 0,31460,3,5,2,6,16,4,0,0,0,1,0,0,0,0
"POINT (6.980187509000075 51.460672789000057)",Unfall 31467 (2021) Kat:3, Licht: 0,31467,3,2,5,7,18,1,0,0,0,1,0,0,0,1
"POINT (6.913669418000040 51.474959324000054)",Unfall 31501 (2021) Kat:3, Licht: 2,31501,3,5,1,11,19,3,0,2,0,1,0,0,0,0
"POINT (6.958176748000028 51.448108196000078)",Unfall 31510 (2021) Kat:3, Licht: 0,31510,3,5,1,5,14,5,0,0,1,1,0,0,0,0
"POINT (6.978517859000021 51.476454762000060)",Unfall 31558 (2021) Kat:3, Licht: 0,31558,3,4,6,3,13,6,0,0,0,1,1,0,0,0
"POINT (6.949782871000025 51.493742180000027)",Unfall 31575 (2021) Kat:3, Licht: 0,31575,3,2,4,3,16,2,0,0,0,1,0,0,0,0
"POINT (6.951874731000032 51.495214749000070)",Unfall 31612 (2021) Kat:3, Licht: 0,31612,3,6,1,11,12,7,0,0,0,1,0,0,0,0
"POINT (6.980112642000051 51.435942713000031)",Unfall 31654 (2021) Kat:3, Licht: 1,31654,3,1,0,12,16,6,1,1,1,0,0,0,0,0
"POINT (6.932114141000056 51.462916018000044)",Unfall 31676 (2021) Kat:3, Licht: 0,31676,3,2,5,5,13,5,0,0,0,1,0,0,0,1
"POINT (6.957396729000038 51.477941365000049)",Unfall 31681 (2021) Kat:3, Licht: 0,31681,3,2,4,9,12,2,0,0,1,1,0,0,0,0
"POINT (6.975475695000057 51.446061646000032)",Unfall 31682 (2021) Kat:3, Licht: 0,31682,3,3,0,2,10,7,0,0,1,0,0,0,0,1
"POINT (6.900344953000058 51.480729851000035)",Unfall 31706 (2021) Kat:3, Licht: 0,31706,3,6,0,1,14,6,1,0,1,0,0,0,0,0
"POINT (6.973005879000027 51.414464917000032)",Unfall 31718 (2021) Kat:3, Licht: 0,31718,3,1,9,2,12,1,2,0,0,1,0,0,0,0
"POINT (6.977766715000030 51.474356511000053)",Unfall 31725 (2021) Kat:3, Licht: 0,31725,3,1,0,6,12,2,0,0,1,0,0,0,0,0
"POINT (6.945517782000024 51.361746402000051)",Unfall 31736 (2021) Kat:2, Licht: 0,31736,2,7,5,6,11,3,0,0,0,1,0,1,0,0
"POINT (6.962860853000052 51.418993477000072)",Unfall 31756 (2021) Kat:2, Licht: 0,31756,2,1,1,5,11,6,0,0,0,1,0,0,0,0
"POINT (6.973023901000033 51.443212039000059)",Unfall 31769 (2021) Kat:2, Licht: 0,31769,2,2,5,4,18,3,0,0,0,1,0,0,0,0
"POINT (6.938185729000054 51.361305247000075)",Unfall 31809 (2021) Kat:3, Licht: 0,31809,3,1,0,10,11,2,0,0,1,0,0,0,0,0
"POINT (6.968639107000058 51.442152990000068)",Unfall 31822 (2021) Kat:3, Licht: 2,31822,3,7,1,10,5,6,0,2,0,1,0,1,0,0
"POINT (6.974589070000036 51.461565310000026)",Unfall 31863 (2021) Kat:3, Licht: 0,31863,3,3,5,11,15,3,1,0,0,1,0,0,0,0
"POINT (6.978643708000050 51.434619488000067)",Unfall 31872 (2021) Kat:3, Licht: 0,31872,3,1,0,7,9,3,1,0,1,0,0,0,0,0
"POINT (6.960530517000052 51.476691268000081)",Unfall 31886 (2021) Kat:3, Licht: 0,31886,3,3,5,9,18,6,1,0,0,1,0,0,0,0
"POINT (6.977908297000056 51.471721174000038)",Unfall 31905 (2021) Kat:3, Licht: 1,31905,3,5,1,1,8,3,1,1,0,1,0,1,0,0
"POINT (6.958448885000053 51.419252564000033)",Unfall 31919 (2021) Kat:3, Licht: 0,31919,3,1,3,10,15,3,0,0,1,1,0,0,0,0
"POINT (6.977238389000036 51.414263655000070)",Unfall 31920 (2021) Kat:3, Licht: 0,31920,3,7,2,9,16,2,0,0,0,1,0,0,0,0
"POINT (6.951765731000023 51.492257204000055)",Unfall 31975 (2021) Kat:3, Licht: 2,31975,3,5,4,3,21,1,0,2,0,1,0,0,0,1
"POINT (6.918792614000040 51.452471332000073)",Unfall 31978 (2021) Kat:3, Licht: 0,31978,3,3,5,9,13,5,0,0,1,1,0,0,0,0
"POINT (6.980458132000024 51.488857685000028)",Unfall 32015 (2021) Kat:3, Licht: 2,32015,3,1,0,2,5,3,2,2,0,0,0,1,0,0
"POINT (6.964984147000052 51.434972469000058)",Unfall 32073 (2021) Kat:3, Licht: 0,32073,3,6,0,7,17,6,0,0,1,0,0,0,0,0
"POINT (6.976854211000045 51.461376581000081)",Unfall 32098 (2021) Kat:3, Licht: 0,32098,3,3,5,6,19,1,0,0,0,1,0,0,0,0
"POINT (6.946737899000027 51.463349911000080)",Unfall 32138 (2021) Kat:3, Licht: 2,32138,3,2,2,12,7,6,1,2,0,1,0,1,0,0
"POINT (6.939276565000057 51.485663396000064)",Unfall 32177 (2021) Kat:3, Licht: 0,32177,3,7,0,9,10,5,0,0,0,0,0,1,0,0
"POINT (6.979733364000026 51.485705047000067)",Unfall 32180 (2021) Kat:2, Licht: 0,32180,2,6,2,10,11,7,0,0,0,1,0,0,0,0
"POINT (6.961997553000060 51.419049778000044)",Unfall 32196 (2021) Kat:2, Licht: 2,32196,2,1,0,7,0,6,1,2,1,0,0,0,0,0
"POINT (6.980611712000041 51.412266555000031)",Unfall 32197 (2021) Kat:3, Licht: 0,32197,3,2,5,7,12,4,0,0,1,1,0,0,0,0
"POINT (6.971299187000056 51.474817478000034)",Unfall 32200 (2021) Kat:3, Licht: 2,32200,3,5,1,10,5,2,0,2,1,1,0,0,0,0
"POINT (6.954441940000038 51.462984167000059)",Unfall 32218 (2021) Kat:3, Licht: 0,32218,3,4,6,11,7,3,1,0,0,1,1,0,0,0
"POINT (6.974218414000063 51.415488412000059)",Unfall 32225 (2021) Kat:2, Licht: 0,32225,2,3,5,6,19,4,0,0,0,1,0,0,0,0
"POINT (6.979437060000066 51.482635038000069)",Unfall 32233 (2021) Kat:2, Licht: 0,32233,2,3,5,10,12,6,0,0,0,1,0,1,0,0
"POINT (6.976541682000061 51.479080307000061)",Unfall 32282 (2021) Kat:3, Licht: 0,32282,3,4,6,12,13,3,0,0,0,1,1,0,0,0
"POINT (6.956391878000034 51.477479112000026)",Unfall 32320 (2021) Kat:2, Licht: 0,32320,2,7,0,6,12,4,0,0,0,0,1,0,0,1
"POINT (6.949161451000066 51.463586264000071)",Unfall 32347 (2021) Kat:3, Licht: 0,32347,3,7,0,9,14,1,0,0,0,0,0,0,0,1
"POINT (6.934708252000064 51.462571397000033)",Unfall 32375 (2021) Kat:3, Licht: 0,32375,3,1,0,9,18,3,0,0,0,0,0,1,0,0
"POINT (6.964708809000058 51.407155017000036)",Unfall 32387 (2021) Kat:3, Licht: 0,32387,3,6,8,3,15,1,0,0,0,1,0,1,0,0
"POINT (6.968706785000052 51.442284616000052)",Unfall 32407 (2021) Kat:3, Licht: 2,32407,3,3,5,11,21,3,0,2,0,1,0,0,0,0
"POINT (6.980187509000075 51.460672789000057)",Unfall 32422 (2021) Kat:3, Licht: 2,32422,3,2,5,1,23,5,1,2,0,1,0,0,0,0
"POINT (6.965668768000057 51.473116952000055)",Unfall 32437 (2021) Kat:3, Licht: 0,32437,3,6,2,10,10,7,1,0,0,1,0,0,0,0
"POINT (6.972327462000067 51.475144745000080)",Unfall 32441 (2021) Kat:3, Licht: 0,32441,3,2,5,5,13,3,1,0,0,1,0,0,0,0
"POINT (6.964059388000067 51.451981830000079)",Unfall 32473 (2021) Kat:2, Licht: 0,32473,2,6,2,6,12,6,0,0,0,1,0,0,0,0
"POINT (6.950994567000066 51.401013999000043)",Unfall 32492 (2021) Kat:3, Licht: 0,32492,3,2,1,10,9,5,0,0,0,1,0,0,0,0
"POINT (6.954380334000064 51.399605981000036)",Unfall 32496 (2021) Kat:3, Licht: 0,32496,3,6,0,5,10,3,0,0,0,1,0,0,0,0
"POINT (6.969134364000070 51.474174657000049)",Unfall 32515 (2021) Kat:3, Licht: 0,32515,3,2,5,7,17,5,1,0,0,1,0,0,0,0
"POINT (6.982139882000070 51.480629268000030)",Unfall 32572 (2021) Kat:3, Licht: 0,32572,3,1,9,9,10,7,0,0,0,0,0,1,0,0
"POINT (6.980018671000039 51.468090779000079)",Unfall 32609 (2021) Kat:3, Licht: 2,32609,3,2,6,10,7,4,0,2,0,1,1,0,0,0
"POINT (6.926355547000071 51.466923655000073)",Unfall 32640 (2021) Kat:3, Licht: 0,32640,3,1,0,9,15,6,0,0,0,1,0,0,0,0
"POINT (6.959074483000052 51.419977009000036)",Unfall 32659 (2021) Kat:3, Licht: 1,32659,3,3,5,10,7,4,0,1,0,1,0,0,0,0
"POINT (6.967351803000042 51.461207823000052)",Unfall 32681 (2021) Kat:3, Licht: 0,32681,3,4,6,9,14,6,0,0,0,1,1,0,0,0
"POINT (6.959005079000065 51.420003263000069)",Unfall 32707 (2021) Kat:3, Licht: 0,32707,3,6,2,2,13,1,0,0,0,1,0,0,0,0
"POINT (6.972544385000049 51.475213586000052)",Unfall 32720 (2021) Kat:3, Licht: 0,32720,3,3,5,12,15,4,0,0,1,1,0,0,0,0
"POINT (6.944651498000042 51.364409802000068)",Unfall 32723 (2021) Kat:2, Licht: 0,32723,2,5,6,9,13,6,1,0,0,1,1,0,0,0
"POINT (6.916382460000023 51.473445941000080)",Unfall 32734 (2021) Kat:3, Licht: 2,32734,3,2,5,2,18,7,1,2,0,1,0,0,0,0
"POINT (6.948764990000029 51.482935541000074)",Unfall 32746 (2021) Kat:3, Licht: 0,32746,3,7,0,7,12,6,0,0,1,0,0,0,0,0
"POINT (6.918112953000048 51.451848210000037)",Unfall 32751 (2021) Kat:3, Licht: 2,32751,3,7,2,12,17,1,0,2,0,1,0,0,0,0
"POINT (6.970662858000026 51.461510044000079)",Unfall 32791 (2021) Kat:3, Licht: 0,32791,3,5,1,4,17,3,0,0,0,1,0,0,0,0
"POINT (6.930457860000047 51.356309176000082)",Unfall 32824 (2021) Kat:2, Licht: 0,32824,2,2,3,6,13,6,0,0,1,1,0,0,0,0
"POINT (6.952725553000050 51.400683019000041)",Unfall 32844 (2021) Kat:3, Licht: 0,32844,3,6,2,3,8,7,1,0,0,1,0,0,0,1
"POINT (6.920737589000055 51.470722436000074)",Unfall 32846 (2021) Kat:3, Licht: 2,32846,3,7,0,4,23,6,0,2,1,0,0,0,0,0
"POINT (6.973880719000022 51.461580604000062)",Unfall 32852 (2021) Kat:3, Licht: 1,32852,3,2,4,11,16,7,1,1,0,1,0,0,0,0
"POINT (6.952101382000023 51.463146130000041)",Unfall 32878 (2021) Kat:3, Licht: 0,32878,3,1,0,5,13,6,0,0,0,0,0,0,0,1
"POINT (6.972323385000038 51.479099049000069)",Unfall 32888 (2021) Kat:3, Licht: 1,32888,3,7,3,5,4,2,0,1,0,1,0,0,0,1