WKT,Name,OBJECTID,UKATEGORIE,UTYP1,UART,UMONAT,USTUNDE,UWOCHENTAG,STRZUSTAND,ULICHTVERH,ISTRAD,ISTPKW,ISTFUSS,ISTKRAD,ISTGKFZ,ISTSONSTIG
"POINT (6.986405866000041 51.444969696000044)",Unfall 32895 (2021) Kat:3, Licht: 2,32895,3,6,0,2,18,3,0,2,0,1,0,0,0,0
"POINT (7.003074602000027 51.441185972000028)",Unfall 32915 (2021) Kat:3, Licht: 2,32915,3,1,0,12,2,7,0,2,0,0,0,0,0,1
"POINT (7.000249289000067 51.466293672000063)",Unfall 32918 (2021) Kat:3, Licht: 2,32918,3,2,5,12,21,4,0,2,0,1,0,0,0,0
"POINT (7.083384695000063 51.390377147000038)",Unfall 32920 (2021) Kat:3, Licht: 0,32920,3,4,0,3,15,4,0,0,0,1,1,0,0,0
"POINT (6.994015536000063 51.454724506000048)",Unfall 32924 (2021) Kat:3, Licht: 2,32924,3,1,0,6,1,1,0,2,0,1,0,0,0,0
"POINT (7.060904096000058 51.488049746000058)",Unfall 32944 (2021) Kat:2, Licht: 0,32944,2,2,5,3,13,5,0,0,0,1,0,0,0,0
"POINT (7.013487371000053 51.507762697000032)",Unfall 32949 (2021) Kat:3, Licht: 0,32949,3,3,5,4,17,3,0,0,0,1,0,0,0,0
"POINT (7.034095567000065 51.456138484000064)",Unfall 32965 (2021) Kat:3, Licht: 0,32965,3,6,2,10,9,3,1,0,0,1,0,0,0,0
"POINT (7.076046474000066 51.449887084000068)",Unfall 32969 (2021) Kat:3, Licht: 2,32969,3,3,5,12,19,2,1,2,0,1,0,0,0,0
"POINT (7.007501246000061 51.508833543000037)",Unfall 32978 (2021) Kat:2, Licht: 0,32978,2,3,5,5,9,6,0,0,0,1,0,0,0,0
"POINT (7.048925531000066 51.501168409000059)",Unfall 33005 (2021) Kat:3, Licht: 1,33005,3,4,6,12,7,5,0,1,0,1,1,0,0,0
"POINT (7.019385844000055 51.430747210000050)",Unfall 33017 (2021) Kat:3, Licht: 0,33017,3,6,2,11,15,3,0,0,0,1,0,0,0,0
"POINT (7.014952196000024 51.457899233000035)",Unfall 33018 (2021) Kat:3, Licht: 0,33018,3,6,2,7,15,3,0,0,0,1,0,0,0,0
"POINT (7.007224540000038 51.453272711000068)",Unfall 33020 (2021) Kat:3, Licht: 0,33020,3,5,1,3,15,7,0,0,0,1,0,0,1,0
"POINT (7.023121489000062 51.447803434000036)",Unfall 33042 (2021) Kat:3, Licht: 0,33042,3,6,3,9,18,5,0,0,0,1,0,0,0,0
"POINT (7.018285346000027 51.468823086000043)",Unfall 33052 (2021) Kat:3, Licht: 0,33052,3,3,5,5,17,7,1,0,1,1,0,0,0,0
"POINT (7.104852759000039 51.471978472000046)",Unfall 33056 (2021) Kat:3, Licht: 2,33056,3,1,9,10,21,4,1,2,0,1,0,0,0,0
"POINT (7.083187370000076 51.471799850000082)",Unfall 33060 (2021) Kat:3, Licht: 1,33060,3,6,2,12,15,4,1,1,0,1,0,0,0,1
"POINT (7.033786441000075 51.442595464000078)",Unfall 33067 (2021) Kat:3, Licht: 0,33067,3,6,3,9,14,4,1,0,0,1,0,0,0,0
"POINT (7.021517158000051 51.454383220000068)",Unfall 33082 (2021) Kat:3, Licht: 1,33082,3,1,6,1,7,6,1,1,0,1,1,0,0,0
"POINT (7.008264029000031 51.460094953000066)",Unfall 33085 (2021) Kat:3, Licht: 1,33085,3,1,0,4,19,4,1,1,0,1,0,0,0,0
"POINT (6.997078708000060 51.458813640000074)",Unfall 33090 (2021) Kat:3, Licht: 0,33090,3,3,5,9,7,1,0,0,0,1,0,0,0,0
"POINT (7.017379446000064 51.461285173000078)",Unfall 33109 (2021) Kat:3, Licht: 0,33109,3,7,6,5,18,3,1,0,1,0,1,0,0,0
"POINT (7.085046561000070 51.390912497000045)",Unfall 33123 (2021) Kat:3, Licht: 0,33123,3,2,6,11,14,3,1,0,0,1,1,0,0,0
"POINT (7.036963948000050 51.440013088000057)",Unfall 33129 (2021) Kat:3, Licht: 1,33129,3,6,2,11,6,3,0,1,0,1,0,0,0,0
"POINT (7.042101504000073 51.481380108000053)",Unfall 33130 (2021) Kat:3, Licht: 0,33130,3,3,3,1,14,3,1,0,1,1,0,0,0,0
"POINT (6.985994654000024 51.450498496000080)",Unfall 33139 (2021) Kat:3, Licht: 0,33139,3,1,0,10,17,1,0,0,1,0,0,0,0,0
"POINT (6.990141734000076 51.445267512000044)",Unfall 33142 (2021) Kat:2, Licht: 2,33142,2,3,5,1,17,4,0,2,0,1,0,0,0,0
"POINT (7.012966235000022 51.450024866000035)",Unfall 33150 (2021) Kat:3, Licht: 2,33150,3,3,5,1,21,7,0,2,0,1,0,0,0,0
"POINT (7.109041927000021 51.442770981000081)",Unfall 33194 (2021) Kat:3, Licht: 0,33194,3,7,4,1,15,6,1,0,0,1,0,0,0,0
"POINT (7.081808684000066 51.482569243000057)",Unfall 33196 (2021) Kat:3, Licht: 2,33196,3,3,0,10,6,1,1,2,1,1,0,0,0,0
"POINT (7.057726052000021 51.458327966000070)",Unfall 33198 (2021) Kat:3, Licht: 0,33198,3,6,2,4,8,3,0,0,0,1,0,0,0,0
"POINT (7.019634839000048 51.447888747000036)",Unfall 33216 (2021) Kat:3, Licht: 0,33216,3,6,2,6,10,7,0,0,0,1,0,0,0,1
"POINT (6.984901145000038 51.465963281000029)",Unfall 33238 (2021) Kat:3, Licht: 0,33238,3,7,3,9,18,4,0,0,1,0,0,0,0,0
"POINT (7.045770371000060 51.436111904000029)",Unfall 33239 (2021) Kat:3, Licht: 2,33239,3,1,2,11,17,5,0,2,0,1,0,0,0,0
"POINT (7.026883214000065 51.470790323000074)",Unfall 33243 (2021) Kat:3, Licht: 0,33243,3,1,0,6,19,4,0,0,1,0,0,0,0,0
"POINT (6.993630394000036 51.472444862000032)",Unfall 33266 (2021) Kat:3, Licht: 0,33266,3,6,2,10,12,3,0,0,0,1,0,0,0,1
"POINT (7.037700929000039 51.478010680000068)",Unfall 33269 (2021) Kat:3, Licht: 2,33269,3,2,5,1,21,2,0,2,0,1,0,0,0,0
"POINT (6.999045321000040 51.423245250000036)",Unfall 33270 (2021) Kat:3, Licht: 2,33270,3,6,2,11,17,4,1,2,0,1,0,0,0,0
"POINT (7.075990748000038 51.399520520000067)",Unfall 33273 (2021) Kat:3, Licht: 0,33273,3,3,5,10,12,1,0,0,1,1,0,0,0,0
"POINT (7.009456284000066 51.476894517000062)",Unfall 33283 (2021) Kat:2, Licht: 2,33283,2,7,8,1,1,3,1,2,0,1,0,0,0,0
"POINT (6.998643995000066 51.487554437000028)",Unfall 33285 (2021) Kat:3, Licht: 2,33285,3,7,9,1,19,1,1,2,0,1,0,0,0,0
"POINT (7.016882657000053 51.370131723000043)",Unfall 33291 (2021) Kat:2, Licht: 0,33291,2,6,5,4,18,5,0,0,0,1,0,1,0,0
"POINT (7.078739360000043 51.462431631000072)",Unfall 33297 (2021) Kat:3, Licht: 2,33297,3,3,5,1,19,7,1,2,0,1,0,0,0,0
"POINT (7.016371721000041 51.428369765000070)",Unfall 33310 (2021) Kat:3, Licht: 0,33310,3,1,0,6,18,7,0,0,1,0,0,0,0,0
"POINT (7.074931348000064 51.450188294000043)",Unfall 33311 (2021) Kat:3, Licht: 1,33311,3,2,4,11,17,1,0,1,0,1,0,0,0,0
"POINT (7.008181829000023 51.449561189000065)",Unfall 33319 (2021) Kat:3, Licht: 2,33319,3,1,8,9,21,6,0,2,0,1,0,0,0,0
"POINT (7.031321135000042 51.460518808000074)",Unfall 33342 (2021) Kat:3, Licht: 0,33342,3,2,5,6,12,3,0,0,0,1,0,0,0,0
"POINT (7.007072740000069 51.454056142000070)",Unfall 33358 (2021) Kat:3, Licht: 0,33358,3,7,0,9,17,5,0,0,1,0,0,0,0,0
"POINT (6.995094881000057 51.504986574000043)",Unfall 33367 (2021) Kat:3, Licht: 0,33367,3,7,2,6,15,6,0,0,0,1,0,0,0,0
"POINT (7.034672930000056 51.482077996000044)",Unfall 33368 (2021) Kat:3, Licht: 0,33368,3,7,0,6,7,2,0,0,1,1,0,0,0,0
"POINT (7.077231483000048 51.453377349000050)",Unfall 33373 (2021) Kat:3, Licht: 2,33373,3,7,8,1,22,3,1,2,0,1,0,0,0,0
"POINT (6.984378289000063 51.489441434000071)",Unfall 33378 (2021) Kat:1, Licht: 0,33378,1,2,6,7,15,4,0,0,0,0,1,0,1,0
"POINT (7.018484877000049 51.449258235000059)",Unfall 33389 (2021) Kat:2, Licht: 2,33389,2,7,9,3,0,4,0,2,0,1,0,0,0,0
"POINT (7.001280590000022 51.465042310000058)",Unfall 33415 (2021) Kat:3, Licht: 2,33415,3,2,5,10,20,5,0,2,0,1,0,0,0,0
"POINT (7.045339937000051 51.426583549000043)",Unfall 33431 (2021) Kat:3, Licht: 0,33431,3,7,0,12,14,4,1,0,0,0,1,0,0,1
"POINT (7.023433259000058 51.419832954000071)",Unfall 33433 (2021) Kat:2, Licht: 0,33433,2,3,5,2,11,7,2,0,0,1,0,0,0,1
"POINT (7.013734442000043 51.433314683000049)",Unfall 33442 (2021) Kat:3, Licht: 0,33442,3,4,5,9,13,1,0,0,1,0,1,0,0,0
"POINT (7.105777391000061 51.477271884000061)",Unfall 33445 (2021) Kat:2, Licht: 0,33445,2,3,5,10,7,4,0,0,0,1,0,0,1,0
"POINT (7.000446414000066 51.444604612000035)",Unfall 33448 (2021) Kat:3, Licht: 0,33448,3,6,2,9,13,6,0,0,0,1,0,0,0,0
"POINT (7.048859034000031 51.446531043000050)",Unfall 33456 (2021) Kat:3, Licht: 0,33456,3,2,0,9,14,5,0,0,0,0,1,0,0,1
"POINT (7.033744020000029 51.442615933000070)",Unfall 33458 (2021) Kat:3, Licht: 0,33458,3,3,5,4,12,1,1,0,0,1,0,0,0,0
"POINT (7.038150062000057 51.448196949000078)",Unfall 33460 (2021) Kat:3, Licht: 0,33460,3,6,2,11,15,7,0,0,0,1,0,0,0,0
"POINT (7.028917326000055 51.451847073000067)",Unfall 33470 (2021) Kat:3, Licht: 0,33470,3,3,5,7,14,5,1,0,1,1,0,0,0,0
"POINT (7.022306545000049 51.443529357000045)",Unfall 33471 (2021) Kat:3, Licht: 0,33471,3,6,3,9,11,5,0,0,0,1,0,0,0,0
"POINT (7.009370507000028 51.485646568000050)",Unfall 33474 (2021) Kat:3, Licht: 1,33474,3,5,0,11,16,3,1,1,1,1,0,0,0,0
"POINT (7.016544568000029 51.424180244000070)",Unfall 33482 (2021) Kat:3, Licht: 0,33482,3,7,0,12,8,6,2,0,1,0,0,0,0,0
"POINT (7.012885961000052 51.450011169000049)",Unfall 33483 (2021) Kat:3, Licht: 0,33483,3,1,0,11,9,7,1,0,0,0,0,1,0,0
"POINT (7.069649641000069 51.443373731000065)",Unfall 33492 (2021) Kat:3, Licht: 1,33492,3,6,0,6,19,3,0,1,0,1,0,0,0,0
"POINT (7.047802905000026 51.459163621000073)",Unfall 33497 (2021) Kat:3, Licht: 0,33497,3,3,5,1,14,7,0,0,0,1,0,0,0,0
"POINT (6.992418815000065 51.411709378000069)",Unfall 33498 (2021) Kat:3, Licht: 0,33498,3,1,0,9,18,5,1,0,0,0,0,1,0,0
"POINT (7.012900513000034 51.450012699000069)",Unfall 33502 (2021) Kat:3, Licht: 0,33502,3,7,0,9,14,2,0,0,0,1,0,0,0,1
"POINT (7.007488762000037 51.519208210000045)",Unfall 33512 (2021) Kat:3, Licht: 0,33512,3,3,5,9,8,2,0,0,0,1,0,0,0,0
"POINT (7.001555831000076 51.449468482000043)",Unfall 33514 (2021) Kat:1, Licht: 0,33514,1,3,3,9,11,4,0,0,1,0,0,0,1,0
"POINT (7.036584357000038 51.440188900000066)",Unfall 33521 (2021) Kat:3, Licht: 0,33521,3,7,2,11,9,1,0,0,0,1,0,1,0,0
"POINT (6.985240324000074 51.449894023000070)",Unfall 33530 (2021) Kat:2, Licht: 0,33530,2,6,4,6,15,4,1,0,0,1,0,0,0,0
"POINT (7.010686851000060 51.480952991000038)",Unfall 33538 (2021) Kat:3, Licht: 0,33538,3,6,3,6,14,6,0,0,0,1,0,0,0,0
"POINT (7.064758831000063 51.447727374000067)",Unfall 33542 (2021) Kat:3, Licht: 2,33542,3,3,5,1,7,7,1,2,0,1,0,0,0,0
"POINT (7.003071399000021 51.388415803000044)",Unfall 33551 (2021) Kat:2, Licht: 0,33551,2,1,0,6,8,2,0,0,0,0,0,0,0,1
"POINT (7.001277969000057 51.451167004000069)",Unfall 33554 (2021) Kat:3, Licht: 0,33554,3,2,5,7,18,2,0,0,0,1,0,0,0,0
"POINT (6.995394404000024 51.440327669000055)",Unfall 33560 (2021) Kat:3, Licht: 0,33560,3,7,0,12,10,3,0,0,0,0,1,1,0,0
"POINT (7.085923220000041 51.467369211000062)",Unfall 33565 (2021) Kat:3, Licht: 0,33565,3,2,5,12,8,3,0,0,0,1,0,0,0,0
"POINT (7.030030615000044 51.451280997000026)",Unfall 33574 (2021) Kat:3, Licht: 0,33574,3,5,1,10,9,6,0,0,0,1,0,0,0,1
"POINT (7.006321947000060 51.448823610000034)",Unfall 33586 (2021) Kat:2, Licht: 2,33586,2,1,8,11,20,1,1,2,0,1,0,0,0,0
"POINT (7.007312799000033 51.452027602000044)",Unfall 33613 (2021) Kat:2, Licht: 0,33613,2,6,6,6,16,6,0,0,0,1,1,0,0,0
"POINT (7.041741439000020 51.473711998000056)",Unfall 33622 (2021) Kat:3, Licht: 0,33622,3,6,1,6,11,4,0,0,0,1,0,0,0,0
"POINT (7.013160291000077 51.443595500000072)",Unfall 33623 (2021) Kat:3, Licht: 0,33623,3,3,5,9,8,7,0,0,0,0,0,0,0,1
"POINT (7.047421702000065 51.457325212000057)",Unfall 33636 (2021) Kat:3, Licht: 0,33636,3,6,3,11,13,1,0,0,0,1,0,0,0,0
"POINT (7.047561092000024 51.427244198000039)",Unfall 33653 (2021) Kat:3, Licht: 0,33653,3,1,0,6,17,6,1,0,0,0,0,1,0,1
"POINT (6.992735404000030 51.509997748000046)",Unfall 33654 (2021) Kat:3, Licht: 0,33654,3,6,0,9,16,5,0,0,0,1,0,0,0,0
"POINT (7.038824202000058 51.377692126000056)",Unfall 33657 (2021) Kat:3, Licht: 0,33657,3,2,5,2,14,1,0,0,0,1,0,1,0,0
"POINT (7.055901197000026 51.432576032000043)",Unfall 33662 (2021) Kat:2, Licht: 0,33662,2,3,5,5,11,6,0,0,1,1,0,0,0,0
"POINT (7.028235380000069 51.422088551000058)",Unfall 33665 (2021) Kat:2, Licht: 0,33665,2,3,5,9,13,7,0,0,0,1,0,1,0,0
"POINT (7.009253575000059 51.485171150000042)",Unfall 33669 (2021) Kat:2, Licht: 2,33669,2,6,3,9,20,5,0,2,0,1,0,1,0,0
"POINT (7.001877790000037 51.387626423000029)",Unfall 33671 (2021) Kat:3, Licht: 0,33671,3,4,6,5,14,4,1,0,0,1,1,0,0,0
"POINT (7.004809537000028 51.445869228000049)",Unfall 33680 (2021) Kat:3, Licht: 0,33680,3,6,2,4,17,5,0,0,0,1,0,0,0,0
"POINT (7.002649628000029 51.493912039000065)",Unfall 33681 (2021) Kat:3, Licht: 0,33681,3,1,0,2,15,2,2,0,0,0,0,1,0,0
"POINT (7.024744651000049 51.458284908000053)",Unfall 33697 (2021) Kat:3, Licht: 2,33697,3,1,8,3,19,6,0,2,1,0,0,0,0,0
"POINT (7.007364345000042 51.452554056000054)",Unfall 33709 (2021) Kat:2, Licht: 0,33709,2,3,5,12,9,4,0,0,0,1,0,0,0,1
"POINT (7.001596292000045 51.481729891000043)",Unfall 33710 (2021) Kat:3, Licht: 0,33710,3,2,5,6,19,3,0,0,0,1,0,1,0,0
"POINT (7.083707084000025 51.388351034000038)",Unfall 33712 (2021) Kat:3, Licht: 2,33712,3,4,6,12,17,5,0,2,0,0,1,1,0,0
"POINT (7.037190275000057 51.447507098000074)",Unfall 33717 (2021) Kat:3, Licht: 0,33717,3,6,3,11,11,6,0,0,0,1,0,0,1,0
"POINT (7.081481724000071 51.468747918000076)",Unfall 33723 (2021) Kat:2, Licht: 0,33723,2,4,6,7,17,6,0,0,0,1,1,0,0,0
"POINT (7.014723579000076 51.460655141000075)",Unfall 33742 (2021) Kat:3, Licht: 0,33742,3,7,0,9,15,7,0,0,0,0,0,0,0,1
"POINT (7.003508713000031 51.438885912000046)",Unfall 33745 (2021) Kat:3, Licht: 0,33745,3,6,3,3,17,7,0,0,0,1,0,1,0,0
"POINT (7.000199049000059 51.483375964000061)",Unfall 33748 (2021) Kat:3, Licht: 0,33748,3,6,1,3,16,3,0,0,0,1,0,0,1,0
"POINT (7.052799788000073 51.491484465000042)",Unfall 33756 (2021) Kat:3, Licht: 0,33756,3,6,2,12,7,4,1,0,0,1,0,0,0,0
"POINT (7.068284737000056 51.443015283000079)",Unfall 33762 (2021) Kat:3, Licht: 0,33762,3,7,0,9,12,1,0,0,1,0,0,0,0,0
"POINT (7.055724087000044 51.428521505000049)",Unfall 33764 (2021) Kat:3, Licht: 2,33764,3,4,6,11,7,5,1,2,0,1,1,0,0,0
"POINT (6.985126195000021 51.449802841000064)",Unfall 33766 (2021) Kat:3, Licht: 0,33766,3,1,0,11,7,6,1,0,0,0,0,1,0,0
"POINT (7.029860341000074 51.451152485000080)",Unfall 33768 (2021) Kat:2, Licht: 0,33768,2,2,0,5,20,2,0,0,0,0,0,1,0,0
"POINT (7.026571145000048 51.415114943000049)",Unfall 33771 (2021) Kat:3, Licht: 0,33771,3,6,2,3,9,2,0,0,0,1,0,0,0,0
"POINT (7.008821694000062 51.483367222000027)",Unfall 33772 (2021) Kat:3, Licht: 2,33772,3,6,2,1,20,7,0,2,0,1,0,0,0,0
"POINT (7.076905514000032 51.459688116000052)",Unfall 33799 (2021) Kat:3, Licht: 0,33799,3,2,5,6,11,6,0,0,0,1,0,1,0,0
"POINT (7.002121479000039 51.434357002000070)",Unfall 33810 (2021) Kat:3, Licht: 0,33810,3,2,6,12,9,5,1,0,0,1,1,0,0,0
"POINT (7.085115930000029 51.468463412000062)",Unfall 33812 (2021) Kat:3, Licht: 2,33812,3,6,2,10,19,2,0,2,0,1,0,0,0,0
"POINT (7.049250798000060 51.503087034000032)",Unfall 33835 (2021) Kat:3, Licht: 0,33835,3,2,6,4,19,3,0,0,0,1,1,0,0,0
"POINT (7.016190685000026 51.455710259000057)",Unfall 33837 (2021) Kat:3, Licht: 0,33837,3,6,3,6,18,4,0,0,0,1,0,0,0,0
"POINT (7.014811418000022 51.459245561000046)",Unfall 33848 (2021) Kat:2, Licht: 2,33848,2,4,6,9,23,1,0,2,0,1,1,0,0,0
"POINT (7.007163141000035 51.476572197000053)",Unfall 33850 (2021) Kat:3, Licht: 0,33850,3,6,2,4,8,2,1,0,0,1,0,0,0,0
"POINT (7.003045593000024 51.447362713000075)",Unfall 33851 (2021) Kat:3, Licht: 0,33851,3,3,5,7,16,7,0,0,0,1,0,0,0,0
"POINT (7.001596292000045 51.481729891000043)",Unfall 33853 (2021) Kat:3, Licht: 0,33853,3,3,4,12,9,1,1,0,0,1,0,0,0,0
"POINT (7.044834098000024 51.468142332000070)",Unfall 33871 (2021) Kat:3, Licht: 2,33871,3,3,5,1,18,3,1,2,0,1,0,0,0,0
"POINT (7.031942741000023 51.444129805000046)",Unfall 33872 (2021) Kat:3, Licht: 2,33872,3,7,3,11,17,7,0,2,0,1,0,0,0,0
"POINT (7.018337358000053 51.469860045000075)",Unfall 33883 (2021) Kat:3, Licht: 0,33883,3,7,2,9,9,4,1,0,0,1,0,0,0,0
"POINT (7.002887665000060 51.387944260000040)",Unfall 33887 (2021) Kat:3, Licht: 0,33887,3,6,2,3,15,2,0,0,0,1,0,0,0,0
"POINT (7.110977571000035 51.451626380000050)",Unfall 33892 (2021) Kat:2, Licht: 0,33892,2,7,8,5,15,2,0,0,0,1,0,0,0,0
"POINT (7.038970190000043 51.448082930000055)",Unfall 33902 (2021) Kat:2, Licht: 0,33902,2,6,2,12,13,3,0,0,0,1,0,0,0,0
"POINT (7.001288091000049 51.465045980000070)",Unfall 33908 (2021) Kat:3, Licht: 2,33908,3,2,2,10,6,2,1,2,0,1,0,1,0,0
"POINT (7.017962566000051 51.442424726000070)",Unfall 33938 (2021) Kat:2, Licht: 2,33938,2,1,9,10,2,3,1,2,0,1,0,0,0,0
"POINT (6.998609022000039 51.464222227000050)",Unfall 33955 (2021) Kat:2, Licht: 0,33955,2,7,0,9,17,5,0,0,1,0,0,0,0,0
"POINT (7.077945946000057 51.449289437000061)",Unfall 33958 (2021) Kat:3, Licht: 0,33958,3,6,2,11,12,6,0,0,0,1,0,0,0,0
"POINT (7.043829302000063 51.502956462000043)",Unfall 33965 (2021) Kat:3, Licht: 0,33965,3,1,0,9,7,4,1,0,0,1,0,1,0,0
"POINT (7.012966309000035 51.450024882000037)",Unfall 33977 (2021) Kat:3, Licht: 0,33977,3,4,6,7,12,3,0,0,0,1,1,0,0,0
"POINT (7.047648810000055 51.511674123000034)",Unfall 33990 (2021) Kat:3, Licht: 2,33990,3,6,4,11,6,2,1,2,0,1,0,0,0,0
"POINT (7.076584222000065 51.443356893000043)",Unfall 33995 (2021) Kat:3, Licht: 0,33995,3,6,2,1,11,2,0,0,0,1,0,0,0,0
"POINT (7.054910300000074 51.496231928000043)",Unfall 33998 (2021) Kat:3, Licht: 0,33998,3,1,1,9,13,3,0,0,0,1,0,0,0,0
"POINT (7.028932749000035 51.445832783000071)",Unfall 34001 (2021) Kat:3, Licht: 0,34001,3,6,1,3,13,5,0,0,0,1,0,0,0,0
"POINT (7.021481998000070 51.454398734000051)",Unfall 34002 (2021) Kat:2, Licht: 0,34002,2,7,6,6,14,5,0,0,0,1,1,0,0,0
"POINT (7.007752265000022 51.468229504000078)",Unfall 34004 (2021) Kat:3, Licht: 2,34004,3,3,5,4,1,3,2,2,0,1,0,0,0,0
"POINT (7.002134305000027 51.434398662000035)",Unfall 34006 (2021) Kat:3, Licht: 2,34006,3,3,5,11,20,1,1,2,0,1,0,0,0,0
"POINT (7.036201653000035 51.440334311000072)",Unfall 34014 (2021) Kat:2, Licht: 0,34014,2,6,2,2,13,3,1,0,0,1,0,0,0,0
"POINT (7.094294262000062 51.449135197000032)",Unfall 34022 (2021) Kat:3, Licht: 2,34022,3,2,6,11,16,3,1,2,0,1,1,0,0,0
"POINT (7.032738049000045 51.459162536000065)",Unfall 34030 (2021) Kat:2, Licht: 2,34030,2,2,6,12,17,7,0,2,0,1,1,0,0,0
"POINT (7.015718348000064 51.450583339000048)",Unfall 34033 (2021) Kat:3, Licht: 0,34033,3,7,0,9,13,2,0,0,0,1,0,0,0,1
"POINT (7.011270094000054 51.461427020000031)",Unfall 34034 (2021) Kat:3, Licht: 0,34034,3,3,5,4,16,3,1,0,0,1,0,0,0,1
"POINT (7.069301363000022 51.425601939000046)",Unfall 34039 (2021) Kat:3, Licht: 0,34039,3,3,5,11,10,5,1,0,0,1,0,0,0,0
"POINT (7.003340478000041 51.478963648000047)",Unfall 34047 (2021) Kat:3, Licht: 0,34047,3,2,0,4,14,3,1,0,0,1,1,0,0,0
"POINT (7.084115559000054 51.395120277000046)",Unfall 34052 (2021) Kat:3, Licht: 0,34052,3,3,5,6,10,7,0,0,0,1,0,0,0,0
"POINT (6.993932362000066 51.472477620000063)",Unfall 34055 (2021) Kat:2, Licht: 0,34055,2,3,5,6,10,6,0,0,0,1,0,0,0,1
"POINT (7.080396769000060 51.465788728000064)",Unfall 34062 (2021) Kat:3, Licht: 0,34062,3,7,6,9,13,2,0,0,0,1,1,0,0,0
"POINT (7.009626442000069 51.388371945000074)",Unfall 34071 (2021) Kat:3, Licht: 0,34071,3,2,0,10,16,1,0,0,1,1,0,0,0,0
"POINT (7.013867928000025 51.508217047000073)",Unfall 34077 (2021) Kat:3, Licht: 1,34077,3,1,9,12,16,6,1,1,0,1,0,0,0,0
"POINT (7.093045194000069 51.463555338000049)",Unfall 34081 (2021) Kat:2, Licht: 0,34081,2,2,4,2,8,4,0,0,0,1,0,0,0,0
"POINT (7.022306545000049 51.443529357000045)",Unfall 34105 (2021) Kat:2, Licht: 0,34105,2,1,0,9,9,7,0,0,1,0,0,0,0,0
"POINT (7.009340092000059 51.487150865000046)",Unfall 34108 (2021) Kat:3, Licht: 0,34108,3,3,0,5,18,5,0,0,1,1,0,0,0,0
"POINT (7.059643727000037 51.462082273000078)",Unfall 34112 (2021) Kat:3, Licht: 0,34112,3,6,2,5,15,6,0,0,0,1,0,0,0,0
"POINT (7.079671111000039 51.392739192000079)",Unfall 34122 (2021) Kat:3, Licht: 0,34122,3,2,3,6,14,5,0,0,1,1,0,0,0,0
"POINT (7.020675020000056 51.446720287000062)",Unfall 34143 (2021) Kat:3, Licht: 2,34143,3,3,5,11,22,3,0,2,0,1,0,1,0,0
"POINT (7.007330939000042 51.518343978000075)",Unfall 34145 (2021) Kat:3, Licht: 0,34145,3,7,0,11,11,7,1,0,0,1,0,0,0,0
"POINT (7.008154879000074 51.495003782000026)",Unfall 34163 (2021) Kat:3, Licht: 0,34163,3,3,5,3,15,6,0,0,1,1,0,0,0,0
"POINT (7.070059196000045 51.449770738000041)",Unfall 34183 (2021) Kat:3, Licht: 0,34183,3,3,5,6,16,3,0,0,1,1,0,0,0,0
"POINT (6.990859006000051 51.422696504000044)",Unfall 34189 (2021) Kat:3, Licht: 0,34189,3,1,0,9,16,5,0,0,1,0,0,0,0,0
"POINT (7.033082730000046 51.449931772000070)",Unfall 34190 (2021) Kat:3, Licht: 0,34190,3,4,6,3,15,3,0,0,0,1,1,0,0,0
"POINT (7.050550391000058 51.490380640000069)",Unfall 34191 (2021) Kat:3, Licht: 0,34191,3,2,5,9,8,5,0,0,0,1,0,0,0,0
"POINT (7.020667820000028 51.446717253000031)",Unfall 34199 (2021) Kat:3, Licht: 0,34199,3,3,5,9,12,5,0,0,0,1,0,0,0,1
"POINT (7.002139614000043 51.434415903000058)",Unfall 34203 (2021) Kat:3, Licht: 2,34203,3,2,5,9,21,1,0,2,0,1,0,0,0,0
"POINT (6.996658080000032 51.423278230000051)",Unfall 34209 (2021) Kat:3, Licht: 2,34209,3,6,2,11,21,6,1,2,0,1,0,0,1,0
"POINT (7.078269783000053 51.459549676000051)",Unfall 34214 (2021) Kat:2, Licht: 0,34214,2,2,4,9,15,6,0,0,0,1,0,0,0,0
"POINT (7.049533575000055 51.508561641000028)",Unfall 34225 (2021) Kat:2, Licht: 0,34225,2,7,9,3,11,7,0,0,0,1,0,0,0,0
"POINT (7.015477129000033 51.388693507000028)",Unfall 34227 (2021) Kat:3, Licht: 1,34227,3,2,0,11,6,4,1,1,0,1,1,0,0,0
"POINT (7.064807723000058 51.404754847000049)",Unfall 34232 (2021) Kat:3, Licht: 0,34232,3,7,0,1,13,7,0,0,0,1,0,0,0,0
"POINT (7.014250637000032 51.508102173000054)",Unfall 34238 (2021) Kat:2, Licht: 2,34238,2,1,8,11,20,4,0,2,0,0,0,1,0,0
"POINT (7.003045063000059 51.447449482000081)",Unfall 34241 (2021) Kat:3, Licht: 0,34241,3,1,2,7,10,3,1,0,0,1,0,0,0,1
"POINT (7.001268979000031 51.465113216000077)",Unfall 34244 (2021) Kat:3, Licht: 0,34244,3,6,2,4,13,6,0,0,0,1,0,0,0,1
"POINT (7.041376637000042 51.481035533000068)",Unfall 34251 (2021) Kat:3, Licht: 1,34251,3,7,0,4,20,5,0,1,0,0,0,0,0,1
"POINT (7.023126350000041 51.447805927000047)",Unfall 34262 (2021) Kat:3, Licht: 0,34262,3,6,3,9,13,6,0,0,1,1,0,0,0,0
"POINT (7.010214225000027 51.498055375000035)",Unfall 34265 (2021) Kat:3, Licht: 0,34265,3,6,3,10,8,5,1,0,0,1,0,0,1,0