WKT,Name,OBJECTID,UKATEGORIE,UTYP1,UART,UMONAT,USTUNDE,UWOCHENTAG,STRZUSTAND,ULICHTVERH,ISTRAD,ISTPKW,ISTFUSS,ISTKRAD,ISTGKFZ,ISTSONSTIG
"POINT (7.000618690000067 51.452082667000070)",Unfall 34277 (2021) Kat:3, Licht: 0,34277,3,1,3,6,13,3,0,0,0,1,0,0,1,0
"POINT (7.038870134000035 51.478865003000067)",Unfall 34289 (2021) Kat:3, Licht: 0,34289,3,3,3,6,16,5,0,0,0,0,0,1,0,1
"POINT (7.055301047000057 51.430735401000049)",Unfall 34296 (2021) Kat:3, Licht: 0,34296,3,6,1,5,12,2,1,0,0,1,0,0,0,0
"POINT (7.012722903000054 51.477366043000075)",Unfall 34311 (2021) Kat:3, Licht: 0,34311,3,6,0,5,12,4,0,0,0,1,0,0,0,0
"POINT (7.078733170000021 51.462419978000071)",Unfall 34316 (2021) Kat:3, Licht: 2,34316,3,2,6,1,7,3,1,2,0,1,1,0,0,0
"POINT (7.093280762000063 51.468698471000039)",Unfall 34319 (2021) Kat:3, Licht: 0,34319,3,1,9,11,8,6,1,0,0,1,0,0,0,0
"POINT (7.053821304000053 51.445705983000039)",Unfall 34335 (2021) Kat:3, Licht: 0,34335,3,5,3,10,14,2,0,0,0,1,0,0,0,0
"POINT (6.996461649000025 51.480592871000056)",Unfall 34349 (2021) Kat:3, Licht: 0,34349,3,7,0,9,18,3,0,0,1,0,0,0,0,0
"POINT (7.088060881000047 51.462363795000044)",Unfall 34353 (2021) Kat:3, Licht: 2,34353,3,6,3,6,22,3,1,2,0,1,0,0,0,0
"POINT (6.987747931000058 51.436894177000056)",Unfall 34358 (2021) Kat:3, Licht: 2,34358,3,2,0,11,5,6,0,2,0,1,1,0,0,0
"POINT (7.047146203000068 51.459372113000029)",Unfall 34360 (2021) Kat:3, Licht: 0,34360,3,6,3,6,7,2,0,0,0,1,0,0,1,0
"POINT (7.030657528000063 51.460950520000040)",Unfall 34362 (2021) Kat:3, Licht: 1,34362,3,6,2,9,20,6,0,1,0,1,0,1,0,0
"POINT (7.022617015000037 51.436926946000028)",Unfall 34364 (2021) Kat:3, Licht: 0,34364,3,3,5,9,14,1,0,0,0,1,0,0,0,1
"POINT (7.069251995000059 51.471103755000058)",Unfall 34371 (2021) Kat:3, Licht: 2,34371,3,7,6,10,5,1,0,2,1,0,1,0,1,0
"POINT (7.006799757000067 51.515222989000051)",Unfall 34378 (2021) Kat:3, Licht: 0,34378,3,1,0,11,9,6,1,0,0,0,0,1,0,0
"POINT (7.000505833000034 51.385205831000064)",Unfall 34381 (2021) Kat:2, Licht: 0,34381,2,3,1,11,15,4,0,0,1,1,0,1,0,0
"POINT (7.077412428000059 51.464804591000075)",Unfall 34393 (2021) Kat:3, Licht: 0,34393,3,6,1,4,11,3,0,0,0,1,0,0,0,0
"POINT (7.080885868000053 51.465017113000044)",Unfall 34396 (2021) Kat:3, Licht: 2,34396,3,1,9,10,20,4,1,2,0,1,0,0,0,0
"POINT (6.996550195000054 51.495041781000054)",Unfall 34402 (2021) Kat:3, Licht: 0,34402,3,6,1,9,16,4,1,0,0,1,0,0,1,0
"POINT (7.046781847000034 51.493072926000082)",Unfall 34414 (2021) Kat:3, Licht: 2,34414,3,6,2,2,19,7,1,2,0,1,0,0,0,0
"POINT (7.030788348000044 51.443646493000074)",Unfall 34416 (2021) Kat:2, Licht: 0,34416,2,3,6,11,10,3,1,0,0,1,1,0,0,0
"POINT (7.006894733000024 51.446743222000066)",Unfall 34432 (2021) Kat:3, Licht: 0,34432,3,2,5,10,16,2,0,0,0,1,0,0,0,0
"POINT (7.001392528000054 51.431754238000053)",Unfall 34435 (2021) Kat:3, Licht: 0,34435,3,7,2,5,11,4,1,0,0,1,0,0,0,0
"POINT (6.994800302000044 51.395753512000056)",Unfall 34441 (2021) Kat:3, Licht: 2,34441,3,1,8,11,6,7,1,2,0,1,0,0,0,0
"POINT (7.099993377000033 51.472053764000066)",Unfall 34445 (2021) Kat:3, Licht: 2,34445,3,1,9,12,22,6,1,2,0,1,0,0,0,0
"POINT (7.080314144000056 51.465446256000064)",Unfall 34449 (2021) Kat:3, Licht: 0,34449,3,1,2,11,13,2,0,0,0,1,0,0,0,0
"POINT (7.045815371000060 51.456237761000068)",Unfall 34453 (2021) Kat:3, Licht: 2,34453,3,6,2,11,20,2,0,2,0,1,0,0,0,0
"POINT (7.017530312000076 51.471323010000049)",Unfall 34463 (2021) Kat:3, Licht: 0,34463,3,3,5,3,15,5,1,0,1,1,0,0,0,0
"POINT (6.993662429000040 51.479983732000051)",Unfall 34479 (2021) Kat:3, Licht: 0,34479,3,2,0,6,20,5,0,0,0,1,0,1,0,0
"POINT (7.033455806000063 51.442749373000026)",Unfall 34480 (2021) Kat:3, Licht: 0,34480,3,7,0,7,8,2,0,0,0,0,0,0,0,1
"POINT (7.028621784000052 51.422676194000076)",Unfall 34491 (2021) Kat:3, Licht: 0,34491,3,5,3,9,14,1,0,0,1,1,0,0,0,0
"POINT (7.021494037000025 51.454393421000077)",Unfall 34492 (2021) Kat:2, Licht: 0,34492,2,4,6,4,10,4,0,0,0,0,1,0,0,1
"POINT (7.084971247000055 51.465409010000030)",Unfall 34499 (2021) Kat:3, Licht: 2,34499,3,1,8,9,21,5,1,2,0,1,0,0,0,0
"POINT (6.997402112000032 51.441718891000050)",Unfall 34503 (2021) Kat:3, Licht: 0,34503,3,2,4,11,8,6,0,0,0,1,0,1,0,0
"POINT (7.117983520000053 51.416317975000027)",Unfall 34505 (2021) Kat:2, Licht: 0,34505,2,1,7,7,11,5,1,0,0,1,0,0,0,0
"POINT (7.090088924000042 51.444715769000027)",Unfall 34508 (2021) Kat:3, Licht: 0,34508,3,6,2,4,15,7,0,0,0,1,0,0,0,0
"POINT (7.032489405000035 51.460955476000038)",Unfall 34520 (2021) Kat:3, Licht: 0,34520,3,6,2,9,14,5,0,0,0,1,0,1,0,0
"POINT (7.007523825000021 51.443695167000044)",Unfall 34535 (2021) Kat:3, Licht: 0,34535,3,6,2,4,10,6,0,0,0,1,0,0,0,0
"POINT (6.995231283000066 51.446070073000044)",Unfall 34542 (2021) Kat:3, Licht: 1,34542,3,1,8,1,16,6,0,1,0,1,0,0,0,0
"POINT (7.040871757000048 51.454414500000041)",Unfall 34544 (2021) Kat:3, Licht: 0,34544,3,6,2,11,16,3,0,0,0,1,0,0,0,0
"POINT (7.022680505000039 51.436907956000027)",Unfall 34557 (2021) Kat:3, Licht: 0,34557,3,7,6,1,15,2,0,0,1,0,1,0,0,0
"POINT (7.019786164000038 51.508987129000047)",Unfall 34567 (2021) Kat:3, Licht: 0,34567,3,4,6,9,19,4,0,0,0,1,1,0,0,0
"POINT (7.022306545000049 51.443529357000045)",Unfall 34596 (2021) Kat:3, Licht: 0,34596,3,7,0,5,9,3,1,0,1,0,0,0,0,0
"POINT (7.008567245000052 51.433607263000056)",Unfall 34599 (2021) Kat:2, Licht: 1,34599,2,6,3,12,16,4,1,1,0,1,0,1,0,0
"POINT (6.997079831000065 51.458807628000045)",Unfall 34604 (2021) Kat:3, Licht: 2,34604,3,3,5,12,17,5,0,2,0,1,0,0,0,0
"POINT (7.004505984000048 51.434122151000054)",Unfall 34608 (2021) Kat:2, Licht: 1,34608,2,7,2,2,18,1,0,1,0,1,0,1,0,0
"POINT (7.090407013000060 51.464933181000049)",Unfall 34610 (2021) Kat:3, Licht: 0,34610,3,7,3,6,14,4,0,0,0,1,0,0,0,0
"POINT (6.988846050000063 51.453487421000034)",Unfall 34617 (2021) Kat:3, Licht: 2,34617,3,4,6,11,20,6,1,2,0,1,1,0,0,0
"POINT (6.992535890000056 51.438691608000056)",Unfall 34620 (2021) Kat:3, Licht: 1,34620,3,5,1,9,20,5,0,1,1,0,0,1,0,0
"POINT (6.984063929000058 51.442217311000036)",Unfall 34645 (2021) Kat:3, Licht: 1,34645,3,3,5,10,18,6,0,1,0,1,0,0,0,0
"POINT (7.029874800000073 51.451883449000036)",Unfall 34647 (2021) Kat:2, Licht: 2,34647,2,6,2,7,22,4,1,2,0,1,0,0,0,0
"POINT (7.021436468000047 51.509304957000040)",Unfall 34648 (2021) Kat:3, Licht: 0,34648,3,2,4,4,17,6,0,0,0,1,0,0,0,0
"POINT (7.008641232000059 51.460127680000028)",Unfall 34651 (2021) Kat:3, Licht: 0,34651,3,1,0,2,14,4,1,0,0,0,0,1,0,0
"POINT (7.062053478000053 51.446185623000076)",Unfall 34653 (2021) Kat:3, Licht: 2,34653,3,1,8,10,23,4,1,2,0,1,0,0,0,0
"POINT (7.017918433000034 51.484912331000032)",Unfall 34657 (2021) Kat:3, Licht: 0,34657,3,1,8,3,13,5,1,0,0,1,0,0,0,0
"POINT (6.993873173000054 51.446033585000066)",Unfall 34672 (2021) Kat:3, Licht: 0,34672,3,6,2,7,16,3,0,0,0,1,0,0,0,0
"POINT (6.996601221000049 51.480623225000045)",Unfall 34695 (2021) Kat:3, Licht: 0,34695,3,3,5,10,9,5,0,0,0,1,0,0,0,1
"POINT (7.090087200000028 51.466668934000040)",Unfall 34700 (2021) Kat:3, Licht: 0,34700,3,1,8,10,14,1,1,0,0,1,0,0,0,1
"POINT (7.032110944000067 51.440937365000082)",Unfall 34712 (2021) Kat:2, Licht: 2,34712,2,7,1,6,22,2,0,2,1,1,0,0,0,0
"POINT (7.019634839000048 51.447888747000036)",Unfall 34725 (2021) Kat:2, Licht: 2,34725,2,3,0,7,1,1,1,2,1,1,0,0,0,0
"POINT (7.006831465000062 51.471971108000048)",Unfall 34728 (2021) Kat:3, Licht: 2,34728,3,6,3,11,19,1,0,2,0,1,0,0,0,0
"POINT (7.000822487000050 51.482766625000068)",Unfall 34729 (2021) Kat:3, Licht: 0,34729,3,6,2,5,14,7,0,0,0,1,0,0,0,0
"POINT (7.078536025000062 51.462067340000033)",Unfall 34740 (2021) Kat:3, Licht: 2,34740,3,1,5,12,20,5,1,2,0,1,0,0,0,0
"POINT (7.040235024000026 51.438644700000054)",Unfall 34759 (2021) Kat:2, Licht: 0,34759,2,1,1,10,14,3,0,0,0,1,0,0,0,0
"POINT (6.993751987000053 51.504705997000030)",Unfall 34774 (2021) Kat:3, Licht: 0,34774,3,1,2,10,15,6,0,0,0,1,0,0,0,0
"POINT (7.036027341000022 51.383965389000082)",Unfall 34775 (2021) Kat:2, Licht: 0,34775,2,1,4,5,16,1,0,0,0,1,0,1,0,0
"POINT (6.998485035000044 51.487535558000047)",Unfall 34778 (2021) Kat:3, Licht: 0,34778,3,6,2,3,16,6,1,0,0,1,0,0,1,0
"POINT (6.997073365000062 51.458842256000082)",Unfall 34787 (2021) Kat:3, Licht: 0,34787,3,2,5,7,15,2,1,0,1,1,0,0,0,0
"POINT (7.029685417000053 51.451834635000068)",Unfall 34789 (2021) Kat:3, Licht: 2,34789,3,6,2,6,21,3,1,2,0,1,0,0,0,0
"POINT (7.008846129000062 51.483368340000027)",Unfall 34793 (2021) Kat:3, Licht: 0,34793,3,3,0,12,13,3,0,0,1,1,0,0,0,0
"POINT (6.997690376000037 51.400318129000027)",Unfall 34798 (2021) Kat:3, Licht: 0,34798,3,3,0,6,13,7,0,0,1,0,0,0,0,0
"POINT (7.012964299000032 51.450024458000030)",Unfall 34800 (2021) Kat:3, Licht: 0,34800,3,6,3,4,19,2,1,0,0,1,0,1,0,0
"POINT (7.004190482000070 51.456450363000044)",Unfall 34802 (2021) Kat:3, Licht: 0,34802,3,1,0,9,10,2,0,0,1,0,0,0,0,0
"POINT (6.988113702000021 51.440994026000055)",Unfall 34812 (2021) Kat:3, Licht: 0,34812,3,1,0,6,16,3,1,0,1,0,0,0,0,0
"POINT (6.992463398000041 51.411146626000061)",Unfall 34815 (2021) Kat:3, Licht: 0,34815,3,7,3,9,16,2,0,0,0,1,0,0,0,0
"POINT (7.017387994000046 51.450829479000049)",Unfall 34818 (2021) Kat:3, Licht: 0,34818,3,2,3,6,11,1,0,0,0,1,0,1,0,0
"POINT (7.021081974000026 51.485421481000060)",Unfall 34825 (2021) Kat:2, Licht: 0,34825,2,7,5,6,7,3,0,0,1,1,0,0,0,0
"POINT (7.007409495000047 51.476177029000041)",Unfall 34827 (2021) Kat:3, Licht: 0,34827,3,2,5,11,13,3,1,0,1,1,0,0,0,0
"POINT (7.011534692000055 51.530049665000035)",Unfall 34856 (2021) Kat:3, Licht: 0,34856,3,7,0,7,10,1,1,0,1,1,0,0,0,0
"POINT (7.069029234000027 51.381522474000064)",Unfall 34861 (2021) Kat:2, Licht: 0,34861,2,7,0,3,13,2,0,0,0,0,0,1,0,0
"POINT (7.003217407000022 51.447305994000033)",Unfall 34869 (2021) Kat:3, Licht: 0,34869,3,6,2,5,12,2,0,0,0,1,0,0,0,0
"POINT (7.001596292000045 51.481729891000043)",Unfall 34872 (2021) Kat:3, Licht: 0,34872,3,7,0,9,15,4,0,0,1,0,0,0,0,0
"POINT (6.984470069000054 51.421321532000036)",Unfall 34887 (2021) Kat:2, Licht: 0,34887,2,6,2,12,15,2,1,0,0,1,0,0,0,0
"POINT (7.023289883000075 51.419521371000030)",Unfall 34890 (2021) Kat:3, Licht: 1,34890,3,3,0,9,6,2,0,1,1,1,0,0,0,0
"POINT (7.081905448000043 51.405316520000042)",Unfall 34902 (2021) Kat:3, Licht: 0,34902,3,6,0,9,17,7,0,0,0,1,0,0,0,0
"POINT (6.987049808000052 51.503214705000062)",Unfall 34905 (2021) Kat:3, Licht: 0,34905,3,1,0,4,16,7,0,0,0,0,0,1,0,0
"POINT (6.990032629000041 51.437814742000057)",Unfall 34908 (2021) Kat:2, Licht: 0,34908,2,4,6,1,14,2,0,0,0,1,1,0,0,0
"POINT (7.010759790000066 51.493733619000068)",Unfall 34913 (2021) Kat:3, Licht: 0,34913,3,2,0,11,8,6,0,0,1,1,0,0,0,0
"POINT (7.018515080000043 51.388395305000074)",Unfall 34922 (2021) Kat:3, Licht: 0,34922,3,6,2,4,8,5,0,0,1,1,0,0,0,0
"POINT (7.014374229000055 51.473315468000067)",Unfall 34923 (2021) Kat:3, Licht: 0,34923,3,6,2,4,17,4,1,0,0,1,0,0,0,0
"POINT (7.006855909000024 51.455132185000082)",Unfall 34925 (2021) Kat:3, Licht: 0,34925,3,7,3,12,13,2,0,0,1,1,0,0,0,0
"POINT (7.001268979000031 51.465113216000077)",Unfall 34928 (2021) Kat:3, Licht: 0,34928,3,2,5,6,7,5,0,0,1,0,0,0,1,0
"POINT (7.026898104000054 51.470821155000067)",Unfall 34949 (2021) Kat:3, Licht: 0,34949,3,7,0,11,15,2,1,0,1,0,0,0,0,0
"POINT (7.010298694000028 51.498611139000047)",Unfall 34950 (2021) Kat:2, Licht: 2,34950,2,4,6,10,19,4,0,2,0,1,1,0,0,0
"POINT (7.018024144000037 51.365047968000056)",Unfall 34957 (2021) Kat:3, Licht: 0,34957,3,3,5,9,16,4,0,0,1,1,0,0,0,0
"POINT (6.998048796000035 51.490385093000043)",Unfall 34976 (2021) Kat:3, Licht: 0,34976,3,6,0,6,9,5,0,0,0,1,0,0,0,0
"POINT (7.043384572000036 51.447386620000032)",Unfall 34984 (2021) Kat:3, Licht: 0,34984,3,7,0,12,12,1,0,0,0,0,0,0,0,1
"POINT (7.026012335000075 51.452763855000057)",Unfall 34988 (2021) Kat:3, Licht: 0,34988,3,6,3,10,17,3,1,0,0,1,0,0,0,0
"POINT (7.009379414000023 51.491131519000078)",Unfall 34989 (2021) Kat:3, Licht: 0,34989,3,7,3,11,11,2,0,0,0,1,0,0,0,0
"POINT (6.998593316000040 51.386621004000062)",Unfall 34991 (2021) Kat:3, Licht: 0,34991,3,2,3,4,17,4,0,0,0,1,0,1,0,0
"POINT (7.059774502000039 51.438305393000064)",Unfall 34993 (2021) Kat:2, Licht: 0,34993,2,1,9,9,12,7,0,0,0,1,0,0,0,0
"POINT (6.997608454000044 51.492662505000055)",Unfall 34996 (2021) Kat:3, Licht: 0,34996,3,6,2,6,20,1,1,0,0,1,0,0,0,0
"POINT (7.011981359000060 51.530633043000080)",Unfall 34998 (2021) Kat:3, Licht: 0,34998,3,7,0,5,13,6,0,0,1,0,1,0,0,0
"POINT (6.987900854000031 51.441459014000031)",Unfall 35010 (2021) Kat:3, Licht: 0,35010,3,1,0,7,10,2,1,0,1,0,0,0,0,0
"POINT (6.991389573000049 51.412716047000060)",Unfall 35013 (2021) Kat:3, Licht: 0,35013,3,3,5,2,8,2,1,0,0,1,0,0,0,0
"POINT (7.050337984000066 51.490013443000066)",Unfall 35015 (2021) Kat:3, Licht: 0,35015,3,6,2,10,12,3,1,0,0,1,0,0,0,0
"POINT (7.028611811000076 51.451631328000076)",Unfall 35022 (2021) Kat:3, Licht: 0,35022,3,6,2,2,17,5,0,0,0,1,0,0,0,0
"POINT (7.002140813000040 51.434419797000032)",Unfall 35028 (2021) Kat:3, Licht: 2,35028,3,2,2,10,20,2,0,2,0,1,0,0,0,0
"POINT (7.041764636000039 51.453840477000028)",Unfall 35036 (2021) Kat:3, Licht: 0,35036,3,6,2,12,14,7,0,0,0,1,0,0,0,0
"POINT (7.102872955000066 51.472230067000055)",Unfall 35037 (2021) Kat:3, Licht: 2,35037,3,1,9,7,2,1,1,2,0,1,0,0,0,0
"POINT (7.030504057000030 51.511015586000042)",Unfall 35048 (2021) Kat:2, Licht: 0,35048,2,2,4,11,16,5,0,0,0,1,0,1,0,0
"POINT (7.050049543000057 51.489528835000044)",Unfall 35049 (2021) Kat:3, Licht: 0,35049,3,7,0,5,18,5,0,0,0,0,0,0,0,1
"POINT (7.024999744000070 51.418242535000047)",Unfall 35050 (2021) Kat:3, Licht: 0,35050,3,4,6,12,12,1,1,0,0,1,1,0,0,0
"POINT (7.018942349000042 51.448432461000039)",Unfall 35061 (2021) Kat:3, Licht: 0,35061,3,6,1,11,16,7,0,0,0,1,0,0,0,0
"POINT (7.003054370000029 51.447354088000054)",Unfall 35065 (2021) Kat:3, Licht: 1,35065,3,1,5,10,19,3,0,1,0,1,0,0,0,1
"POINT (7.073134948000074 51.423199984000064)",Unfall 35071 (2021) Kat:3, Licht: 0,35071,3,6,0,7,12,5,0,0,0,1,0,0,0,0
"POINT (7.006207998000036 51.455894290000060)",Unfall 35099 (2021) Kat:2, Licht: 0,35099,2,3,5,2,14,2,0,0,0,1,0,0,0,0
"POINT (7.048437714000045 51.497662956000056)",Unfall 35112 (2021) Kat:3, Licht: 0,35112,3,4,6,4,12,3,0,0,0,1,1,0,0,0
"POINT (7.076244027000030 51.459567942000035)",Unfall 35118 (2021) Kat:3, Licht: 0,35118,3,7,0,3,11,1,0,0,0,0,0,0,0,1
"POINT (7.025739085000055 51.452833457000054)",Unfall 35127 (2021) Kat:3, Licht: 0,35127,3,7,0,10,16,2,0,0,0,1,0,0,0,1
"POINT (7.009163460000025 51.493876081000053)",Unfall 35128 (2021) Kat:3, Licht: 1,35128,3,7,4,10,7,6,0,1,1,0,0,0,0,0
"POINT (6.997608454000044 51.492662505000055)",Unfall 35136 (2021) Kat:3, Licht: 0,35136,3,3,5,3,15,1,0,0,0,1,0,0,0,0
"POINT (7.012221517000057 51.478543055000046)",Unfall 35137 (2021) Kat:3, Licht: 0,35137,3,4,6,9,8,6,0,0,0,1,1,0,0,0
"POINT (7.060875056000043 51.439396580000050)",Unfall 35148 (2021) Kat:3, Licht: 2,35148,3,7,0,9,6,3,0,2,0,0,0,1,1,0
"POINT (7.017769905000023 51.456653561000053)",Unfall 35151 (2021) Kat:3, Licht: 0,35151,3,2,4,6,16,7,0,0,0,1,0,0,0,1
"POINT (7.000623063000035 51.452078348000043)",Unfall 35158 (2021) Kat:3, Licht: 0,35158,3,6,2,1,14,6,0,0,0,1,0,0,0,0
"POINT (7.048411121000072 51.466569532000051)",Unfall 35165 (2021) Kat:3, Licht: 2,35165,3,1,8,10,3,1,1,2,0,1,0,0,0,0
"POINT (7.009438486000022 51.476912600000048)",Unfall 35183 (2021) Kat:3, Licht: 2,35183,3,7,0,1,1,3,1,2,0,1,0,0,0,0
"POINT (6.997693919000028 51.456328258000042)",Unfall 35190 (2021) Kat:2, Licht: 0,35190,2,6,1,9,11,7,0,0,0,1,0,0,0,0
"POINT (7.016404795000028 51.444936879000068)",Unfall 35191 (2021) Kat:3, Licht: 0,35191,3,1,6,9,18,7,0,0,0,1,1,0,0,0
"POINT (7.012932566000075 51.450017759000048)",Unfall 35192 (2021) Kat:3, Licht: 0,35192,3,2,3,11,10,2,0,0,0,1,0,0,0,1
"POINT (7.079102303000070 51.463114851000057)",Unfall 35197 (2021) Kat:3, Licht: 0,35197,3,7,6,6,10,3,0,0,0,0,1,0,0,1
"POINT (7.048370608000027 51.497200489000079)",Unfall 35206 (2021) Kat:3, Licht: 0,35206,3,4,0,12,13,4,1,0,0,1,1,0,0,0
"POINT (6.991236573000037 51.438288149000073)",Unfall 35207 (2021) Kat:3, Licht: 0,35207,3,2,5,9,12,4,1,0,1,1,0,0,0,0
"POINT (7.012170425000022 51.478660669000078)",Unfall 35211 (2021) Kat:3, Licht: 2,35211,3,7,6,10,6,3,1,2,0,1,1,0,0,0
"POINT (7.083468792000076 51.444865524000079)",Unfall 35225 (2021) Kat:3, Licht: 0,35225,3,6,0,3,11,2,0,0,0,1,0,0,0,0
"POINT (6.996550195000054 51.495041781000054)",Unfall 35229 (2021) Kat:2, Licht: 0,35229,2,1,9,10,11,2,0,0,0,1,0,0,0,0
"POINT (7.036214090000044 51.500793570000042)",Unfall 35230 (2021) Kat:3, Licht: 0,35230,3,3,5,10,8,6,0,0,1,1,0,0,0,0
"POINT (7.031362031000072 51.440129216000059)",Unfall 35243 (2021) Kat:3, Licht: 0,35243,3,3,5,6,7,2,0,0,1,1,0,0,0,0
"POINT (7.024470894000046 51.433275039000080)",Unfall 35245 (2021) Kat:3, Licht: 2,35245,3,1,8,11,0,5,1,2,0,1,0,0,0,0
"POINT (7.015727696000056 51.450585277000073)",Unfall 35246 (2021) Kat:2, Licht: 2,35246,2,3,5,11,18,4,0,2,0,1,0,0,0,0
"POINT (7.039321476000055 51.450956630000064)",Unfall 35255 (2021) Kat:3, Licht: 2,35255,3,6,2,12,17,7,1,2,0,1,0,0,0,0
"POINT (7.001277969000057 51.451167004000069)",Unfall 35262 (2021) Kat:3, Licht: 2,35262,3,6,2,10,5,2,1,2,0,1,0,0,1,0
"POINT (7.027522845000021 51.421740292000038)",Unfall 35284 (2021) Kat:3, Licht: 0,35284,3,3,0,6,14,6,0,0,0,1,0,0,0,1
"POINT (6.989132332000054 51.378383866000036)",Unfall 35302 (2021) Kat:3, Licht: 0,35302,3,7,0,5,17,2,0,0,1,0,0,0,0,0
"POINT (7.029101060000073 51.437566697000079)",Unfall 35316 (2021) Kat:3, Licht: 1,35316,3,3,0,3,6,4,0,1,0,1,0,0,0,1
"POINT (7.007613621000075 51.443788773000051)",Unfall 35320 (2021) Kat:3, Licht: 0,35320,3,2,0,6,16,3,1,0,1,1,0,0,0,0
"POINT (7.012423230000024 51.461961613000028)",Unfall 35330 (2021) Kat:3, Licht: 0,35330,3,6,0,1,15,5,1,0,0,1,0,0,0,0
"POINT (6.991920109000034 51.472058267000079)",Unfall 35346 (2021) Kat:3, Licht: 0,35346,3,3,5,7,14,3,0,0,0,1,0,1,0,0
"POINT (7.024651043000063 51.469559409000055)",Unfall 35349 (2021) Kat:2, Licht: 2,35349,2,7,0,6,22,6,0,2,1,0,0,0,0,0
"POINT (7.006738382000037 51.471133410000050)",Unfall 35362 (2021) Kat:2, Licht: 1,35362,2,3,5,6,19,5,0,1,1,1,0,0,0,0
"POINT (7.001337979000027 51.387501370000052)",Unfall 35363 (2021) Kat:3, Licht: 0,35363,3,6,0,6,12,6,0,0,0,1,0,1,0,0
"POINT (7.078268154000057 51.459574108000027)",Unfall 35374 (2021) Kat:3, Licht: 2,35374,3,6,1,1,19,4,0,2,0,1,0,0,0,0
"POINT (7.010014744000046 51.507837333000055)",Unfall 35386 (2021) Kat:3, Licht: 0,35386,3,6,2,10,7,5,0,0,0,1,0,0,0,1
"POINT (6.991920109000034 51.472058267000079)",Unfall 35396 (2021) Kat:3, Licht: 2,35396,3,3,5,1,21,1,1,2,0,1,0,0,0,0
"POINT (7.049934993000022 51.489352471000075)",Unfall 35398 (2021) Kat:3, Licht: 0,35398,3,7,0,9,18,4,0,0,0,1,0,0,0,1
"POINT (7.024730750000060 51.433649991000038)",Unfall 35399 (2021) Kat:2, Licht: 2,35399,2,1,8,2,22,6,0,2,0,1,0,0,0,0
"POINT (7.015693304000024 51.456675414000074)",Unfall 35400 (2021) Kat:3, Licht: 2,35400,3,3,0,10,20,6,0,2,0,1,0,0,0,0
"POINT (7.066542822000031 51.448774791000062)",Unfall 35404 (2021) Kat:2, Licht: 0,35404,2,7,0,2,13,6,0,0,0,1,0,0,0,0
"POINT (7.021033034000027 51.510412824000070)",Unfall 35409 (2021) Kat:3, Licht: 0,35409,3,6,2,10,7,3,1,0,0,1,0,0,0,0
"POINT (7.007972829000039 51.503916119000053)",Unfall 35411 (2021) Kat:3, Licht: 0,35411,3,1,1,9,11,4,0,0,0,1,0,0,0,0
"POINT (7.056397247000064 51.410238585000059)",Unfall 35426 (2021) Kat:3, Licht: 0,35426,3,7,2,12,11,4,1,0,0,1,0,0,0,0
"POINT (7.045508524000070 51.464922173000048)",Unfall 35429 (2021) Kat:3, Licht: 2,35429,3,1,0,6,22,7,0,2,1,0,0,0,0,0
"POINT (7.000205293000022 51.386700802000064)",Unfall 35449 (2021) Kat:3, Licht: 1,35449,3,6,0,5,21,4,1,1,0,1,0,1,0,0
"POINT (7.055729115000076 51.428533818000062)",Unfall 35465 (2021) Kat:3, Licht: 0,35465,3,1,2,6,16,7,0,0,0,0,0,1,0,0
"POINT (7.026571145000048 51.415114943000049)",Unfall 35472 (2021) Kat:3, Licht: 0,35472,3,1,2,7,8,4,0,0,0,1,0,0,0,0
"POINT (7.009088791000067 51.489923394000073)",Unfall 35473 (2021) Kat:2, Licht: 2,35473,2,2,6,10,6,3,0,2,0,1,1,0,0,0
"POINT (6.993672766000032 51.479985989000056)",Unfall 35494 (2021) Kat:3, Licht: 0,35494,3,2,2,2,17,4,0,0,0,1,0,0,0,0
"POINT (7.001920435000045 51.433093144000054)",Unfall 35510 (2021) Kat:3, Licht: 0,35510,3,7,0,10,13,6,0,0,0,1,0,0,0,0
"POINT (7.093403082000066 51.468605610000054)",Unfall 35527 (2021) Kat:2, Licht: 2,35527,2,1,8,11,22,3,1,2,0,1,0,0,0,0
"POINT (7.028075367000042 51.421978677000027)",Unfall 35548 (2021) Kat:2, Licht: 0,35548,2,4,6,2,16,7,0,0,0,1,1,0,0,0
"POINT (7.018873263000046 51.496546888000069)",Unfall 35549 (2021) Kat:3, Licht: 0,35549,3,1,9,3,9,3,1,0,0,1,0,0,0,0
"POINT (7.007152619000067 51.510311128000069)",Unfall 35552 (2021) Kat:3, Licht: 2,35552,3,1,8,12,18,2,1,2,0,1,0,0,0,0
"POINT (7.026934857000072 51.470897259000026)",Unfall 35576 (2021) Kat:3, Licht: 2,35576,3,1,0,5,2,5,1,2,1,0,0,0,0,0
"POINT (7.010153320000029 51.493592327000044)",Unfall 35577 (2021) Kat:3, Licht: 0,35577,3,1,8,10,12,5,1,0,0,1,0,0,0,1
"POINT (7.018340825000053 51.469849204000070)",Unfall 35584 (2021) Kat:3, Licht: 2,35584,3,3,5,12,19,6,0,2,0,1,0,0,0,0
"POINT (7.104901243000029 51.471943947000057)",Unfall 35588 (2021) Kat:3, Licht: 2,35588,3,1,9,9,21,1,0,2,0,1,0,0,0,0
"POINT (7.092629965000071 51.447248641000044)",Unfall 35589 (2021) Kat:3, Licht: 0,35589,3,6,0,9,18,7,0,0,0,0,0,1,0,0