WKT,Name,OBJECTID,UKATEGORIE,UTYP1,UART,UMONAT,USTUNDE,UWOCHENTAG,STRZUSTAND,ULICHTVERH,ISTRAD,ISTPKW,ISTFUSS,ISTKRAD,ISTGKFZ,ISTSONSTIG
"POINT (7.083149220000053 51.389530130000026)",Unfall 35593 (2021) Kat:3, Licht: 0,35593,3,5,6,3,17,2,0,0,0,1,1,0,0,0
"POINT (7.048590953000030 51.500142836000066)",Unfall 35598 (2021) Kat:2, Licht: 2,35598,2,7,0,6,1,4,0,2,1,0,0,0,0,0
"POINT (7.033755758000041 51.457879787000081)",Unfall 35600 (2021) Kat:3, Licht: 0,35600,3,6,2,6,8,6,0,0,0,1,0,0,0,0
"POINT (7.039114337000058 51.376126462000059)",Unfall 35602 (2021) Kat:2, Licht: 0,35602,2,1,5,5,13,5,0,0,1,0,0,1,0,0
"POINT (7.079975156000046 51.465342353000040)",Unfall 35608 (2021) Kat:3, Licht: 0,35608,3,7,0,5,8,6,0,0,0,0,0,1,0,1
"POINT (7.021925440000075 51.381744327000035)",Unfall 35613 (2021) Kat:3, Licht: 0,35613,3,7,0,6,21,1,0,0,0,1,0,1,0,0
"POINT (7.060086831000035 51.438755912000033)",Unfall 35619 (2021) Kat:3, Licht: 0,35619,3,7,3,9,12,7,0,0,1,0,0,0,0,0
"POINT (7.016479889000038 51.441535832000056)",Unfall 35623 (2021) Kat:3, Licht: 0,35623,3,3,5,4,7,5,0,0,1,1,0,0,0,0
"POINT (7.047855362000064 51.427322082000046)",Unfall 35639 (2021) Kat:3, Licht: 2,35639,3,7,0,1,21,6,1,2,1,0,0,0,0,0
"POINT (7.000601478000021 51.481490623000070)",Unfall 35651 (2021) Kat:3, Licht: 2,35651,3,7,0,11,8,5,0,2,0,0,1,0,0,1
"POINT (7.082946810000067 51.446092877000069)",Unfall 35653 (2021) Kat:3, Licht: 0,35653,3,1,0,3,15,2,0,0,0,0,0,0,0,1
"POINT (6.999045086000024 51.423244406000038)",Unfall 35662 (2021) Kat:3, Licht: 0,35662,3,3,5,4,18,1,0,0,0,1,0,0,0,0
"POINT (7.079994991000035 51.465340946000026)",Unfall 35668 (2021) Kat:3, Licht: 0,35668,3,3,5,9,10,6,0,0,0,1,0,0,0,1
"POINT (7.055396823000024 51.445641303000059)",Unfall 35669 (2021) Kat:2, Licht: 2,35669,2,7,6,2,18,4,1,2,0,1,1,0,0,0
"POINT (7.043876035000039 51.464458027000035)",Unfall 35672 (2021) Kat:3, Licht: 0,35672,3,5,1,7,17,3,0,0,1,1,0,0,0,0
"POINT (7.030301036000026 51.445398519000037)",Unfall 35673 (2021) Kat:2, Licht: 0,35673,2,5,0,11,10,4,0,0,0,1,0,0,0,0
"POINT (7.008478926000066 51.524500097000043)",Unfall 35677 (2021) Kat:2, Licht: 0,35677,2,6,2,7,15,1,0,0,0,1,0,1,0,0
"POINT (7.012947778000068 51.450020970000025)",Unfall 35684 (2021) Kat:3, Licht: 0,35684,3,6,0,11,10,5,0,0,1,1,0,0,0,0
"POINT (7.004668467000045 51.445988878000037)",Unfall 35686 (2021) Kat:3, Licht: 0,35686,3,1,8,3,12,5,0,0,1,0,0,0,0,0
"POINT (7.038575588000072 51.449267428000041)",Unfall 35701 (2021) Kat:2, Licht: 0,35701,2,6,2,9,13,6,0,0,0,1,0,0,0,1
"POINT (7.029094515000054 51.437559260000057)",Unfall 35709 (2021) Kat:3, Licht: 0,35709,3,1,2,11,9,4,1,0,0,0,0,1,0,1
"POINT (7.007619302000023 51.504328758000042)",Unfall 35712 (2021) Kat:3, Licht: 0,35712,3,6,2,10,13,5,1,0,0,1,0,0,0,0
"POINT (7.041800142000056 51.477421734000075)",Unfall 35723 (2021) Kat:3, Licht: 0,35723,3,3,5,2,13,6,0,0,1,1,0,0,0,0
"POINT (7.104603390000023 51.458270697000046)",Unfall 35725 (2021) Kat:2, Licht: 2,35725,2,3,5,6,23,3,0,2,0,1,0,1,0,0
"POINT (7.049410206000061 51.503485358000034)",Unfall 35739 (2021) Kat:3, Licht: 2,35739,3,3,5,12,17,3,1,2,0,1,0,0,0,0
"POINT (7.003567880000048 51.439585113000078)",Unfall 35740 (2021) Kat:3, Licht: 2,35740,3,6,1,11,6,3,1,2,0,1,0,0,0,0
"POINT (7.007072142000027 51.454059174000065)",Unfall 35755 (2021) Kat:3, Licht: 0,35755,3,3,5,11,15,6,0,0,1,1,0,0,0,0
"POINT (7.035465336000073 51.445304653000051)",Unfall 35764 (2021) Kat:3, Licht: 0,35764,3,7,0,12,10,6,1,0,0,1,0,0,0,0
"POINT (7.087506626000049 51.462207619000026)",Unfall 35767 (2021) Kat:3, Licht: 2,35767,3,7,0,10,19,5,0,2,1,1,1,0,0,0
"POINT (7.027146051000045 51.452466627000035)",Unfall 35778 (2021) Kat:3, Licht: 0,35778,3,6,1,9,16,4,1,0,0,1,0,0,0,0
"POINT (7.061915353000074 51.406837158000030)",Unfall 35782 (2021) Kat:3, Licht: 2,35782,3,7,0,1,22,5,1,2,0,1,0,0,0,0
"POINT (7.040069259000063 51.463167804000079)",Unfall 35785 (2021) Kat:3, Licht: 0,35785,3,1,0,1,12,5,0,0,0,0,0,0,0,1
"POINT (7.018034951000061 51.465522089000046)",Unfall 35786 (2021) Kat:3, Licht: 0,35786,3,3,0,10,13,6,0,0,1,0,1,0,0,0
"POINT (7.048678016000054 51.500205500000050)",Unfall 35800 (2021) Kat:3, Licht: 0,35800,3,6,8,6,10,2,1,0,0,0,0,1,0,1
"POINT (7.037830375000055 51.448012125000048)",Unfall 35804 (2021) Kat:3, Licht: 0,35804,3,6,3,3,13,5,1,0,0,1,0,0,0,0
"POINT (7.067645145000029 51.464108018000047)",Unfall 35810 (2021) Kat:3, Licht: 0,35810,3,6,3,4,8,4,0,0,0,1,0,0,1,0
"POINT (7.055622383000070 51.428468749000047)",Unfall 35811 (2021) Kat:2, Licht: 0,35811,2,6,2,10,13,5,0,0,0,1,0,0,0,0
"POINT (7.028912210000044 51.451619707000077)",Unfall 35814 (2021) Kat:3, Licht: 0,35814,3,7,0,3,11,1,1,0,0,0,0,0,0,1
"POINT (7.022538153000028 51.457431806000045)",Unfall 35815 (2021) Kat:3, Licht: 0,35815,3,7,0,6,8,2,1,0,1,0,0,0,0,0
"POINT (7.009393351000028 51.485739446000082)",Unfall 35818 (2021) Kat:3, Licht: 0,35818,3,4,6,7,10,6,0,0,0,1,1,0,0,0
"POINT (7.016457469000045 51.376732651000054)",Unfall 35825 (2021) Kat:3, Licht: 1,35825,3,7,0,12,15,1,0,1,0,1,0,0,0,0
"POINT (7.012443192000035 51.461968390000038)",Unfall 35826 (2021) Kat:3, Licht: 0,35826,3,3,5,4,10,4,0,0,0,1,0,0,0,0
"POINT (7.020307330000037 51.496795979000069)",Unfall 35854 (2021) Kat:3, Licht: 0,35854,3,7,0,5,8,6,1,0,0,1,1,0,0,0
"POINT (7.083779951000054 51.465314592000027)",Unfall 35860 (2021) Kat:2, Licht: 0,35860,2,1,8,10,11,1,1,0,0,1,0,0,0,0
"POINT (7.078269783000053 51.459549676000051)",Unfall 35869 (2021) Kat:3, Licht: 0,35869,3,2,5,5,14,3,1,0,0,1,0,1,0,0
"POINT (7.094294262000062 51.449135197000032)",Unfall 35872 (2021) Kat:2, Licht: 2,35872,2,2,6,1,18,2,1,2,0,1,1,0,0,0
"POINT (7.046990825000023 51.427084196000067)",Unfall 35877 (2021) Kat:3, Licht: 0,35877,3,7,0,10,17,7,0,0,0,1,1,0,0,0
"POINT (7.064066744000058 51.486156696000080)",Unfall 35887 (2021) Kat:3, Licht: 0,35887,3,2,5,12,11,6,0,0,0,1,0,1,0,0
"POINT (7.039901232000034 51.424949920000074)",Unfall 35891 (2021) Kat:2, Licht: 2,35891,2,4,6,11,17,6,1,2,0,1,1,0,0,0
"POINT (7.014173006000021 51.508797266000045)",Unfall 35893 (2021) Kat:3, Licht: 2,35893,3,3,5,2,18,2,2,2,0,1,0,0,0,0
"POINT (7.006967341000063 51.403235575000053)",Unfall 35895 (2021) Kat:3, Licht: 0,35895,3,3,5,9,16,7,0,0,0,1,0,0,0,0
"POINT (7.003058987000031 51.447349551000059)",Unfall 35896 (2021) Kat:3, Licht: 2,35896,3,4,6,12,19,1,0,2,0,1,1,0,0,0
"POINT (7.000956082000073 51.474343672000032)",Unfall 35899 (2021) Kat:3, Licht: 0,35899,3,6,2,9,16,4,1,0,0,1,0,0,0,0
"POINT (7.007235740000056 51.453214877000050)",Unfall 35911 (2021) Kat:3, Licht: 2,35911,3,6,6,12,18,3,0,2,0,0,1,0,0,1
"POINT (7.057497175000037 51.445554050000055)",Unfall 35916 (2021) Kat:3, Licht: 0,35916,3,6,2,11,13,5,1,0,0,1,0,0,0,0
"POINT (7.036573948000068 51.384447835000060)",Unfall 35921 (2021) Kat:3, Licht: 0,35921,3,7,0,6,12,4,0,0,0,0,0,1,0,0
"POINT (7.078292838000039 51.467307554000058)",Unfall 35925 (2021) Kat:3, Licht: 2,35925,3,6,3,11,18,5,0,2,0,1,0,0,0,0
"POINT (6.986585210000044 51.445069870000054)",Unfall 35931 (2021) Kat:3, Licht: 0,35931,3,6,2,5,6,3,0,0,0,1,0,0,0,0
"POINT (7.046976557000050 51.459309466000036)",Unfall 35933 (2021) Kat:3, Licht: 0,35933,3,4,6,10,12,5,0,0,0,1,1,0,0,0
"POINT (7.049416022000059 51.491957502000048)",Unfall 35936 (2021) Kat:3, Licht: 0,35936,3,6,2,6,15,5,0,0,0,1,0,0,0,0
"POINT (7.015526932000057 51.441342208000037)",Unfall 35938 (2021) Kat:3, Licht: 0,35938,3,1,0,11,15,1,1,0,1,0,0,0,0,0
"POINT (7.011533938000071 51.442920896000032)",Unfall 35939 (2021) Kat:3, Licht: 0,35939,3,6,1,4,8,3,1,0,0,1,0,0,0,0
"POINT (7.063759395000034 51.479613385000050)",Unfall 35943 (2021) Kat:3, Licht: 0,35943,3,3,5,4,17,6,0,0,0,1,0,0,0,0
"POINT (7.014805306000028 51.457917903000066)",Unfall 35949 (2021) Kat:3, Licht: 0,35949,3,4,6,9,16,4,0,0,0,1,1,0,0,0
"POINT (7.001280590000022 51.465042310000058)",Unfall 35954 (2021) Kat:3, Licht: 2,35954,3,2,5,9,21,6,0,2,0,1,0,0,0,0
"POINT (7.083580389000076 51.444840217000035)",Unfall 35956 (2021) Kat:3, Licht: 0,35956,3,6,2,1,15,7,0,0,0,1,0,0,0,0
"POINT (7.027688357000045 51.446191905000035)",Unfall 35974 (2021) Kat:2, Licht: 2,35974,2,3,5,2,20,5,1,2,0,1,0,0,0,1
"POINT (7.060904096000058 51.488049746000058)",Unfall 35977 (2021) Kat:3, Licht: 0,35977,3,6,4,9,16,4,1,0,0,1,0,0,0,0
"POINT (7.002899398000068 51.462884949000056)",Unfall 35984 (2021) Kat:2, Licht: 0,35984,2,5,5,11,7,2,1,0,0,1,0,0,0,0
"POINT (7.072401566000053 51.467385572000069)",Unfall 35990 (2021) Kat:3, Licht: 0,35990,3,3,5,6,12,4,0,0,0,1,0,0,0,0
"POINT (6.989522391000037 51.453976299000033)",Unfall 35993 (2021) Kat:3, Licht: 0,35993,3,6,3,5,13,5,1,0,0,1,0,0,1,0
"POINT (7.053214507000064 51.445731950000038)",Unfall 35998 (2021) Kat:2, Licht: 0,35998,2,7,0,6,12,7,0,0,0,0,0,0,0,1
"POINT (7.037518420000026 51.448338473000035)",Unfall 35999 (2021) Kat:3, Licht: 1,35999,3,4,0,9,6,5,0,1,0,1,1,0,0,0
"POINT (7.099071499000047 51.463078599000028)",Unfall 36001 (2021) Kat:3, Licht: 0,36001,3,2,5,4,7,3,0,0,1,1,0,0,0,0
"POINT (7.075980568000034 51.399530923000043)",Unfall 36003 (2021) Kat:3, Licht: 0,36003,3,1,0,9,16,3,0,0,1,0,0,0,0,0
"POINT (7.026088809000044 51.434753373000035)",Unfall 36012 (2021) Kat:3, Licht: 0,36012,3,6,2,6,9,3,0,0,0,1,0,0,0,0
"POINT (6.988863301000038 51.453502094000044)",Unfall 36032 (2021) Kat:3, Licht: 0,36032,3,2,0,10,10,5,0,0,0,1,0,0,0,0
"POINT (7.013126364000072 51.476432702000068)",Unfall 36039 (2021) Kat:3, Licht: 0,36039,3,6,3,10,13,6,0,0,0,1,0,0,0,0
"POINT (7.007364664000022 51.449321876000056)",Unfall 36050 (2021) Kat:2, Licht: 2,36050,2,1,8,11,23,2,0,2,0,0,0,0,0,1
"POINT (7.083580389000076 51.444840217000035)",Unfall 36054 (2021) Kat:3, Licht: 0,36054,3,2,5,5,12,2,0,0,0,1,0,0,0,0
"POINT (6.995813309000027 51.498427728000081)",Unfall 36058 (2021) Kat:3, Licht: 2,36058,3,1,4,10,21,1,0,2,0,1,0,1,0,0
"POINT (7.078083412000069 51.444278216000043)",Unfall 36063 (2021) Kat:3, Licht: 0,36063,3,6,1,10,16,2,0,0,0,1,0,0,0,0
"POINT (7.031329298000060 51.460511053000062)",Unfall 36071 (2021) Kat:3, Licht: 0,36071,3,3,5,7,11,6,0,0,1,1,0,0,0,0
"POINT (7.024257557000055 51.419027542000038)",Unfall 36073 (2021) Kat:3, Licht: 0,36073,3,6,2,9,12,2,0,0,0,1,0,1,0,0
"POINT (7.015468094000028 51.461937228000068)",Unfall 36074 (2021) Kat:2, Licht: 0,36074,2,3,0,10,15,1,0,0,0,1,0,0,0,1
"POINT (7.064372176000063 51.478752413000052)",Unfall 36079 (2021) Kat:3, Licht: 0,36079,3,2,3,3,16,1,1,0,0,1,0,1,0,0
"POINT (7.019235119000029 51.446116323000069)",Unfall 36084 (2021) Kat:2, Licht: 2,36084,2,7,6,1,18,7,0,2,0,1,1,0,0,0
"POINT (7.014846185000067 51.457827016000067)",Unfall 36085 (2021) Kat:3, Licht: 0,36085,3,6,2,5,16,6,0,0,0,1,0,0,0,0
"POINT (7.006472632000055 51.445828553000069)",Unfall 36087 (2021) Kat:3, Licht: 2,36087,3,7,4,3,6,5,1,2,0,1,0,0,0,0
"POINT (7.034866990000069 51.444578619000026)",Unfall 36097 (2021) Kat:3, Licht: 0,36097,3,3,5,11,10,1,0,0,0,1,0,0,0,0
"POINT (7.045605122000040 51.456105824000076)",Unfall 36109 (2021) Kat:3, Licht: 0,36109,3,6,2,3,15,3,0,0,0,1,0,0,0,0
"POINT (7.021788110000045 51.420254355000054)",Unfall 36111 (2021) Kat:3, Licht: 0,36111,3,6,1,5,15,2,0,0,0,1,0,0,0,0
"POINT (7.085425734000069 51.397543077000080)",Unfall 36139 (2021) Kat:3, Licht: 0,36139,3,7,0,6,21,6,0,0,0,0,0,1,0,0
"POINT (7.076643571000034 51.442574350000029)",Unfall 36140 (2021) Kat:3, Licht: 2,36140,3,1,4,10,19,5,0,2,0,1,0,0,0,1
"POINT (7.035195648000069 51.455540920000033)",Unfall 36148 (2021) Kat:3, Licht: 0,36148,3,3,5,5,13,4,0,0,0,1,0,0,0,1
"POINT (6.999222642000063 51.423852605000036)",Unfall 36150 (2021) Kat:3, Licht: 0,36150,3,4,6,2,14,7,1,0,0,1,1,0,0,0
"POINT (7.009783310000046 51.493212608000078)",Unfall 36164 (2021) Kat:3, Licht: 0,36164,3,3,5,12,10,6,0,0,1,1,0,0,0,0
"POINT (7.018595782000034 51.468835132000038)",Unfall 36169 (2021) Kat:3, Licht: 2,36169,3,3,5,1,19,5,1,2,1,1,0,0,0,0
"POINT (7.075967696000021 51.399544967000054)",Unfall 36190 (2021) Kat:2, Licht: 2,36190,2,1,0,10,22,7,0,2,1,0,0,0,0,0
"POINT (7.055897117000029 51.429949738000062)",Unfall 36193 (2021) Kat:3, Licht: 0,36193,3,6,2,11,13,6,0,0,0,1,0,0,0,0
"POINT (7.028917326000055 51.451847073000067)",Unfall 36196 (2021) Kat:3, Licht: 0,36196,3,6,2,5,11,6,0,0,1,1,0,0,0,0
"POINT (7.021927533000053 51.381746322000026)",Unfall 36197 (2021) Kat:3, Licht: 1,36197,3,4,6,11,7,3,0,1,0,0,1,0,0,1
"POINT (7.025848581000048 51.385606963000043)",Unfall 36199 (2021) Kat:3, Licht: 0,36199,3,6,3,10,10,5,0,0,0,1,0,0,0,0
"POINT (7.008846129000062 51.483368340000027)",Unfall 36200 (2021) Kat:3, Licht: 0,36200,3,2,5,11,13,7,0,0,1,1,0,0,0,0
"POINT (7.059521740000037 51.490500840000038)",Unfall 36205 (2021) Kat:3, Licht: 2,36205,3,1,9,11,0,5,1,2,0,1,0,0,0,0
"POINT (7.032614997000053 51.459193286000072)",Unfall 36225 (2021) Kat:3, Licht: 2,36225,3,4,6,2,17,7,1,2,0,1,1,0,0,0
"POINT (7.049041632000069 51.502605212000049)",Unfall 36226 (2021) Kat:3, Licht: 0,36226,3,5,1,5,16,2,1,0,0,1,0,0,0,0
"POINT (7.027941280000050 51.498728327000038)",Unfall 36237 (2021) Kat:3, Licht: 0,36237,3,7,0,5,13,7,0,0,1,0,0,0,0,0
"POINT (7.007393248000028 51.518685215000062)",Unfall 36240 (2021) Kat:3, Licht: 0,36240,3,4,0,4,15,5,0,0,1,0,1,0,0,0
"POINT (7.083633987000042 51.390473948000079)",Unfall 36243 (2021) Kat:3, Licht: 0,36243,3,4,6,4,11,6,0,0,0,1,1,1,0,0
"POINT (6.987556231000042 51.503272889000073)",Unfall 36257 (2021) Kat:3, Licht: 1,36257,3,1,9,12,15,6,0,1,0,1,0,0,0,0
"POINT (7.006628403000036 51.445825138000032)",Unfall 36275 (2021) Kat:3, Licht: 2,36275,3,1,0,9,22,7,0,2,0,0,0,0,0,1
"POINT (6.985126195000021 51.449802841000064)",Unfall 36296 (2021) Kat:3, Licht: 2,36296,3,1,0,6,22,3,1,2,0,0,0,1,0,0
"POINT (6.997079372000030 51.458810085000039)",Unfall 36307 (2021) Kat:3, Licht: 0,36307,3,3,5,5,10,1,0,0,0,1,0,0,0,0
"POINT (7.071106402000055 51.469649769000057)",Unfall 36317 (2021) Kat:3, Licht: 0,36317,3,5,1,12,10,6,0,0,0,1,0,0,0,0
"POINT (7.034315340000035 51.449475156000062)",Unfall 36324 (2021) Kat:3, Licht: 0,36324,3,4,6,11,15,6,1,0,0,1,1,0,0,0
"POINT (7.007363531000067 51.452557686000034)",Unfall 36337 (2021) Kat:3, Licht: 1,36337,3,2,6,12,17,5,1,1,0,1,1,0,0,0
"POINT (7.094544480000025 51.469273681000061)",Unfall 36355 (2021) Kat:3, Licht: 0,36355,3,6,2,5,18,4,0,0,0,1,0,0,1,0
"POINT (7.070134852000024 51.467384165000055)",Unfall 36356 (2021) Kat:3, Licht: 0,36356,3,6,2,9,13,3,0,0,0,1,0,0,0,0
"POINT (7.015920407000067 51.453076688000067)",Unfall 36366 (2021) Kat:3, Licht: 0,36366,3,6,1,12,11,4,1,0,0,1,0,0,1,0
"POINT (7.068798118000075 51.455486097000062)",Unfall 36372 (2021) Kat:3, Licht: 2,36372,3,1,0,12,5,2,2,2,0,0,0,1,0,0
"POINT (7.001596292000045 51.481729891000043)",Unfall 36381 (2021) Kat:3, Licht: 2,36381,3,4,6,10,19,4,1,2,0,0,1,0,0,1
"POINT (7.041700770000034 51.437875459000054)",Unfall 36390 (2021) Kat:3, Licht: 0,36390,3,6,1,3,14,3,0,0,0,1,0,0,0,0
"POINT (7.002132821000032 51.434393840000041)",Unfall 36396 (2021) Kat:2, Licht: 2,36396,2,7,5,12,2,1,0,2,0,1,0,0,0,1
"POINT (6.995957248000025 51.495981423000046)",Unfall 36403 (2021) Kat:3, Licht: 0,36403,3,6,2,10,17,2,0,0,0,1,0,0,0,0
"POINT (7.004736887000035 51.448057212000037)",Unfall 36407 (2021) Kat:3, Licht: 0,36407,3,6,2,1,14,7,0,0,0,1,0,0,0,0
"POINT (7.107931447000055 51.455933670000036)",Unfall 36412 (2021) Kat:2, Licht: 0,36412,2,1,8,5,15,7,1,0,0,1,0,0,0,0
"POINT (7.070546007000075 51.449964016000081)",Unfall 36414 (2021) Kat:3, Licht: 0,36414,3,7,0,9,12,4,1,0,1,0,0,0,0,0
"POINT (6.991457719000039 51.398946084000045)",Unfall 36419 (2021) Kat:2, Licht: 0,36419,2,1,0,10,17,7,0,0,1,0,0,0,0,0
"POINT (7.032233807000068 51.452679188000047)",Unfall 36420 (2021) Kat:3, Licht: 2,36420,3,6,2,12,21,4,0,2,0,1,0,0,0,0
"POINT (7.001280590000022 51.465042310000058)",Unfall 36437 (2021) Kat:3, Licht: 0,36437,3,2,0,10,15,3,0,0,1,1,0,0,0,0
"POINT (7.083810423000045 51.443291061000082)",Unfall 36439 (2021) Kat:3, Licht: 0,36439,3,6,0,10,15,4,0,0,1,0,0,0,0,0
"POINT (7.010442437000052 51.494117942000059)",Unfall 36460 (2021) Kat:3, Licht: 2,36460,3,7,9,6,1,4,1,2,0,1,0,0,0,0
"POINT (7.013623667000047 51.462185122000051)",Unfall 36468 (2021) Kat:3, Licht: 0,36468,3,6,2,10,16,4,0,0,0,1,0,0,0,0
"POINT (7.039228839000032 51.476490671000079)",Unfall 36484 (2021) Kat:2, Licht: 0,36484,2,4,6,5,10,2,1,0,0,1,1,0,0,0
"POINT (6.984892365000064 51.421497906000070)",Unfall 36494 (2021) Kat:2, Licht: 2,36494,2,1,2,7,22,6,0,2,0,1,0,0,0,1
"POINT (7.021516810000037 51.454383374000031)",Unfall 36497 (2021) Kat:3, Licht: 0,36497,3,7,0,4,13,5,0,0,0,1,1,0,0,1
"POINT (7.025848581000048 51.385606963000043)",Unfall 36499 (2021) Kat:2, Licht: 2,36499,2,2,6,1,20,3,1,2,0,1,1,0,0,0
"POINT (7.008213177000073 51.523171274000049)",Unfall 36500 (2021) Kat:3, Licht: 0,36500,3,5,0,6,17,6,0,0,1,0,0,0,0,1
"POINT (6.997079292000024 51.458810516000028)",Unfall 36505 (2021) Kat:3, Licht: 2,36505,3,3,5,12,22,6,0,2,0,1,0,0,0,0
"POINT (7.012417748000075 51.531198309000047)",Unfall 36507 (2021) Kat:3, Licht: 0,36507,3,5,0,3,12,7,0,0,1,1,0,0,0,0
"POINT (7.004283351000026 51.459016287000054)",Unfall 36509 (2021) Kat:2, Licht: 0,36509,2,7,0,3,17,2,0,0,0,0,0,0,0,1
"POINT (6.988880326000071 51.453516575000037)",Unfall 36519 (2021) Kat:3, Licht: 0,36519,3,3,5,3,7,3,0,0,0,1,0,0,0,1
"POINT (7.033875617000035 51.442669665000039)",Unfall 36523 (2021) Kat:3, Licht: 0,36523,3,7,3,5,17,1,0,0,1,1,0,0,0,0
"POINT (7.039187779000031 51.476481346000071)",Unfall 36526 (2021) Kat:3, Licht: 0,36526,3,3,5,4,16,3,0,0,0,1,0,1,0,0
"POINT (7.016475856000056 51.441533414000048)",Unfall 36527 (2021) Kat:2, Licht: 0,36527,2,3,5,6,12,4,0,0,1,1,0,0,0,0
"POINT (7.029101060000073 51.437566697000079)",Unfall 36533 (2021) Kat:3, Licht: 0,36533,3,4,6,5,15,6,0,0,0,1,1,0,0,0
"POINT (7.007362515000068 51.449315678000062)",Unfall 36536 (2021) Kat:3, Licht: 2,36536,3,3,4,12,18,5,1,2,0,1,0,0,0,1
"POINT (7.085260383000048 51.461571440000057)",Unfall 36540 (2021) Kat:3, Licht: 0,36540,3,5,8,11,14,6,0,0,0,1,0,0,0,0
"POINT (7.094214048000026 51.449209649000068)",Unfall 36553 (2021) Kat:3, Licht: 1,36553,3,2,6,1,7,6,1,1,0,1,1,0,0,0
"POINT (7.019113517000051 51.496594765000054)",Unfall 36574 (2021) Kat:3, Licht: 0,36574,3,3,5,2,10,3,0,0,1,1,0,0,0,0
"POINT (7.001596292000045 51.481729891000043)",Unfall 36581 (2021) Kat:3, Licht: 0,36581,3,6,1,9,17,7,0,0,0,1,0,0,0,0
"POINT (7.080180603000031 51.465348960000028)",Unfall 36593 (2021) Kat:3, Licht: 0,36593,3,2,6,6,13,5,0,0,0,1,1,0,0,0
"POINT (7.009517868000046 51.482382247000032)",Unfall 36602 (2021) Kat:3, Licht: 2,36602,3,3,5,1,19,3,1,2,0,1,0,0,0,0
"POINT (7.017412339000032 51.450839530000053)",Unfall 36607 (2021) Kat:3, Licht: 2,36607,3,6,0,1,19,7,1,2,0,1,0,0,0,0
"POINT (7.093057204000047 51.463551125000038)",Unfall 36612 (2021) Kat:3, Licht: 0,36612,3,3,5,12,12,3,1,0,1,1,0,0,0,0
"POINT (7.082835517000035 51.446221317000038)",Unfall 36615 (2021) Kat:3, Licht: 0,36615,3,2,5,9,17,2,0,0,1,1,0,0,0,0
"POINT (7.033866054000043 51.442660015000058)",Unfall 36622 (2021) Kat:2, Licht: 0,36622,2,7,0,10,10,6,0,0,0,0,0,0,0,1
"POINT (7.038119030000075 51.439368806000061)",Unfall 36624 (2021) Kat:3, Licht: 0,36624,3,7,6,11,13,6,0,0,0,1,1,0,0,0
"POINT (6.997791652000046 51.400434902000029)",Unfall 36625 (2021) Kat:2, Licht: 0,36625,2,1,8,7,19,4,0,0,1,0,0,0,0,0
"POINT (7.076941086000033 51.451456389000043)",Unfall 36628 (2021) Kat:3, Licht: 0,36628,3,7,0,5,11,2,0,0,0,1,1,0,0,0
"POINT (7.022004179000021 51.420124380000061)",Unfall 36635 (2021) Kat:2, Licht: 0,36635,2,6,2,9,18,5,0,0,0,1,0,1,0,0
"POINT (7.009245955000040 51.490597576000027)",Unfall 36638 (2021) Kat:3, Licht: 0,36638,3,6,0,6,9,2,0,0,0,1,0,0,0,0
"POINT (7.009673236000026 51.482195487000070)",Unfall 36655 (2021) Kat:3, Licht: 0,36655,3,6,9,5,14,7,1,0,0,1,0,0,0,0
"POINT (7.061196740000071 51.445984492000036)",Unfall 36658 (2021) Kat:3, Licht: 0,36658,3,1,0,9,13,4,1,0,0,0,0,1,0,0
"POINT (7.106062831000031 51.472084042000063)",Unfall 36667 (2021) Kat:3, Licht: 0,36667,3,6,2,7,6,3,1,0,0,1,0,0,0,1
"POINT (7.092198921000033 51.420478723000031)",Unfall 36668 (2021) Kat:3, Licht: 0,36668,3,6,0,7,10,6,0,0,0,1,0,1,0,0
"POINT (7.000249289000067 51.466293672000063)",Unfall 36670 (2021) Kat:3, Licht: 2,36670,3,2,5,1,16,2,0,2,0,1,0,0,0,0
"POINT (7.109648280000044 51.414943909000044)",Unfall 36671 (2021) Kat:3, Licht: 0,36671,3,5,1,3,16,6,0,0,0,1,0,0,0,0
"POINT (7.048440697000046 51.499081992000072)",Unfall 36677 (2021) Kat:3, Licht: 2,36677,3,1,2,2,20,5,1,2,0,1,0,0,0,1
"POINT (6.992865031000065 51.413212146000035)",Unfall 36678 (2021) Kat:2, Licht: 2,36678,2,4,6,1,17,1,0,2,0,1,1,0,0,0
"POINT (7.053518445000066 51.458772895000038)",Unfall 36680 (2021) Kat:3, Licht: 0,36680,3,2,5,5,14,3,1,0,0,1,0,0,0,0
"POINT (7.038613443000031 51.373112878000029)",Unfall 36681 (2021) Kat:2, Licht: 0,36681,2,1,8,4,19,3,0,0,0,0,0,1,0,0
"POINT (7.055538496000054 51.428577203000032)",Unfall 36687 (2021) Kat:3, Licht: 1,36687,3,1,9,2,17,7,0,1,0,1,0,0,0,0
"POINT (7.016631387000075 51.450530691000040)",Unfall 36702 (2021) Kat:3, Licht: 2,36702,3,6,3,1,7,3,1,2,0,1,0,0,1,0
"POINT (7.096413812000037 51.470536250000066)",Unfall 36712 (2021) Kat:3, Licht: 2,36712,3,1,8,9,1,6,1,2,0,1,0,0,0,0
"POINT (7.070059196000045 51.449770738000041)",Unfall 36713 (2021) Kat:3, Licht: 2,36713,3,3,5,11,18,4,1,2,0,1,0,0,0,0
"POINT (6.991925815000059 51.503991227000029)",Unfall 36719 (2021) Kat:3, Licht: 0,36719,3,6,2,10,17,5,0,0,0,1,0,0,1,0