WKT,Name,OBJECTID,UKATEGORIE,UTYP1,UART,UMONAT,USTUNDE,UWOCHENTAG,STRZUSTAND,ULICHTVERH,ISTRAD,ISTPKW,ISTFUSS,ISTKRAD,ISTGKFZ,ISTSONSTIG
"POINT (7.032662216000062 51.424398491000034)",Unfall 36720 (2021) Kat:3, Licht: 1,36720,3,7,0,11,16,4,0,1,1,0,0,0,0,0
"POINT (7.007777364000049 51.520774267000036)",Unfall 36732 (2021) Kat:3, Licht: 1,36732,3,7,1,11,16,2,0,1,0,1,0,0,0,0
"POINT (7.002243735000036 51.434508259000040)",Unfall 36734 (2021) Kat:3, Licht: 0,36734,3,2,5,5,11,2,0,0,0,1,0,0,0,0
"POINT (6.995787745000030 51.417820247000066)",Unfall 36740 (2021) Kat:3, Licht: 2,36740,3,1,2,12,6,2,2,2,0,1,0,0,0,0
"POINT (7.036256840000021 51.440367154000057)",Unfall 36741 (2021) Kat:3, Licht: 0,36741,3,2,6,3,8,6,0,0,0,1,1,0,0,0
"POINT (7.041784329000052 51.438002043000040)",Unfall 36742 (2021) Kat:3, Licht: 2,36742,3,7,6,1,6,4,1,2,0,1,1,0,0,0
"POINT (7.081283774000042 51.392799868000054)",Unfall 36748 (2021) Kat:3, Licht: 2,36748,3,7,5,2,19,6,0,2,0,0,1,1,0,0
"POINT (7.011741682000036 51.433236460000046)",Unfall 36759 (2021) Kat:3, Licht: 2,36759,3,1,0,11,19,7,0,2,0,0,0,0,0,1
"POINT (7.007040168000060 51.511949141000059)",Unfall 36771 (2021) Kat:3, Licht: 0,36771,3,1,0,11,10,6,0,0,1,0,0,0,0,0
"POINT (7.009591107000062 51.491957231000072)",Unfall 36797 (2021) Kat:3, Licht: 2,36797,3,3,5,11,18,6,1,2,1,1,0,0,0,0
"POINT (7.013893338000059 51.474153050000041)",Unfall 36803 (2021) Kat:2, Licht: 2,36803,2,4,6,12,17,4,1,2,0,1,1,0,0,0
"POINT (7.048550119000026 51.500088208000079)",Unfall 36817 (2021) Kat:3, Licht: 0,36817,3,7,0,5,13,7,1,0,0,1,1,0,0,0
"POINT (7.038580115000059 51.501422779000052)",Unfall 36821 (2021) Kat:3, Licht: 2,36821,3,2,6,1,19,7,1,2,0,1,1,0,0,0
"POINT (6.998084047000020 51.455060745000026)",Unfall 36822 (2021) Kat:3, Licht: 1,36822,3,3,5,5,20,4,1,1,1,1,0,0,0,0
"POINT (7.028258610000023 51.452164193000044)",Unfall 36832 (2021) Kat:2, Licht: 0,36832,2,6,3,4,8,3,0,0,0,1,0,0,0,0
"POINT (6.998012674000051 51.455028704000028)",Unfall 36838 (2021) Kat:3, Licht: 0,36838,3,6,2,11,11,3,0,0,0,1,0,0,0,0
"POINT (7.003942995000045 51.388441883000041)",Unfall 36846 (2021) Kat:3, Licht: 0,36846,3,6,1,4,11,5,0,0,0,1,0,0,0,0
"POINT (7.079450891000022 51.463747276000049)",Unfall 36850 (2021) Kat:3, Licht: 0,36850,3,3,5,6,19,6,0,0,0,1,0,0,0,1
"POINT (7.047635766000042 51.446724787000051)",Unfall 36859 (2021) Kat:3, Licht: 2,36859,3,5,0,2,21,7,0,2,1,1,0,0,0,0
"POINT (7.007445424000025 51.476230382000040)",Unfall 36874 (2021) Kat:3, Licht: 0,36874,3,2,2,12,12,2,1,0,0,1,0,0,0,1
"POINT (6.996550195000054 51.495041781000054)",Unfall 36882 (2021) Kat:3, Licht: 2,36882,3,2,5,3,5,2,1,2,1,1,0,0,0,0
"POINT (7.081283774000042 51.392799868000054)",Unfall 36889 (2021) Kat:3, Licht: 0,36889,3,2,6,12,11,4,1,0,0,1,1,0,0,0
"POINT (7.012225638000075 51.478533568000046)",Unfall 36896 (2021) Kat:3, Licht: 0,36896,3,7,0,1,9,4,1,0,0,1,0,0,0,1
"POINT (6.999678292000056 51.446814955000036)",Unfall 36903 (2021) Kat:2, Licht: 0,36903,2,6,2,9,15,5,0,0,0,1,0,0,0,0
"POINT (7.048023091000061 51.495684106000056)",Unfall 36911 (2021) Kat:2, Licht: 2,36911,2,4,6,12,17,2,0,2,0,1,1,0,0,0
"POINT (6.992409265000049 51.411626393000063)",Unfall 36912 (2021) Kat:2, Licht: 2,36912,2,4,0,12,20,6,1,2,0,1,1,0,0,0
"POINT (7.007221348000030 51.517746393000039)",Unfall 36925 (2021) Kat:3, Licht: 0,36925,3,2,3,6,10,1,0,0,0,1,0,1,0,0
"POINT (7.015615437000065 51.375052941000035)",Unfall 36951 (2021) Kat:3, Licht: 2,36951,3,2,6,10,6,3,1,2,0,0,1,0,0,1
"POINT (7.011679767000032 51.433243350000055)",Unfall 36952 (2021) Kat:3, Licht: 0,36952,3,2,0,2,9,4,0,0,0,1,0,0,0,1
"POINT (7.068384984000033 51.422417597000049)",Unfall 36957 (2021) Kat:3, Licht: 2,36957,3,1,0,9,22,6,1,2,1,0,0,0,0,0
"POINT (7.015358095000067 51.461105855000028)",Unfall 36962 (2021) Kat:3, Licht: 0,36962,3,7,0,9,16,6,0,0,0,0,0,0,0,1
"POINT (7.006720727000072 51.517700449000074)",Unfall 36964 (2021) Kat:3, Licht: 2,36964,3,5,0,9,21,4,1,2,1,1,0,0,0,0
"POINT (6.999501114000054 51.424797736000073)",Unfall 36981 (2021) Kat:2, Licht: 0,36981,2,3,5,9,18,5,0,0,0,1,0,1,0,0
"POINT (7.030071189000068 51.451259149000066)",Unfall 36987 (2021) Kat:3, Licht: 0,36987,3,3,4,2,14,1,0,0,0,1,0,0,0,0
"POINT (6.999941177000039 51.458719837000046)",Unfall 37003 (2021) Kat:3, Licht: 0,37003,3,7,0,6,14,6,0,0,1,0,0,0,0,0
"POINT (6.989425628000049 51.445070112000053)",Unfall 37009 (2021) Kat:3, Licht: 0,37009,3,6,2,5,9,2,0,0,0,1,0,0,0,0
"POINT (7.028942280000024 51.445830033000050)",Unfall 37023 (2021) Kat:3, Licht: 0,37023,3,6,2,1,14,6,1,0,0,1,0,0,0,0
"POINT (7.021470877000070 51.436727608000069)",Unfall 37024 (2021) Kat:3, Licht: 1,37024,3,7,0,6,5,6,1,1,0,0,0,0,0,1
"POINT (6.996524846000057 51.389511966000043)",Unfall 37035 (2021) Kat:3, Licht: 0,37035,3,7,0,2,15,4,0,0,1,0,0,0,0,0
"POINT (7.041858060000038 51.410245162000081)",Unfall 37036 (2021) Kat:2, Licht: 0,37036,2,5,3,5,11,3,0,0,0,1,0,0,0,0
"POINT (7.012423230000024 51.461961613000028)",Unfall 37037 (2021) Kat:3, Licht: 2,37037,3,1,9,10,3,1,1,2,0,1,1,0,0,0
"POINT (7.015919888000042 51.453081626000028)",Unfall 37056 (2021) Kat:3, Licht: 2,37056,3,2,3,10,19,6,0,2,0,1,0,1,0,0
"POINT (7.020641297000054 51.446706073000030)",Unfall 37065 (2021) Kat:3, Licht: 2,37065,3,6,0,12,16,5,0,2,0,1,0,0,0,0
"POINT (7.015122753000071 51.457333514000027)",Unfall 37066 (2021) Kat:3, Licht: 0,37066,3,6,2,9,12,4,1,0,0,1,0,0,0,1
"POINT (6.995023740000022 51.459180809000031)",Unfall 37075 (2021) Kat:3, Licht: 0,37075,3,6,2,12,14,4,1,0,0,1,0,0,0,0
"POINT (7.037134223000066 51.446042205000026)",Unfall 37076 (2021) Kat:3, Licht: 0,37076,3,6,3,1,13,6,0,0,0,1,0,1,0,0
"POINT (7.027267515000062 51.452445686000033)",Unfall 37091 (2021) Kat:3, Licht: 0,37091,3,7,0,11,13,7,0,0,0,0,0,0,0,1
"POINT (7.043921471000033 51.484220940000057)",Unfall 37125 (2021) Kat:3, Licht: 0,37125,3,1,8,9,13,4,0,0,0,1,0,0,0,0
"POINT (7.026379796000072 51.469934592000072)",Unfall 37129 (2021) Kat:3, Licht: 0,37129,3,7,0,10,13,1,0,0,1,0,0,0,0,0
"POINT (7.008497117000047 51.503389201000061)",Unfall 37130 (2021) Kat:3, Licht: 0,37130,3,7,0,12,10,2,0,0,0,1,0,0,0,0
"POINT (6.998173320000035 51.489814727000066)",Unfall 49730 (2021) Kat:3, Licht: 0,49730,3,7,6,6,13,6,0,0,1,0,1,0,0,0
"POINT (7.000674060000051 51.474269658000026)",Unfall 49737 (2021) Kat:3, Licht: 0,49737,3,2,5,8,18,7,1,0,0,1,0,0,0,0
"POINT (6.935479265000026 51.370014380000043)",Unfall 49749 (2021) Kat:3, Licht: 0,49749,3,3,5,8,12,5,0,0,0,1,0,0,0,0
"POINT (6.911705884000071 51.363090318000047)",Unfall 49750 (2021) Kat:2, Licht: 0,49750,2,1,2,8,13,1,0,0,0,0,0,1,0,0
"POINT (6.905520488000036 51.479203914000038)",Unfall 49763 (2021) Kat:2, Licht: 0,49763,2,1,0,8,13,1,0,0,1,0,0,0,0,0
"POINT (7.054783286000031 51.431292871000039)",Unfall 49764 (2021) Kat:3, Licht: 0,49764,3,6,2,4,15,2,0,0,0,1,0,0,0,0
"POINT (7.016420437000022 51.424617670000032)",Unfall 49778 (2021) Kat:3, Licht: 0,49778,3,2,3,2,15,4,0,0,1,1,0,0,0,0
"POINT (6.983460480000076 51.381836236000026)",Unfall 49782 (2021) Kat:3, Licht: 0,49782,3,6,2,8,17,6,0,0,0,1,0,1,0,0
"POINT (6.980458132000024 51.488857685000028)",Unfall 49787 (2021) Kat:3, Licht: 0,49787,3,2,5,4,18,5,0,0,0,1,0,0,0,0
"POINT (6.991009958000063 51.454235931000028)",Unfall 49789 (2021) Kat:3, Licht: 0,49789,3,1,8,8,18,7,0,0,0,0,0,1,0,0
"POINT (6.996595318000061 51.392308048000075)",Unfall 49823 (2021) Kat:2, Licht: 0,49823,2,6,4,8,18,6,0,0,1,0,0,0,0,0
"POINT (7.079571444000067 51.463977177000061)",Unfall 49827 (2021) Kat:3, Licht: 0,49827,3,3,5,7,13,2,0,0,0,1,0,0,0,0
"POINT (6.969748524000067 51.461451140000065)",Unfall 49834 (2021) Kat:3, Licht: 2,49834,3,2,2,8,22,1,0,2,0,1,0,1,0,0
"POINT (7.051994136000076 51.481233502000066)",Unfall 49838 (2021) Kat:2, Licht: 0,49838,2,2,5,7,17,7,0,0,0,1,0,1,0,0
"POINT (7.011143491000041 51.493764463000048)",Unfall 49846 (2021) Kat:3, Licht: 0,49846,3,7,0,8,16,1,0,0,0,1,1,0,0,0
"POINT (7.024813534000032 51.416740200000049)",Unfall 49852 (2021) Kat:3, Licht: 0,49852,3,1,0,6,12,1,0,0,1,0,0,0,0,0
"POINT (6.924783791000038 51.487678823000067)",Unfall 49859 (2021) Kat:3, Licht: 0,49859,3,7,0,8,14,4,0,0,1,0,0,0,0,1
"POINT (7.009109083000055 51.484598170000027)",Unfall 49877 (2021) Kat:3, Licht: 1,49877,3,7,6,7,7,3,1,1,0,1,1,0,0,0
"POINT (7.077057283000045 51.449471403000075)",Unfall 49879 (2021) Kat:3, Licht: 0,49879,3,6,2,8,16,7,0,0,0,1,0,0,0,0
"POINT (6.942384936000053 51.354283288000033)",Unfall 49885 (2021) Kat:2, Licht: 0,49885,2,7,6,7,8,7,0,0,0,1,1,0,0,0
"POINT (7.079066633000025 51.463047705000065)",Unfall 49890 (2021) Kat:3, Licht: 0,49890,3,7,1,7,15,7,0,0,0,1,0,1,0,0
"POINT (7.029829006000057 51.445338041000070)",Unfall 49927 (2021) Kat:3, Licht: 0,49927,3,6,3,8,11,7,0,0,0,1,0,0,0,0
"POINT (7.006468503000065 51.456489825000062)",Unfall 49928 (2021) Kat:3, Licht: 0,49928,3,6,2,8,17,7,1,0,0,1,0,1,0,0
"POINT (6.980212987000073 51.487331465000068)",Unfall 49940 (2021) Kat:3, Licht: 0,49940,3,6,2,8,18,6,0,0,0,1,0,0,0,0
"POINT (7.009388301000058 51.404061599000045)",Unfall 49962 (2021) Kat:2, Licht: 0,49962,2,7,0,3,15,5,1,0,1,1,0,0,0,0
"POINT (7.010326090000035 51.497290973000077)",Unfall 49968 (2021) Kat:3, Licht: 0,49968,3,6,3,8,12,7,0,0,0,1,0,0,0,0
"POINT (6.974723800000049 51.427975654000079)",Unfall 49974 (2021) Kat:3, Licht: 0,49974,3,1,0,8,19,7,0,0,1,0,0,0,0,0
"POINT (7.054228206000062 51.411369993000051)",Unfall 49989 (2021) Kat:3, Licht: 0,49989,3,6,2,7,9,5,0,0,0,1,0,0,1,0
"POINT (7.026754118000042 51.437126509000052)",Unfall 49998 (2021) Kat:3, Licht: 0,49998,3,4,6,1,12,3,0,0,0,1,1,0,0,0
"POINT (7.094450045000031 51.469218409000064)",Unfall 50003 (2021) Kat:3, Licht: 0,50003,3,6,2,6,13,1,0,0,0,1,0,0,0,0
"POINT (7.000582846000043 51.387730397000041)",Unfall 50017 (2021) Kat:3, Licht: 0,50017,3,4,6,8,10,4,0,0,0,1,1,0,0,0
"POINT (6.964502157000027 51.407219433000080)",Unfall 50026 (2021) Kat:2, Licht: 1,50026,2,6,2,8,5,1,1,1,0,1,0,0,0,1
"POINT (7.000360906000026 51.483419087000073)",Unfall 50036 (2021) Kat:3, Licht: 2,50036,3,7,0,8,21,1,1,2,0,0,0,1,0,0
"POINT (6.973106659000052 51.431752777000042)",Unfall 50037 (2021) Kat:3, Licht: 0,50037,3,7,1,6,20,3,0,0,1,1,0,0,0,0
"POINT (7.024643912000045 51.446999607000066)",Unfall 50038 (2021) Kat:3, Licht: 2,50038,3,6,2,11,18,1,0,2,0,1,0,0,0,0
"POINT (6.964125804000048 51.456338747000075)",Unfall 50048 (2021) Kat:3, Licht: 2,50048,3,2,5,8,1,1,0,2,0,1,0,0,0,0
"POINT (7.024081912000042 51.453252107000026)",Unfall 50063 (2021) Kat:2, Licht: 2,50063,2,1,0,8,22,1,1,2,0,1,1,0,0,0
"POINT (6.945509534000053 51.361743903000047)",Unfall 50081 (2021) Kat:3, Licht: 0,50081,3,2,5,8,17,4,0,0,1,1,0,0,0,0
"POINT (7.056352425000057 51.423861410000029)",Unfall 50109 (2021) Kat:2, Licht: 0,50109,2,7,0,8,17,1,1,0,1,0,0,0,0,0
"POINT (6.918847688000028 51.471925659000078)",Unfall 50123 (2021) Kat:3, Licht: 0,50123,3,6,2,7,15,4,0,0,0,1,0,0,1,0
"POINT (7.007445279000024 51.476230623000049)",Unfall 50128 (2021) Kat:3, Licht: 2,50128,3,2,4,8,23,1,1,2,0,1,0,0,0,0
"POINT (6.932341406000035 51.372630894000054)",Unfall 50157 (2021) Kat:2, Licht: 2,50157,2,1,1,8,21,1,0,2,0,0,0,1,0,0
"POINT (6.955662832000030 51.462967367000033)",Unfall 50159 (2021) Kat:3, Licht: 0,50159,3,4,6,8,19,5,0,0,0,1,1,0,0,0
"POINT (6.963879368000050 51.428283280000073)",Unfall 50171 (2021) Kat:3, Licht: 0,50171,3,1,8,7,13,2,0,0,0,1,0,0,0,0
"POINT (7.037410605000048 51.475035856000034)",Unfall 50184 (2021) Kat:3, Licht: 0,50184,3,7,5,8,11,2,1,0,0,1,0,0,0,1
"POINT (7.040810818000068 51.447778339000081)",Unfall 50211 (2021) Kat:3, Licht: 0,50211,3,7,0,8,11,1,0,0,0,1,0,1,0,0
"POINT (6.950200839000047 51.464478381000049)",Unfall 50221 (2021) Kat:3, Licht: 0,50221,3,3,5,11,12,6,0,0,0,1,0,0,0,1
"POINT (7.039244191000023 51.448032734000037)",Unfall 50234 (2021) Kat:2, Licht: 1,50234,2,6,0,8,20,1,1,1,0,1,0,1,0,0
"POINT (7.079046087000052 51.465806106000059)",Unfall 50239 (2021) Kat:3, Licht: 0,50239,3,6,1,4,10,2,0,0,0,1,0,0,0,0
"POINT (6.996695050000028 51.392285254000058)",Unfall 50254 (2021) Kat:3, Licht: 0,50254,3,2,4,8,18,3,0,0,0,1,0,0,0,0
"POINT (7.010153320000029 51.493592327000044)",Unfall 50259 (2021) Kat:3, Licht: 0,50259,3,1,0,11,15,5,0,0,0,1,0,0,0,0
"POINT (6.994186707000040 51.439507231000050)",Unfall 50274 (2021) Kat:3, Licht: 0,50274,3,7,1,4,18,5,0,0,0,1,0,1,0,0
"POINT (7.016288110000062 51.451133365000032)",Unfall 50275 (2021) Kat:3, Licht: 0,50275,3,7,0,7,13,4,0,0,0,1,0,0,0,0
"POINT (7.035999705000052 51.448845991000042)",Unfall 50292 (2021) Kat:3, Licht: 1,50292,3,7,5,8,21,3,0,1,0,1,0,0,0,0
"POINT (7.025837978000027 51.385967497000081)",Unfall 50311 (2021) Kat:3, Licht: 0,50311,3,1,1,8,8,5,0,0,0,1,0,0,0,0
"POINT (7.011848997000072 51.508807715000046)",Unfall 50332 (2021) Kat:2, Licht: 0,50332,2,3,5,8,16,5,0,0,0,1,0,1,0,0
"POINT (7.001418333000061 51.481728800000042)",Unfall 50384 (2021) Kat:2, Licht: 2,50384,2,2,4,8,23,5,0,2,0,1,0,0,0,0
"POINT (7.018337358000053 51.469860045000075)",Unfall 50400 (2021) Kat:3, Licht: 0,50400,3,6,2,7,18,5,0,0,0,1,0,0,0,0
"POINT (7.008311843000058 51.523708889000034)",Unfall 50409 (2021) Kat:3, Licht: 0,50409,3,6,2,6,14,2,1,0,0,1,0,0,0,0
"POINT (6.967955717000052 51.485959808000075)",Unfall 50410 (2021) Kat:2, Licht: 0,50410,2,6,1,7,18,5,0,0,0,1,0,0,0,0
"POINT (7.090924178000023 51.463152051000066)",Unfall 50422 (2021) Kat:3, Licht: 0,50422,3,6,2,7,17,5,1,0,0,1,0,0,0,0
"POINT (7.011960119000037 51.425840816000061)",Unfall 50427 (2021) Kat:3, Licht: 0,50427,3,6,2,8,14,6,1,0,0,1,0,0,0,1
"POINT (7.103714422000053 51.436977859000081)",Unfall 50432 (2021) Kat:3, Licht: 0,50432,3,4,6,8,16,3,0,0,0,1,1,0,0,0
"POINT (7.054861311000025 51.431316015000050)",Unfall 50448 (2021) Kat:3, Licht: 0,50448,3,6,3,8,9,2,0,0,0,1,0,0,0,0
"POINT (6.998297550000075 51.386898168000073)",Unfall 50450 (2021) Kat:3, Licht: 0,50450,3,1,2,8,16,7,0,0,1,1,0,0,0,0
"POINT (7.076207850000060 51.444199867000066)",Unfall 50457 (2021) Kat:3, Licht: 2,50457,3,3,0,7,5,3,0,2,1,1,0,0,0,0
"POINT (7.032738049000045 51.459162536000065)",Unfall 50458 (2021) Kat:2, Licht: 0,50458,2,2,4,7,17,3,0,0,0,1,0,1,0,0
"POINT (6.959004063000066 51.419938305000073)",Unfall 50462 (2021) Kat:3, Licht: 0,50462,3,7,5,8,14,6,1,0,1,1,0,0,0,0
"POINT (6.995191112000043 51.413558026000032)",Unfall 50478 (2021) Kat:3, Licht: 0,50478,3,7,3,7,11,2,0,0,0,0,0,1,1,0
"POINT (7.000360906000026 51.483419087000073)",Unfall 50487 (2021) Kat:3, Licht: 0,50487,3,6,1,8,15,7,0,0,0,1,0,0,0,0
"POINT (7.094294262000062 51.449135197000032)",Unfall 50489 (2021) Kat:3, Licht: 0,50489,3,2,5,6,13,7,0,0,0,1,0,1,0,0
"POINT (7.105474354000023 51.475173551000069)",Unfall 50518 (2021) Kat:3, Licht: 0,50518,3,3,0,7,17,7,0,0,0,1,0,0,0,0
"POINT (7.083468792000076 51.444865524000079)",Unfall 50531 (2021) Kat:3, Licht: 0,50531,3,6,1,8,14,2,0,0,0,1,0,0,0,0
"POINT (6.997310789000039 51.458732171000065)",Unfall 50532 (2021) Kat:3, Licht: 0,50532,3,6,2,8,15,5,0,0,0,1,0,0,0,0
"POINT (6.977161439000042 51.476229751000062)",Unfall 50536 (2021) Kat:3, Licht: 0,50536,3,6,2,8,13,6,0,0,0,1,0,0,0,1
"POINT (6.974261324000054 51.442961658000058)",Unfall 50545 (2021) Kat:3, Licht: 0,50545,3,6,3,8,8,4,0,0,0,1,0,0,0,0
"POINT (7.024081912000042 51.453252107000026)",Unfall 50546 (2021) Kat:3, Licht: 0,50546,3,1,8,8,13,2,0,0,0,1,0,0,0,0
"POINT (7.031321135000042 51.460518808000074)",Unfall 50566 (2021) Kat:3, Licht: 0,50566,3,2,4,7,17,7,1,0,0,1,0,0,0,0
"POINT (7.001280558000076 51.465042294000057)",Unfall 50574 (2021) Kat:3, Licht: 0,50574,3,3,5,8,8,6,1,0,0,1,0,0,0,0
"POINT (7.024813534000032 51.416740200000049)",Unfall 50595 (2021) Kat:2, Licht: 2,50595,2,3,0,7,22,3,0,2,0,1,0,1,0,0
"POINT (6.979515173000038 51.434990857000059)",Unfall 50604 (2021) Kat:3, Licht: 0,50604,3,1,9,8,17,1,1,0,0,1,0,0,0,0
"POINT (7.080623822000064 51.447690931000068)",Unfall 50623 (2021) Kat:3, Licht: 0,50623,3,3,5,4,13,3,0,0,1,1,0,0,0,0
"POINT (7.070916499000020 51.450112951000051)",Unfall 50629 (2021) Kat:3, Licht: 0,50629,3,6,0,8,7,5,0,0,1,0,0,0,0,0
"POINT (7.053689593000058 51.411681080000051)",Unfall 50634 (2021) Kat:3, Licht: 0,50634,3,4,6,8,7,3,0,0,0,1,1,0,0,0
"POINT (7.037518420000026 51.448338473000035)",Unfall 50647 (2021) Kat:3, Licht: 2,50647,3,3,5,8,22,3,1,2,0,1,0,0,0,0
"POINT (7.013291482000056 51.462153661000059)",Unfall 50657 (2021) Kat:3, Licht: 2,50657,3,7,0,7,0,6,0,2,0,0,0,0,0,1
"POINT (7.039238300000022 51.479272754000078)",Unfall 50661 (2021) Kat:3, Licht: 0,50661,3,7,0,8,18,4,0,0,0,0,0,1,0,0
"POINT (6.965509055000041 51.437336935000076)",Unfall 50686 (2021) Kat:1, Licht: 0,50686,1,4,6,8,17,7,0,0,0,1,1,0,0,0
"POINT (7.006629776000068 51.455365796000081)",Unfall 50687 (2021) Kat:3, Licht: 0,50687,3,1,9,8,15,4,0,0,0,1,0,0,0,0
"POINT (7.044203810000056 51.455549074000032)",Unfall 50713 (2021) Kat:3, Licht: 0,50713,3,6,3,8,10,2,0,0,0,1,0,0,1,0
"POINT (7.096192780000024 51.418956590000050)",Unfall 50742 (2021) Kat:3, Licht: 0,50742,3,1,4,7,18,1,0,0,1,1,0,0,0,0
"POINT (6.963705718000028 51.453759503000072)",Unfall 50752 (2021) Kat:3, Licht: 1,50752,3,1,0,8,21,6,1,1,0,0,0,1,0,0
"POINT (7.041281151000021 51.502147560000026)",Unfall 50761 (2021) Kat:3, Licht: 0,50761,3,2,5,7,21,4,0,0,1,1,0,0,0,0
"POINT (7.000287793000041 51.483536319000052)",Unfall 50765 (2021) Kat:2, Licht: 0,50765,2,3,5,8,14,5,0,0,1,1,0,0,0,0
"POINT (7.000180361000048 51.435030566000080)",Unfall 50766 (2021) Kat:3, Licht: 2,50766,3,7,6,6,4,1,0,2,0,1,1,0,0,0
"POINT (7.037518420000026 51.448338473000035)",Unfall 50767 (2021) Kat:3, Licht: 0,50767,3,6,1,7,14,4,0,0,0,1,0,0,0,0
"POINT (7.006850851000024 51.468015971000057)",Unfall 50770 (2021) Kat:3, Licht: 0,50770,3,3,5,7,14,6,0,0,1,1,0,0,0,0
"POINT (7.048423992000039 51.498922625000034)",Unfall 50776 (2021) Kat:3, Licht: 0,50776,3,3,5,7,10,5,1,0,0,1,0,0,0,0
"POINT (7.042745026000034 51.478016460000049)",Unfall 50781 (2021) Kat:2, Licht: 0,50781,2,7,2,8,18,3,0,0,0,1,0,1,0,0
"POINT (7.083076439000024 51.426160149000054)",Unfall 50782 (2021) Kat:3, Licht: 0,50782,3,6,5,4,9,3,0,0,0,1,0,0,0,0
"POINT (7.083468792000076 51.444865524000079)",Unfall 50791 (2021) Kat:3, Licht: 0,50791,3,7,1,7,11,6,0,0,0,1,0,0,0,0
"POINT (7.004435776000037 51.458224238000071)",Unfall 50792 (2021) Kat:3, Licht: 0,50792,3,2,3,8,9,2,0,0,0,1,0,1,0,0
"POINT (6.998426719000065 51.488728445000049)",Unfall 50803 (2021) Kat:3, Licht: 0,50803,3,6,2,8,15,2,0,0,0,1,0,0,0,0
"POINT (7.052506056000027 51.411684083000068)",Unfall 50810 (2021) Kat:3, Licht: 0,50810,3,1,8,7,19,3,1,0,0,1,0,0,0,0
"POINT (7.004522429000076 51.460183572000062)",Unfall 50824 (2021) Kat:3, Licht: 1,50824,3,1,0,8,21,6,0,1,1,0,0,0,0,0
"POINT (7.081049327000073 51.410699459000057)",Unfall 50831 (2021) Kat:2, Licht: 0,50831,2,2,0,7,11,7,0,0,1,1,0,0,0,0
"POINT (6.963058509000064 51.462118621000059)",Unfall 50845 (2021) Kat:3, Licht: 0,50845,3,7,0,8,17,4,0,0,1,0,0,0,0,0
"POINT (7.080362739000066 51.465652304000059)",Unfall 50853 (2021) Kat:3, Licht: 0,50853,3,6,3,6,18,3,0,0,0,1,0,0,0,0
"POINT (6.958380150000039 51.420174321000047)",Unfall 50872 (2021) Kat:3, Licht: 0,50872,3,2,5,11,17,6,1,0,0,1,0,0,0,0
"POINT (6.980075061000036 51.435885931000030)",Unfall 50896 (2021) Kat:3, Licht: 0,50896,3,7,0,7,13,1,0,0,1,0,0,0,0,0
"POINT (6.987333713000055 51.465813092000076)",Unfall 50901 (2021) Kat:2, Licht: 0,50901,2,6,2,8,15,7,0,0,0,1,0,0,0,0
"POINT (6.929431615000055 51.464835528000037)",Unfall 50910 (2021) Kat:2, Licht: 0,50910,2,3,5,8,14,7,0,0,0,1,0,0,0,1
"POINT (6.944468126000061 51.390826437000044)",Unfall 50919 (2021) Kat:3, Licht: 0,50919,3,2,2,7,11,7,0,0,0,1,0,0,0,0
"POINT (6.992824534000022 51.491497789000050)",Unfall 50924 (2021) Kat:3, Licht: 0,50924,3,7,2,7,15,5,0,0,0,1,0,0,0,1
"POINT (7.083101863000024 51.426138285000036)",Unfall 50939 (2021) Kat:3, Licht: 0,50939,3,6,2,7,14,5,0,0,0,1,0,0,0,0
"POINT (6.996140445000037 51.492304889000081)",Unfall 50946 (2021) Kat:3, Licht: 0,50946,3,4,6,8,13,5,0,0,0,1,1,0,0,0
"POINT (7.046325511000020 51.456750037000063)",Unfall 50948 (2021) Kat:3, Licht: 0,50948,3,6,3,8,14,6,0,0,0,1,0,0,1,0
"POINT (6.898288868000066 51.474110887000052)",Unfall 50951 (2021) Kat:3, Licht: 0,50951,3,7,0,7,13,7,0,0,1,0,0,0,0,0
"POINT (7.010068792000027 51.483415263000040)",Unfall 50977 (2021) Kat:3, Licht: 0,50977,3,4,6,7,19,5,0,0,0,0,1,1,0,0
"POINT (7.022688847000040 51.436887032000072)",Unfall 50978 (2021) Kat:3, Licht: 0,50978,3,3,5,4,13,2,0,0,0,1,0,0,0,1
"POINT (7.066439397000067 51.464233910000075)",Unfall 50990 (2021) Kat:2, Licht: 2,50990,2,1,3,8,20,1,1,2,0,1,0,0,0,0
"POINT (7.040400127000055 51.454283825000061)",Unfall 51005 (2021) Kat:2, Licht: 0,51005,2,6,2,5,15,5,0,0,0,1,0,0,0,0
"POINT (7.008055236000075 51.503891604000046)",Unfall 51014 (2021) Kat:2, Licht: 0,51014,2,1,8,8,16,1,0,0,0,0,0,1,0,0
"POINT (7.043255651000038 51.437370152000028)",Unfall 51019 (2021) Kat:3, Licht: 0,51019,3,6,2,7,13,6,0,0,0,1,0,1,0,0
"POINT (7.043384572000036 51.447386620000032)",Unfall 51020 (2021) Kat:2, Licht: 0,51020,2,2,4,7,10,5,0,0,0,1,0,0,0,0
"POINT (7.030757574000063 51.450885809000056)",Unfall 51041 (2021) Kat:2, Licht: 0,51041,2,1,0,8,10,2,0,0,1,1,0,0,0,0
"POINT (7.018337358000053 51.469860045000075)",Unfall 51045 (2021) Kat:3, Licht: 0,51045,3,6,2,8,13,5,0,0,0,1,0,0,0,0
"POINT (7.006805640000039 51.515463386000079)",Unfall 51071 (2021) Kat:2, Licht: 0,51071,2,1,0,8,13,1,1,0,0,0,0,1,0,0