WKT,Name,OBJECTID,UKATEGORIE,UTYP1,UART,UMONAT,USTUNDE,UWOCHENTAG,STRZUSTAND,ULICHTVERH,ISTRAD,ISTPKW,ISTFUSS,ISTKRAD,ISTGKFZ,ISTSONSTIG
"POINT (7.033967717000053 51.438314346000027)",Unfall 51083 (2021) Kat:3, Licht: 0,51083,3,6,2,7,15,6,0,0,0,1,0,0,1,0
"POINT (7.030757574000063 51.450885809000056)",Unfall 51084 (2021) Kat:2, Licht: 0,51084,2,7,0,8,13,7,1,0,0,0,0,1,0,0
"POINT (6.982798958000046 51.381789870000034)",Unfall 51085 (2021) Kat:3, Licht: 0,51085,3,7,3,7,15,1,0,0,1,0,0,1,0,0
"POINT (7.007810499000072 51.506059542000060)",Unfall 51094 (2021) Kat:3, Licht: 0,51094,3,4,6,7,18,1,0,0,0,1,1,0,0,0
"POINT (7.022578879000037 51.436921248000033)",Unfall 51099 (2021) Kat:3, Licht: 0,51099,3,3,0,8,14,5,0,0,0,1,0,0,0,1
"POINT (6.961408049000056 51.448265087000038)",Unfall 51100 (2021) Kat:3, Licht: 0,51100,3,4,0,4,11,5,0,0,0,1,1,0,0,0
"POINT (7.055536277000044 51.428572388000077)",Unfall 51114 (2021) Kat:3, Licht: 0,51114,3,7,0,7,14,4,0,0,1,0,0,0,0,0
"POINT (7.039187779000031 51.476481346000071)",Unfall 51132 (2021) Kat:3, Licht: 0,51132,3,2,2,7,9,7,0,0,0,1,0,0,0,0
"POINT (6.973658928000020 51.430107635000070)",Unfall 51133 (2021) Kat:3, Licht: 0,51133,3,1,0,7,16,6,0,0,0,0,0,1,0,0
"POINT (7.037970586000029 51.475871026000050)",Unfall 51145 (2021) Kat:3, Licht: 0,51145,3,7,0,6,11,6,0,0,0,1,0,0,0,0
"POINT (7.112279441000055 51.415121632000080)",Unfall 51162 (2021) Kat:3, Licht: 0,51162,3,7,0,7,13,4,0,0,0,0,0,0,0,1
"POINT (6.980583532000026 51.436326613000062)",Unfall 51172 (2021) Kat:3, Licht: 2,51172,3,7,0,7,1,2,0,2,1,0,0,0,0,0
"POINT (7.039187779000031 51.476481346000071)",Unfall 51189 (2021) Kat:3, Licht: 0,51189,3,7,0,8,16,3,1,0,1,0,0,0,0,0
"POINT (7.029101273000038 51.437566940000067)",Unfall 51233 (2021) Kat:2, Licht: 0,51233,2,2,5,7,10,2,0,0,0,1,0,0,0,0
"POINT (7.112813065000068 51.471508675000052)",Unfall 51239 (2021) Kat:3, Licht: 0,51239,3,6,2,7,17,4,0,0,0,1,0,0,0,0
"POINT (6.932330165000053 51.372707336000076)",Unfall 51252 (2021) Kat:3, Licht: 0,51252,3,2,4,8,16,1,0,0,0,1,0,0,0,0
"POINT (6.929431615000055 51.464835528000037)",Unfall 51255 (2021) Kat:3, Licht: 0,51255,3,2,5,6,14,3,0,0,0,1,0,0,0,0
"POINT (7.065294534000031 51.404708838000033)",Unfall 51256 (2021) Kat:3, Licht: 0,51256,3,1,0,8,20,2,1,0,1,0,0,0,0,0
"POINT (7.009966027000075 51.497023690000049)",Unfall 51263 (2021) Kat:3, Licht: 0,51263,3,6,3,2,14,5,1,0,0,1,0,0,0,1
"POINT (6.987810634000027 51.452187236000043)",Unfall 51292 (2021) Kat:3, Licht: 0,51292,3,1,2,8,15,1,1,0,0,1,0,0,0,0
"POINT (6.960057631000041 51.369205960000045)",Unfall 51293 (2021) Kat:3, Licht: 0,51293,3,3,0,8,16,1,0,0,1,1,0,0,0,0
"POINT (6.946152619000031 51.482751488000076)",Unfall 51309 (2021) Kat:3, Licht: 1,51309,3,6,1,8,5,6,0,1,0,1,0,0,0,0
"POINT (6.954993580000064 51.448326545000043)",Unfall 51311 (2021) Kat:3, Licht: 0,51311,3,7,5,7,13,6,0,0,0,1,0,0,0,0
"POINT (6.944666076000033 51.354542891000051)",Unfall 51316 (2021) Kat:3, Licht: 0,51316,3,3,5,8,7,3,0,0,0,1,0,0,0,0
"POINT (7.006800507000037 51.515109338000059)",Unfall 51325 (2021) Kat:2, Licht: 1,51325,2,5,3,8,19,6,1,1,0,1,0,0,0,0
"POINT (7.004736170000058 51.478202881000072)",Unfall 51326 (2021) Kat:3, Licht: 0,51326,3,6,2,7,14,3,0,0,0,1,0,0,1,0
"POINT (7.006344502000047 51.423150085000032)",Unfall 51327 (2021) Kat:2, Licht: 0,51327,2,6,2,7,18,7,0,0,0,1,0,0,0,0
"POINT (7.024145970000063 51.447438614000077)",Unfall 51334 (2021) Kat:3, Licht: 0,51334,3,3,5,7,14,7,0,0,0,1,0,0,0,1
"POINT (6.983110365000073 51.476821398000027)",Unfall 51350 (2021) Kat:3, Licht: 0,51350,3,2,5,8,18,1,1,0,0,1,0,0,0,0
"POINT (7.016377866000028 51.428423865000070)",Unfall 51351 (2021) Kat:3, Licht: 0,51351,3,2,3,7,17,7,0,0,1,1,0,0,0,0
"POINT (7.013078226000061 51.532051109000065)",Unfall 51358 (2021) Kat:3, Licht: 0,51358,3,5,0,8,16,4,0,0,1,1,0,0,0,0
"POINT (7.118131038000058 51.416342318000034)",Unfall 51382 (2021) Kat:3, Licht: 0,51382,3,6,0,7,16,6,0,0,0,0,0,0,1,1
"POINT (7.078903359000037 51.380924924000055)",Unfall 51411 (2021) Kat:3, Licht: 0,51411,3,3,5,8,13,1,0,0,0,1,0,1,0,0
"POINT (7.050550391000058 51.490380640000069)",Unfall 51416 (2021) Kat:3, Licht: 0,51416,3,7,0,7,18,1,1,0,1,0,0,0,0,0
"POINT (7.029101273000038 51.437566940000067)",Unfall 51417 (2021) Kat:3, Licht: 0,51417,3,6,3,8,14,1,1,0,0,1,0,0,0,0
"POINT (7.019796843000051 51.455032272000039)",Unfall 51418 (2021) Kat:3, Licht: 0,51418,3,7,5,8,17,2,1,0,0,1,0,0,0,1
"POINT (7.000261894000062 51.466277385000069)",Unfall 51421 (2021) Kat:3, Licht: 0,51421,3,2,5,8,18,6,0,0,0,1,0,0,0,0
"POINT (6.948414347000039 51.482202037000036)",Unfall 51430 (2021) Kat:2, Licht: 0,51430,2,2,5,8,17,7,0,0,0,1,0,1,0,0
"POINT (7.012815665000062 51.449927045000038)",Unfall 51432 (2021) Kat:2, Licht: 0,51432,2,6,3,7,17,7,0,0,0,1,0,0,0,0
"POINT (7.093579393000027 51.463400544000081)",Unfall 53503 (2021) Kat:3, Licht: 0,53503,3,3,5,8,12,1,0,0,0,1,0,0,0,1
"POINT (7.007752084000060 51.468229969000049)",Unfall 53518 (2021) Kat:3, Licht: 0,53518,3,6,2,3,15,5,0,0,0,1,0,0,0,0
"POINT (7.029785777000029 51.451186868000036)",Unfall 53561 (2021) Kat:3, Licht: 0,53561,3,6,5,8,5,4,0,0,0,1,0,0,0,0
"POINT (7.083581316000050 51.444549845000040)",Unfall 53618 (2021) Kat:3, Licht: 0,53618,3,1,1,2,11,2,2,0,0,1,0,0,0,0
"POINT (7.076568528000053 51.443572780000068)",Unfall 53717 (2021) Kat:3, Licht: 0,53717,3,7,0,6,13,3,0,0,1,1,0,0,0,0
"POINT (7.080397949000030 51.465793200000064)",Unfall 53853 (2021) Kat:3, Licht: 2,53853,3,7,7,11,7,2,1,2,0,1,0,0,0,0
"POINT (7.021374252000044 51.445916530000034)",Unfall 54012 (2021) Kat:3, Licht: 0,54012,3,6,0,8,11,2,0,0,0,1,0,0,0,0
"POINT (6.964650649000021 51.459536353000033)",Unfall 54073 (2021) Kat:3, Licht: 0,54073,3,1,2,6,20,7,0,0,0,1,0,1,0,0
"POINT (6.900924787000065 51.480659299000081)",Unfall 54105 (2021) Kat:2, Licht: 0,54105,2,7,0,7,15,3,0,0,1,0,0,0,0,0
"POINT (7.015658876000032 51.495176171000026)",Unfall 54161 (2021) Kat:3, Licht: 2,54161,3,1,0,8,21,1,1,2,0,0,0,1,0,0
"POINT (7.068205217000070 51.449240757000041)",Unfall 54188 (2021) Kat:3, Licht: 0,54188,3,1,0,9,13,6,0,0,1,0,0,0,0,0
"POINT (6.994168442000046 51.504680009000026)",Unfall 54221 (2021) Kat:3, Licht: 0,54221,3,6,2,8,16,3,0,0,0,1,0,0,0,0
"POINT (7.006475468000076 51.507502621000071)",Unfall 54247 (2021) Kat:3, Licht: 0,54247,3,6,2,7,17,1,0,0,0,1,0,0,0,0
"POINT (7.067488082000068 51.464269553000065)",Unfall 54365 (2021) Kat:2, Licht: 0,54365,2,1,9,8,10,1,0,0,0,1,0,0,0,0
"POINT (7.087443839000059 51.445016556000041)",Unfall 54435 (2021) Kat:3, Licht: 0,54435,3,6,1,8,15,3,0,0,0,1,0,0,0,0
"POINT (6.952716311000074 51.400678429000038)",Unfall 54475 (2021) Kat:3, Licht: 0,54475,3,1,0,5,20,7,0,0,0,0,0,1,0,0
"POINT (7.037631693000037 51.439731667000046)",Unfall 54492 (2021) Kat:3, Licht: 0,54492,3,5,2,7,17,3,0,0,0,1,0,0,0,0
"POINT (7.041418863000047 51.460082431000046)",Unfall 54582 (2021) Kat:3, Licht: 0,54582,3,6,4,5,18,5,0,0,1,0,0,0,0,0
"POINT (7.087443839000059 51.445016556000041)",Unfall 54641 (2021) Kat:3, Licht: 2,54641,3,1,0,8,22,2,0,2,0,0,0,0,0,1
"POINT (6.943536612000059 51.458031476000031)",Unfall 157572 (2021) Kat:3, Licht: 0,157572,3,6,4,1,15,3,1,0,0,1,0,0,0,0
"POINT (6.947522515000060 51.480313748000071)",Unfall 157573 (2021) Kat:3, Licht: 0,157573,3,7,0,7,16,7,0,0,1,0,0,0,0,0
"POINT (6.942414515000053 51.449890041000060)",Unfall 157588 (2021) Kat:3, Licht: 2,157588,3,7,8,12,7,2,2,2,1,0,0,0,0,0
"POINT (6.945990143000074 51.492666609000082)",Unfall 157612 (2021) Kat:3, Licht: 0,157612,3,6,1,9,17,4,1,0,0,1,0,0,0,0
"POINT (6.924782820000075 51.487692359000050)",Unfall 157620 (2021) Kat:3, Licht: 0,157620,3,7,6,9,14,4,0,0,0,1,1,0,0,0
"POINT (6.928927954000073 51.474538120000034)",Unfall 157636 (2021) Kat:3, Licht: 0,157636,3,7,0,9,16,4,0,0,0,0,0,0,0,1
"POINT (6.942491975000053 51.491903452000031)",Unfall 157641 (2021) Kat:3, Licht: 2,157641,3,5,0,2,19,2,0,2,0,1,0,1,0,0
"POINT (6.938639875000035 51.364673186000061)",Unfall 157651 (2021) Kat:3, Licht: 0,157651,3,5,5,5,11,2,0,0,0,1,0,1,0,0
"POINT (6.932240074000049 51.483480735000057)",Unfall 157685 (2021) Kat:3, Licht: 1,157685,3,3,5,12,7,4,1,1,1,1,0,0,0,0
"POINT (6.949998449000020 51.478361782000036)",Unfall 157687 (2021) Kat:2, Licht: 0,157687,2,1,0,5,21,6,1,0,0,0,0,1,0,0
"POINT (6.941680663000056 51.470252534000053)",Unfall 157714 (2021) Kat:3, Licht: 0,157714,3,2,5,1,14,3,1,0,1,1,0,0,0,0
"POINT (6.944575289000056 51.466670872000066)",Unfall 157737 (2021) Kat:3, Licht: 0,157737,3,6,2,10,16,3,1,0,0,1,0,0,0,0
"POINT (6.905806570000038 51.485104670000055)",Unfall 157791 (2021) Kat:3, Licht: 0,157791,3,7,9,6,16,4,0,0,0,1,0,0,0,0
"POINT (6.937365999000065 51.377628839000067)",Unfall 157863 (2021) Kat:3, Licht: 0,157863,3,3,0,9,14,2,0,0,1,1,0,0,0,0
"POINT (6.943049843000040 51.468579733000070)",Unfall 157927 (2021) Kat:3, Licht: 0,157927,3,7,6,3,16,4,0,0,1,0,1,0,0,0
"POINT (6.934302636000041 51.469910630000072)",Unfall 157946 (2021) Kat:3, Licht: 0,157946,3,7,0,9,13,6,0,0,1,0,0,0,0,0
"POINT (6.938190205000069 51.373930615000063)",Unfall 158005 (2021) Kat:2, Licht: 0,158005,2,2,9,11,11,3,1,0,0,1,0,1,0,0
"POINT (6.947498468000049 51.480322347000026)",Unfall 158032 (2021) Kat:2, Licht: 0,158032,2,7,0,6,13,1,0,0,1,0,0,0,0,0
"POINT (6.927241249000076 51.459151469000062)",Unfall 158097 (2021) Kat:3, Licht: 0,158097,3,2,5,4,15,4,0,0,1,1,0,0,0,0
"POINT (6.950215717000049 51.477248342000053)",Unfall 158121 (2021) Kat:2, Licht: 2,158121,2,7,0,6,1,7,0,2,1,0,0,0,0,0
"POINT (6.949139860000059 51.493772446000037)",Unfall 158149 (2021) Kat:3, Licht: 0,158149,3,3,4,12,15,3,0,0,0,1,0,0,0,0
"POINT (6.947637097000040 51.480706567000027)",Unfall 158161 (2021) Kat:3, Licht: 0,158161,3,1,0,9,17,5,0,0,1,0,0,0,0,0
"POINT (6.937042435000023 51.366116662000081)",Unfall 158257 (2021) Kat:3, Licht: 0,158257,3,4,0,10,13,3,0,0,0,1,1,0,0,0
"POINT (6.909778019000044 51.473185706000038)",Unfall 158259 (2021) Kat:3, Licht: 0,158259,3,7,5,6,16,4,0,0,1,1,0,0,0,0
"POINT (6.946549442000048 51.362132217000067)",Unfall 158286 (2021) Kat:3, Licht: 0,158286,3,6,2,2,9,2,2,0,0,1,0,0,0,0
"POINT (6.947452005000059 51.464074438000068)",Unfall 158316 (2021) Kat:3, Licht: 0,158316,3,7,0,9,12,4,0,0,1,0,0,0,0,0
"POINT (6.941702963000068 51.470309948000079)",Unfall 158359 (2021) Kat:3, Licht: 0,158359,3,4,6,11,7,4,0,0,0,1,1,0,0,0
"POINT (6.904946049000046 51.486155091000057)",Unfall 158416 (2021) Kat:3, Licht: 0,158416,3,6,1,5,9,2,0,0,0,1,0,0,0,0
"POINT (6.947498659000075 51.480322279000063)",Unfall 158433 (2021) Kat:3, Licht: 0,158433,3,7,0,6,15,1,0,0,1,0,0,0,0,0
"POINT (6.945166175000054 51.449790622000080)",Unfall 158484 (2021) Kat:3, Licht: 0,158484,3,7,6,7,11,5,0,0,0,0,1,1,0,0
"POINT (6.947981193000032 51.467383647000077)",Unfall 158520 (2021) Kat:3, Licht: 0,158520,3,1,0,6,17,4,1,0,0,1,0,1,0,0
"POINT (6.946243450000054 51.488612498000066)",Unfall 158531 (2021) Kat:3, Licht: 2,158531,3,3,5,11,17,6,1,2,0,1,0,0,0,0
"POINT (6.940682594000066 51.362554874000068)",Unfall 158572 (2021) Kat:3, Licht: 0,158572,3,2,6,3,16,3,1,0,0,1,1,0,0,0
"POINT (6.900975163000055 51.475839541000028)",Unfall 158607 (2021) Kat:3, Licht: 0,158607,3,5,6,2,16,1,0,0,0,1,1,0,0,0
"POINT (6.950368643000047 51.476718147000042)",Unfall 158716 (2021) Kat:3, Licht: 2,158716,3,2,6,11,17,3,1,2,0,1,1,0,0,0
"POINT (6.941909334000059 51.475585701000057)",Unfall 158756 (2021) Kat:3, Licht: 0,158756,3,3,0,6,16,4,0,0,1,1,0,0,0,0
"POINT (6.950397119000058 51.366466973000058)",Unfall 158777 (2021) Kat:3, Licht: 0,158777,3,7,0,5,15,7,0,0,1,0,1,0,0,0
"POINT (7.009098394000034 51.438710604000050)",Unfall 158801 (2021) Kat:3, Licht: 0,158801,3,5,1,6,12,4,1,0,1,1,0,0,0,0
"POINT (6.999219024000070 51.431395828000063)",Unfall 158804 (2021) Kat:3, Licht: 0,158804,3,6,3,2,13,1,0,0,1,0,0,0,0,0
"POINT (6.985567006000053 51.447027054000046)",Unfall 158805 (2021) Kat:3, Licht: 0,158805,3,1,0,12,8,7,2,0,1,0,0,0,0,0
"POINT (7.000368488000049 51.457376710000062)",Unfall 158822 (2021) Kat:3, Licht: 0,158822,3,3,0,10,13,6,0,0,0,1,0,0,0,1
"POINT (7.006841090000023 51.496041444000070)",Unfall 158824 (2021) Kat:2, Licht: 2,158824,2,4,0,1,17,5,1,2,0,1,1,0,0,0
"POINT (6.992936595000060 51.492958968000039)",Unfall 158829 (2021) Kat:3, Licht: 0,158829,3,2,5,11,10,7,1,0,0,1,0,0,0,0
"POINT (6.986551448000057 51.444922450000035)",Unfall 158843 (2021) Kat:3, Licht: 0,158843,3,3,0,6,11,4,0,0,0,1,0,0,0,1
"POINT (6.996822206000047 51.522032571000068)",Unfall 158847 (2021) Kat:2, Licht: 1,158847,2,6,4,5,5,7,0,1,0,1,0,0,1,0
"POINT (6.975754933000076 51.473421192000046)",Unfall 158848 (2021) Kat:3, Licht: 0,158848,3,3,1,6,17,2,0,0,1,1,0,0,0,0
"POINT (7.007761034000055 51.490154970000049)",Unfall 158852 (2021) Kat:3, Licht: 0,158852,3,1,0,9,12,2,0,0,1,0,0,0,0,0
"POINT (7.005062249000048 51.435972941000045)",Unfall 158855 (2021) Kat:3, Licht: 0,158855,3,5,1,10,10,1,0,0,1,1,0,0,0,0
"POINT (7.006952588000047 51.429370432000042)",Unfall 158863 (2021) Kat:2, Licht: 2,158863,2,1,4,1,5,4,0,2,0,1,0,0,0,1
"POINT (6.983066952000058 51.452114921000032)",Unfall 158867 (2021) Kat:3, Licht: 0,158867,3,2,6,9,13,4,1,0,0,1,1,0,0,0
"POINT (6.989602301000048 51.460840447000066)",Unfall 158868 (2021) Kat:3, Licht: 2,158868,3,1,1,6,0,7,1,2,0,1,0,0,0,0
"POINT (7.006890013000032 51.499320932000046)",Unfall 158876 (2021) Kat:2, Licht: 2,158876,2,4,6,11,18,6,0,2,0,1,1,0,0,0
"POINT (6.980371204000051 51.441274853000039)",Unfall 158878 (2021) Kat:3, Licht: 1,158878,3,5,1,10,7,3,1,1,0,1,0,0,0,1
"POINT (6.987491550000072 51.484987294000064)",Unfall 158886 (2021) Kat:3, Licht: 0,158886,3,7,1,6,15,5,0,0,0,1,0,0,0,0
"POINT (6.952206704000048 51.496521662000077)",Unfall 158890 (2021) Kat:3, Licht: 0,158890,3,3,5,3,13,4,0,0,1,1,0,0,0,0
"POINT (7.005580512000051 51.380549636000069)",Unfall 158893 (2021) Kat:2, Licht: 0,158893,2,7,9,4,18,4,1,0,0,1,0,0,0,0
"POINT (6.995820861000027 51.415517042000033)",Unfall 158911 (2021) Kat:3, Licht: 0,158911,3,7,3,4,11,5,0,0,1,1,0,0,0,0
"POINT (7.000579644000027 51.387744854000061)",Unfall 158915 (2021) Kat:3, Licht: 0,158915,3,6,1,6,19,4,0,0,0,1,0,1,0,0
"POINT (6.987321949000034 51.442761568000037)",Unfall 158917 (2021) Kat:3, Licht: 1,158917,3,2,6,10,8,5,1,1,0,1,1,0,0,0
"POINT (6.994554797000035 51.461802710000029)",Unfall 158923 (2021) Kat:3, Licht: 2,158923,3,1,6,12,0,5,1,2,0,1,1,0,0,0
"POINT (6.973578369000052 51.456739674000062)",Unfall 158924 (2021) Kat:3, Licht: 0,158924,3,3,5,6,20,4,0,0,0,1,0,0,0,0
"POINT (6.963574244000029 51.427437178000048)",Unfall 158929 (2021) Kat:3, Licht: 0,158929,3,3,5,5,11,6,0,0,0,1,0,0,0,0
"POINT (7.009573920000037 51.506828228000074)",Unfall 158936 (2021) Kat:3, Licht: 1,158936,3,7,0,5,21,3,0,1,0,1,1,0,0,0
"POINT (6.973502291000045 51.448627554000041)",Unfall 158941 (2021) Kat:2, Licht: 0,158941,2,2,6,4,9,6,0,0,0,1,1,0,0,0
"POINT (6.982882550000056 51.452923249000037)",Unfall 158955 (2021) Kat:3, Licht: 0,158955,3,7,3,11,8,3,1,0,0,1,0,0,0,1
"POINT (6.977332108000041 51.466659877000041)",Unfall 158961 (2021) Kat:3, Licht: 0,158961,3,7,3,6,21,7,0,0,1,0,0,0,0,0
"POINT (7.001151393000043 51.448934180000037)",Unfall 158964 (2021) Kat:3, Licht: 0,158964,3,2,2,7,13,4,0,0,0,1,0,1,0,0
"POINT (6.986990548000051 51.465827315000070)",Unfall 158976 (2021) Kat:3, Licht: 2,158976,3,3,5,2,18,6,0,2,0,1,0,0,0,0
"POINT (6.974370259000068 51.441686498000081)",Unfall 159001 (2021) Kat:3, Licht: 0,159001,3,3,5,5,16,7,0,0,1,1,0,0,0,0
"POINT (6.968869936000033 51.452048479000041)",Unfall 159002 (2021) Kat:3, Licht: 0,159002,3,1,0,9,10,4,0,0,1,0,0,0,0,0
"POINT (7.007178039000053 51.459683020000057)",Unfall 159006 (2021) Kat:3, Licht: 0,159006,3,7,0,6,18,1,0,0,0,0,0,0,0,1
"POINT (7.003614717000062 51.392215740000040)",Unfall 159009 (2021) Kat:3, Licht: 0,159009,3,1,0,7,11,3,1,0,1,0,0,0,0,0
"POINT (6.982434746000024 51.453215383000042)",Unfall 159012 (2021) Kat:3, Licht: 2,159012,3,1,8,3,22,2,0,2,0,0,0,1,0,0
"POINT (6.975265613000033 51.465814944000044)",Unfall 159017 (2021) Kat:3, Licht: 0,159017,3,7,0,3,15,7,0,0,0,1,0,0,0,0
"POINT (7.001713188000053 51.453388479000068)",Unfall 159020 (2021) Kat:3, Licht: 0,159020,3,1,0,5,19,1,0,0,1,0,0,0,0,0
"POINT (6.981096796000031 51.462252791000026)",Unfall 159025 (2021) Kat:3, Licht: 0,159025,3,3,5,9,8,2,0,0,0,1,0,0,0,0
"POINT (6.957452480000029 51.472624521000057)",Unfall 159027 (2021) Kat:3, Licht: 0,159027,3,2,6,5,11,4,0,0,0,1,1,0,0,0
"POINT (6.993158022000046 51.418997024000078)",Unfall 159028 (2021) Kat:3, Licht: 0,159028,3,7,1,5,16,6,0,0,1,1,0,0,0,0
"POINT (6.973187882000047 51.465414961000079)",Unfall 159029 (2021) Kat:3, Licht: 0,159029,3,7,6,11,14,5,0,0,0,1,1,0,0,0
"POINT (6.999927736000075 51.432228560000055)",Unfall 159031 (2021) Kat:3, Licht: 0,159031,3,5,5,7,6,5,1,0,1,1,0,0,0,0
"POINT (7.006921679000072 51.454611582000041)",Unfall 159033 (2021) Kat:3, Licht: 0,159033,3,2,0,12,14,4,1,0,0,1,0,0,0,1
"POINT (6.965117268000029 51.439732536000065)",Unfall 159041 (2021) Kat:3, Licht: 0,159041,3,7,9,1,10,2,2,0,0,1,0,0,0,0
"POINT (6.985554582000020 51.447056712000062)",Unfall 159043 (2021) Kat:3, Licht: 0,159043,3,6,2,2,11,6,2,0,0,1,0,0,0,0
"POINT (7.001835685000060 51.501337177000039)",Unfall 159049 (2021) Kat:3, Licht: 0,159049,3,4,6,10,11,4,1,0,0,1,1,0,0,0
"POINT (6.988879997000026 51.418946587000050)",Unfall 159054 (2021) Kat:3, Licht: 0,159054,3,7,0,6,7,6,0,0,1,0,1,0,0,0
"POINT (6.995973528000036 51.415742654000042)",Unfall 159057 (2021) Kat:3, Licht: 0,159057,3,7,0,9,16,4,1,0,0,1,0,0,0,0
"POINT (7.003176233000033 51.454791036000074)",Unfall 159076 (2021) Kat:3, Licht: 2,159076,3,5,1,6,23,4,0,2,0,1,0,0,0,1
"POINT (6.985628749000057 51.491481246000035)",Unfall 159083 (2021) Kat:3, Licht: 1,159083,3,1,9,12,16,2,1,1,0,1,0,0,0,0
"POINT (6.973933618000046 51.444166203000066)",Unfall 159085 (2021) Kat:3, Licht: 2,159085,3,3,5,9,22,7,0,2,0,1,0,0,0,1
"POINT (6.998469047000071 51.386314613000081)",Unfall 159088 (2021) Kat:3, Licht: 0,159088,3,2,5,5,10,6,0,0,1,1,0,0,0,0
"POINT (6.987321949000034 51.442761568000037)",Unfall 159089 (2021) Kat:3, Licht: 2,159089,3,6,3,9,19,5,1,2,0,1,0,0,0,0
"POINT (7.005410101000052 51.437214747000041)",Unfall 159094 (2021) Kat:3, Licht: 2,159094,3,4,6,12,18,3,1,2,0,1,1,0,0,0
"POINT (7.004357286000072 51.433507503000044)",Unfall 159110 (2021) Kat:3, Licht: 2,159110,3,4,6,10,22,6,0,2,0,1,1,0,0,0
"POINT (6.995518769000057 51.485443611000051)",Unfall 159112 (2021) Kat:3, Licht: 0,159112,3,6,2,9,7,3,0,0,1,1,0,0,0,0
"POINT (7.007151262000036 51.458775981000031)",Unfall 159117 (2021) Kat:3, Licht: 2,159117,3,7,0,5,2,7,0,2,0,0,0,1,0,0
"POINT (6.973567067000033 51.447895017000064)",Unfall 159123 (2021) Kat:3, Licht: 0,159123,3,3,5,7,8,3,1,0,0,1,0,0,0,0
"POINT (6.959884408000050 51.487351027000045)",Unfall 159129 (2021) Kat:2, Licht: 0,159129,2,3,0,5,14,2,0,0,0,1,0,0,0,0
"POINT (6.982496386000037 51.464885568000057)",Unfall 159137 (2021) Kat:3, Licht: 0,159137,3,6,3,10,13,3,1,0,0,1,0,0,0,0
"POINT (6.995672049000063 51.441729118000069)",Unfall 159151 (2021) Kat:3, Licht: 0,159151,3,6,2,5,18,2,0,0,0,1,0,0,0,0
"POINT (7.008441100000027 51.495267574000081)",Unfall 159162 (2021) Kat:3, Licht: 0,159162,3,7,6,11,16,5,0,0,1,0,1,0,0,0
"POINT (6.964041881000071 51.483353044000069)",Unfall 159164 (2021) Kat:3, Licht: 0,159164,3,2,5,2,14,6,0,0,0,1,0,1,0,0
"POINT (7.003846022000062 51.431682835000061)",Unfall 159177 (2021) Kat:3, Licht: 1,159177,3,3,5,3,18,5,1,1,1,1,0,0,0,0
"POINT (6.998572551000052 51.436602505000053)",Unfall 159183 (2021) Kat:3, Licht: 2,159183,3,1,1,1,21,7,2,2,0,1,0,0,0,0
"POINT (6.986267736000059 51.444888556000080)",Unfall 159184 (2021) Kat:3, Licht: 0,159184,3,6,2,5,15,5,1,0,0,1,0,0,0,0
"POINT (6.991118905000064 51.496628387000044)",Unfall 159185 (2021) Kat:3, Licht: 2,159185,3,7,0,12,18,3,0,2,1,0,0,0,0,0
"POINT (6.983066952000058 51.452114921000032)",Unfall 159194 (2021) Kat:3, Licht: 0,159194,3,4,6,11,8,2,1,0,0,1,1,0,0,0
"POINT (6.962293539000029 51.486002449000068)",Unfall 159196 (2021) Kat:3, Licht: 0,159196,3,1,8,9,18,1,0,0,1,0,0,0,0,0
"POINT (6.995691103000070 51.441729717000044)",Unfall 159199 (2021) Kat:3, Licht: 0,159199,3,3,5,9,14,1,0,0,1,1,0,0,0,0
"POINT (6.961760976000051 51.480576894000080)",Unfall 159202 (2021) Kat:3, Licht: 2,159202,3,7,0,11,20,1,0,2,0,1,0,0,0,0
"POINT (7.001973074000034 51.426828671000067)",Unfall 159203 (2021) Kat:3, Licht: 0,159203,3,5,1,6,12,7,0,0,1,1,0,0,0,0
"POINT (7.007945146000054 51.499560845000076)",Unfall 159205 (2021) Kat:3, Licht: 2,159205,3,2,6,2,6,4,1,2,0,1,1,0,0,0
"POINT (6.980187509000075 51.460672789000057)",Unfall 159207 (2021) Kat:2, Licht: 1,159207,2,4,6,11,19,2,1,1,0,1,1,0,0,0
"POINT (6.994154902000048 51.439490360000036)",Unfall 159211 (2021) Kat:3, Licht: 0,159211,3,7,0,6,8,5,0,0,0,1,0,0,0,1
"POINT (7.002403470000047 51.390044564000050)",Unfall 159220 (2021) Kat:3, Licht: 0,159220,3,4,6,10,13,3,0,0,0,1,1,0,0,0
"POINT (7.009250699000063 51.455894232000048)",Unfall 159223 (2021) Kat:3, Licht: 0,159223,3,3,5,10,9,5,0,0,1,1,0,0,0,0
"POINT (6.963632403000076 51.468191469000033)",Unfall 159228 (2021) Kat:3, Licht: 0,159228,3,7,0,11,10,3,1,0,0,0,0,0,0,1
"POINT (6.967098633000035 51.463975185000038)",Unfall 159239 (2021) Kat:3, Licht: 0,159239,3,3,5,1,15,2,1,0,0,1,0,0,0,0