WKT,Name,OBJECTID,UKATEGORIE,UTYP1,UART,UMONAT,USTUNDE,UWOCHENTAG,STRZUSTAND,ULICHTVERH,ISTRAD,ISTPKW,ISTFUSS,ISTKRAD,ISTGKFZ,ISTSONSTIG
"POINT (6.986277020000045 51.444864718000076)",Unfall 159241 (2021) Kat:3, Licht: 0,159241,3,7,5,4,14,6,0,0,0,1,0,0,0,1
"POINT (6.991706889000056 51.472080457000061)",Unfall 159242 (2021) Kat:3, Licht: 0,159242,3,1,8,6,12,2,0,0,1,0,0,0,0,0
"POINT (7.002246036000031 51.439539166000031)",Unfall 159247 (2021) Kat:3, Licht: 2,159247,3,3,5,10,2,7,0,2,0,1,0,0,0,0
"POINT (7.005543574000058 51.437690715000031)",Unfall 159249 (2021) Kat:3, Licht: 0,159249,3,7,0,9,8,6,0,0,0,1,1,0,0,0
"POINT (7.001653109000074 51.460753803000046)",Unfall 159261 (2021) Kat:3, Licht: 0,159261,3,3,5,6,18,2,0,0,1,1,0,0,0,0
"POINT (7.010831672000052 51.459236716000078)",Unfall 159270 (2021) Kat:3, Licht: 2,159270,3,1,6,6,23,4,0,2,0,1,1,0,0,0
"POINT (7.006920330000071 51.454611498000077)",Unfall 159274 (2021) Kat:3, Licht: 2,159274,3,7,0,12,0,7,0,2,0,0,0,0,0,1
"POINT (7.009650823000072 51.509603629000026)",Unfall 159280 (2021) Kat:3, Licht: 0,159280,3,7,0,12,8,2,0,0,0,1,0,0,0,0
"POINT (6.959610350000048 51.471129532000077)",Unfall 159286 (2021) Kat:3, Licht: 0,159286,3,3,5,5,14,5,1,0,1,1,0,0,0,0
"POINT (7.000800335000065 51.421241705000057)",Unfall 159290 (2021) Kat:2, Licht: 1,159290,2,2,6,2,7,5,1,1,0,1,1,0,0,0
"POINT (6.988027797000029 51.510838283000055)",Unfall 159294 (2021) Kat:3, Licht: 2,159294,3,7,0,3,22,3,0,2,1,0,0,0,0,0
"POINT (6.976523014000065 51.445032607000030)",Unfall 159302 (2021) Kat:3, Licht: 0,159302,3,3,5,6,18,3,1,0,1,1,0,0,0,0
"POINT (7.001010052000026 51.479874276000032)",Unfall 159304 (2021) Kat:3, Licht: 2,159304,3,7,0,12,21,4,0,2,0,0,1,0,0,1
"POINT (6.988797855000030 51.453475011000080)",Unfall 159308 (2021) Kat:3, Licht: 0,159308,3,2,5,12,8,5,0,0,0,1,0,0,0,0
"POINT (6.968684253000049 51.454594217000079)",Unfall 159313 (2021) Kat:3, Licht: 2,159313,3,1,0,5,23,1,0,2,0,0,0,0,0,1
"POINT (6.981568498000058 51.449745543000063)",Unfall 159318 (2021) Kat:3, Licht: 0,159318,3,7,0,6,17,1,0,0,1,0,1,0,0,0
"POINT (7.011221166000041 51.451787631000059)",Unfall 159323 (2021) Kat:3, Licht: 0,159323,3,3,5,1,16,6,1,0,0,1,0,0,0,0
"POINT (7.005445827000074 51.437341233000041)",Unfall 159332 (2021) Kat:3, Licht: 0,159332,3,7,0,6,8,7,0,0,0,1,1,0,0,0
"POINT (7.008148869000024 51.437731211000028)",Unfall 159345 (2021) Kat:3, Licht: 0,159345,3,7,6,2,13,7,0,0,0,0,1,0,0,1
"POINT (7.011104500000044 51.453063898000039)",Unfall 159363 (2021) Kat:3, Licht: 0,159363,3,1,8,9,14,2,0,0,0,1,0,0,0,0
"POINT (7.003384791000030 51.451308813000026)",Unfall 159374 (2021) Kat:3, Licht: 0,159374,3,2,5,6,18,4,0,0,0,1,0,0,0,0
"POINT (6.978806282000050 51.458459670000082)",Unfall 159384 (2021) Kat:3, Licht: 2,159384,3,4,6,12,7,5,0,2,0,1,1,0,0,0
"POINT (7.009259137000072 51.465120581000065)",Unfall 159389 (2021) Kat:3, Licht: 0,159389,3,6,2,4,10,5,0,0,0,1,0,0,0,0
"POINT (7.001105314000029 51.422105602000045)",Unfall 159400 (2021) Kat:3, Licht: 2,159400,3,7,3,11,17,4,1,2,0,1,0,0,0,1
"POINT (7.007906791000039 51.436985477000064)",Unfall 159402 (2021) Kat:3, Licht: 2,159402,3,1,0,9,0,1,1,2,0,0,0,0,0,1
"POINT (6.960821170000031 51.428881536000063)",Unfall 159414 (2021) Kat:3, Licht: 0,159414,3,3,3,3,7,6,0,0,1,0,0,0,0,1
"POINT (6.994320369000036 51.415112143000044)",Unfall 159418 (2021) Kat:2, Licht: 0,159418,2,3,5,9,7,4,0,0,1,1,0,0,0,0
"POINT (6.973880719000022 51.461580604000062)",Unfall 159419 (2021) Kat:3, Licht: 0,159419,3,2,5,6,19,4,0,0,0,1,0,0,0,0
"POINT (6.966245758000071 51.442235357000072)",Unfall 159421 (2021) Kat:3, Licht: 0,159421,3,7,6,2,17,5,0,0,1,0,1,0,0,0
"POINT (6.983913375000043 51.438159329000030)",Unfall 159435 (2021) Kat:3, Licht: 2,159435,3,4,6,12,16,6,1,2,0,1,1,0,0,0
"POINT (6.968862346000037 51.419869395000035)",Unfall 159441 (2021) Kat:3, Licht: 2,159441,3,5,0,10,19,3,0,2,1,1,0,0,0,0
"POINT (7.008191875000023 51.458169815000076)",Unfall 159445 (2021) Kat:3, Licht: 0,159445,3,5,0,4,9,6,0,0,1,1,0,0,0,0
"POINT (6.988147382000022 51.433095463000029)",Unfall 159454 (2021) Kat:3, Licht: 0,159454,3,4,6,2,11,5,2,0,0,1,1,0,0,0
"POINT (7.008799330000045 51.439912212000081)",Unfall 159463 (2021) Kat:3, Licht: 0,159463,3,7,0,10,13,3,0,0,1,0,0,0,0,0
"POINT (7.004458499000066 51.497349940000049)",Unfall 159466 (2021) Kat:3, Licht: 2,159466,3,4,6,11,18,2,0,2,0,1,1,0,0,0
"POINT (6.978803887000026 51.480864533000045)",Unfall 159476 (2021) Kat:3, Licht: 0,159476,3,6,2,10,10,5,0,0,0,1,0,0,0,0
"POINT (7.010616142000060 51.436679082000069)",Unfall 159490 (2021) Kat:3, Licht: 0,159490,3,7,4,9,7,2,0,0,0,1,1,0,0,0
"POINT (6.985033430000044 51.448300730000028)",Unfall 159491 (2021) Kat:3, Licht: 2,159491,3,3,5,12,6,3,1,2,0,1,0,0,0,0
"POINT (7.007196821000036 51.483814850000044)",Unfall 159501 (2021) Kat:3, Licht: 0,159501,3,4,6,3,15,5,0,0,0,1,1,0,0,0
"POINT (7.007210922000070 51.501817369000037)",Unfall 159527 (2021) Kat:3, Licht: 0,159527,3,7,0,5,15,6,0,0,1,1,0,0,0,0
"POINT (7.009109998000042 51.448373293000031)",Unfall 159533 (2021) Kat:3, Licht: 0,159533,3,1,0,9,18,2,0,0,1,0,0,0,0,0
"POINT (6.991126410000049 51.459416079000050)",Unfall 159537 (2021) Kat:3, Licht: 2,159537,3,6,2,9,22,4,0,2,0,1,0,0,0,0
"POINT (6.975577031000057 51.452230564000047)",Unfall 159550 (2021) Kat:3, Licht: 0,159550,3,4,6,10,15,7,0,0,0,1,1,0,0,0
"POINT (6.981497668000031 51.462987161000058)",Unfall 159556 (2021) Kat:3, Licht: 0,159556,3,6,2,9,16,3,0,0,1,1,0,0,0,0
"POINT (7.005538396000077 51.437672155000030)",Unfall 159570 (2021) Kat:3, Licht: 0,159570,3,6,2,11,10,4,0,0,0,1,0,0,0,0
"POINT (7.010707593000063 51.457583044000046)",Unfall 159571 (2021) Kat:3, Licht: 0,159571,3,3,0,9,8,6,0,0,1,1,0,0,0,0
"POINT (6.991251548000037 51.419297456000038)",Unfall 159575 (2021) Kat:2, Licht: 0,159575,2,7,0,4,17,7,0,0,1,0,0,0,0,0
"POINT (6.972577464000040 51.468527705000042)",Unfall 159583 (2021) Kat:3, Licht: 0,159583,3,7,6,3,19,4,0,0,0,1,1,0,0,0
"POINT (6.964394587000072 51.450420300000076)",Unfall 159587 (2021) Kat:2, Licht: 2,159587,2,2,6,11,17,3,1,2,0,1,1,0,0,0
"POINT (6.985557797000070 51.447049038000046)",Unfall 159589 (2021) Kat:3, Licht: 0,159589,3,6,2,2,16,1,2,0,0,1,0,0,0,0
"POINT (6.995789840000043 51.448372059000064)",Unfall 159604 (2021) Kat:2, Licht: 0,159604,2,7,5,6,9,4,0,0,0,1,0,1,0,0
"POINT (7.006663889000038 51.457459175000054)",Unfall 159609 (2021) Kat:3, Licht: 1,159609,3,7,6,5,20,6,0,1,0,1,1,0,0,0
"POINT (6.957928036000055 51.474421489000065)",Unfall 159614 (2021) Kat:3, Licht: 0,159614,3,3,5,11,16,5,0,0,0,1,0,0,0,0
"POINT (6.978419936000023 51.482901951000031)",Unfall 159622 (2021) Kat:3, Licht: 0,159622,3,6,3,3,13,3,0,0,0,1,0,0,1,0
"POINT (7.009770391000075 51.440910041000052)",Unfall 159627 (2021) Kat:3, Licht: 1,159627,3,1,0,10,17,5,0,1,1,0,0,0,0,0
"POINT (6.972522330000061 51.452324986000065)",Unfall 159640 (2021) Kat:3, Licht: 0,159640,3,6,0,4,14,4,0,0,0,1,0,0,0,0
"POINT (6.981091180000021 51.462242292000042)",Unfall 159641 (2021) Kat:3, Licht: 0,159641,3,3,5,10,14,7,0,0,0,1,0,0,0,0
"POINT (6.972563265000076 51.456095502000039)",Unfall 159642 (2021) Kat:2, Licht: 2,159642,2,1,9,11,23,1,0,2,0,0,0,1,0,0
"POINT (6.986913182000023 51.443955755000047)",Unfall 159650 (2021) Kat:3, Licht: 0,159650,3,3,0,3,16,4,0,0,1,1,0,0,0,0
"POINT (7.006663889000038 51.457459175000054)",Unfall 159651 (2021) Kat:3, Licht: 0,159651,3,4,6,9,15,7,0,0,0,1,1,0,0,0
"POINT (6.978010739000069 51.488779417000046)",Unfall 159654 (2021) Kat:3, Licht: 0,159654,3,7,0,1,11,7,0,0,0,0,0,1,0,0
"POINT (6.967098633000035 51.463975185000038)",Unfall 159659 (2021) Kat:3, Licht: 0,159659,3,7,6,11,9,5,0,0,0,1,1,0,0,0
"POINT (7.007245229000034 51.443553924000071)",Unfall 159667 (2021) Kat:3, Licht: 0,159667,3,4,6,9,18,4,0,0,0,0,1,0,0,1
"POINT (6.973498821000021 51.448627465000072)",Unfall 159673 (2021) Kat:3, Licht: 1,159673,3,7,6,10,8,4,1,1,0,0,1,0,0,1
"POINT (7.005592485000022 51.516110846000061)",Unfall 159683 (2021) Kat:3, Licht: 0,159683,3,3,5,7,11,4,0,0,1,1,0,0,0,0
"POINT (6.990149819000067 51.463389367000048)",Unfall 159687 (2021) Kat:2, Licht: 2,159687,2,1,8,10,23,7,1,2,0,1,0,0,0,0
"POINT (6.997436307000044 51.449588727000048)",Unfall 159691 (2021) Kat:2, Licht: 2,159691,2,1,1,11,18,5,0,2,0,1,0,0,0,0
"POINT (7.007750384000076 51.456021473000078)",Unfall 159697 (2021) Kat:3, Licht: 0,159697,3,6,1,9,17,3,0,0,0,1,0,0,0,1
"POINT (6.980355432000067 51.456021597000074)",Unfall 159699 (2021) Kat:3, Licht: 0,159699,3,3,5,9,10,4,1,0,0,1,0,0,0,0
"POINT (6.987243592000027 51.454001679000044)",Unfall 159707 (2021) Kat:3, Licht: 1,159707,3,7,2,2,16,2,0,1,0,1,0,0,0,0
"POINT (6.995324752000045 51.438789198000052)",Unfall 159730 (2021) Kat:3, Licht: 0,159730,3,2,4,9,17,5,0,0,1,1,0,0,0,0
"POINT (6.985523275000048 51.447022071000049)",Unfall 159732 (2021) Kat:3, Licht: 0,159732,3,3,5,4,11,3,0,0,0,1,0,0,0,0
"POINT (6.965409004000037 51.418168900000069)",Unfall 159742 (2021) Kat:3, Licht: 0,159742,3,3,6,1,9,6,1,0,0,1,1,0,0,0
"POINT (6.983043688000066 51.458655682000028)",Unfall 159743 (2021) Kat:3, Licht: 2,159743,3,6,2,11,18,2,0,2,0,1,0,0,0,0
"POINT (6.981072258000040 51.462206919000039)",Unfall 159755 (2021) Kat:3, Licht: 2,159755,3,4,6,12,18,3,0,2,0,1,1,0,0,0
"POINT (6.972286415000042 51.453359019000061)",Unfall 159756 (2021) Kat:3, Licht: 0,159756,3,1,0,10,15,1,1,0,0,0,0,1,0,0
"POINT (6.993000588000029 51.441390091000073)",Unfall 159759 (2021) Kat:3, Licht: 1,159759,3,7,0,2,17,7,0,1,0,1,0,0,0,1
"POINT (6.973109399000066 51.450860167000030)",Unfall 159760 (2021) Kat:3, Licht: 0,159760,3,1,0,3,13,4,0,0,0,1,0,0,0,1
"POINT (7.007295188000057 51.438231345000077)",Unfall 159764 (2021) Kat:3, Licht: 0,159764,3,7,0,6,16,3,0,0,1,1,0,0,0,0
"POINT (7.006050413000025 51.393833424000036)",Unfall 159769 (2021) Kat:3, Licht: 0,159769,3,5,0,1,12,2,0,0,1,1,0,0,0,0
"POINT (7.009319343000072 51.441735969000035)",Unfall 159770 (2021) Kat:3, Licht: 2,159770,3,6,1,11,18,6,0,2,0,1,0,0,0,0
"POINT (6.990967400000045 51.438880197000060)",Unfall 159774 (2021) Kat:3, Licht: 0,159774,3,6,0,9,16,4,0,0,1,1,0,0,0,0
"POINT (6.963041672000031 51.484536001000038)",Unfall 159775 (2021) Kat:3, Licht: 0,159775,3,6,2,6,9,5,0,0,1,1,0,0,0,0
"POINT (6.958864716000051 51.474702387000036)",Unfall 159785 (2021) Kat:3, Licht: 0,159785,3,3,5,3,11,7,1,0,0,1,0,0,0,0
"POINT (6.974989006000044 51.447860716000037)",Unfall 159787 (2021) Kat:3, Licht: 1,159787,3,3,5,1,18,6,1,1,1,1,0,0,0,0
"POINT (7.003614717000062 51.392215740000040)",Unfall 159794 (2021) Kat:2, Licht: 0,159794,2,2,5,3,13,4,0,0,0,1,0,1,0,0
"POINT (6.974227910000025 51.442923332000078)",Unfall 159802 (2021) Kat:3, Licht: 0,159802,3,6,2,4,14,5,0,0,0,1,0,0,0,0
"POINT (6.981869378000056 51.484091314000068)",Unfall 159809 (2021) Kat:3, Licht: 0,159809,3,2,5,10,14,6,0,0,1,1,0,0,0,0
"POINT (6.960313631000076 51.467380352000077)",Unfall 159817 (2021) Kat:3, Licht: 0,159817,3,4,0,12,10,4,1,0,0,1,1,0,0,0
"POINT (7.005771601000049 51.438569889000064)",Unfall 159822 (2021) Kat:3, Licht: 0,159822,3,7,6,11,14,4,0,0,0,1,1,0,0,0
"POINT (6.997612426000046 51.385566129000040)",Unfall 159825 (2021) Kat:3, Licht: 1,159825,3,7,0,4,6,1,0,1,0,0,0,0,0,1
"POINT (7.001376315000073 51.429416999000068)",Unfall 159833 (2021) Kat:3, Licht: 0,159833,3,3,5,9,17,6,0,0,0,1,0,0,0,1
"POINT (7.005203665000067 51.454301311000052)",Unfall 159840 (2021) Kat:3, Licht: 0,159840,3,6,5,10,10,2,0,0,1,1,0,0,0,0
"POINT (6.968773155000065 51.447238722000066)",Unfall 159844 (2021) Kat:3, Licht: 0,159844,3,5,1,5,13,3,1,0,1,1,0,0,0,0
"POINT (7.010766295000053 51.439247631000057)",Unfall 159854 (2021) Kat:3, Licht: 1,159854,3,7,7,11,17,4,1,1,0,1,0,0,0,0
"POINT (6.986216823000063 51.452621102000080)",Unfall 159858 (2021) Kat:3, Licht: 0,159858,3,3,5,6,15,6,0,0,1,1,0,0,0,0
"POINT (7.003254349000031 51.429542089000051)",Unfall 159877 (2021) Kat:3, Licht: 0,159877,3,7,6,10,16,7,0,0,0,1,1,0,0,0
"POINT (6.964058811000029 51.456352860000038)",Unfall 159882 (2021) Kat:3, Licht: 0,159882,3,1,2,6,16,3,0,0,0,1,0,0,0,0
"POINT (6.985377322000033 51.447479852000072)",Unfall 159884 (2021) Kat:3, Licht: 2,159884,3,1,0,9,19,2,1,2,1,0,0,0,0,0
"POINT (6.990914725000039 51.439009040000030)",Unfall 159885 (2021) Kat:2, Licht: 0,159885,2,3,5,1,16,4,0,0,1,1,0,0,0,0
"POINT (6.982159164000052 51.464239338000027)",Unfall 159895 (2021) Kat:3, Licht: 0,159895,3,2,5,5,15,6,0,0,1,1,0,0,0,0
"POINT (7.003448698000057 51.430284025000049)",Unfall 159908 (2021) Kat:3, Licht: 0,159908,3,3,5,9,15,5,0,0,1,1,0,0,0,0
"POINT (6.986555018000047 51.444914225000048)",Unfall 159915 (2021) Kat:3, Licht: 0,159915,3,2,5,10,9,4,0,0,0,1,0,0,0,0
"POINT (7.009777356000029 51.454821627000058)",Unfall 159924 (2021) Kat:3, Licht: 0,159924,3,7,0,9,15,6,0,0,0,1,0,1,0,0
"POINT (6.961675128000024 51.437534856000070)",Unfall 159935 (2021) Kat:3, Licht: 0,159935,3,1,0,3,13,4,0,0,1,0,0,0,0,0
"POINT (6.981515042000069 51.454900923000082)",Unfall 159941 (2021) Kat:2, Licht: 0,159941,2,6,4,10,15,3,1,0,0,1,0,0,0,0
"POINT (6.993988267000020 51.411750190000078)",Unfall 159944 (2021) Kat:3, Licht: 0,159944,3,7,5,4,14,6,0,0,0,1,0,0,0,0
"POINT (6.969279043000029 51.420035858000062)",Unfall 159947 (2021) Kat:2, Licht: 0,159947,2,3,5,5,15,6,0,0,1,1,0,0,0,0
"POINT (7.001545641000064 51.394571722000080)",Unfall 159954 (2021) Kat:3, Licht: 0,159954,3,1,0,6,17,2,0,0,1,1,0,0,0,0
"POINT (7.004775282000026 51.489866973000062)",Unfall 159959 (2021) Kat:3, Licht: 0,159959,3,5,9,4,14,3,0,0,0,1,0,0,0,0
"POINT (6.976632246000065 51.457505189000074)",Unfall 159981 (2021) Kat:3, Licht: 0,159981,3,7,5,5,19,4,0,0,0,1,0,0,0,1
"POINT (7.009069533000059 51.438700651000033)",Unfall 159986 (2021) Kat:3, Licht: 0,159986,3,7,0,2,10,2,0,0,1,1,0,0,0,0
"POINT (6.983031427000071 51.396208635000050)",Unfall 159988 (2021) Kat:3, Licht: 0,159988,3,6,0,4,17,4,0,0,1,0,0,0,0,0
"POINT (6.980167298000026 51.500611079000066)",Unfall 160000 (2021) Kat:3, Licht: 0,160000,3,1,8,10,11,3,0,0,0,1,0,0,0,0
"POINT (7.009441884000069 51.451718764000077)",Unfall 160013 (2021) Kat:3, Licht: 0,160013,3,7,2,10,11,6,0,0,0,1,0,0,0,0
"POINT (7.013139131000059 51.444118923000076)",Unfall 160030 (2021) Kat:3, Licht: 2,160030,3,3,5,11,17,2,1,2,1,1,0,0,0,0
"POINT (7.079090496000049 51.451116172000070)",Unfall 160041 (2021) Kat:3, Licht: 2,160041,3,1,0,10,1,7,0,2,1,0,0,0,0,0
"POINT (7.048845745000051 51.484571516000074)",Unfall 160042 (2021) Kat:3, Licht: 0,160042,3,3,5,12,11,2,0,0,0,1,0,0,0,0
"POINT (7.031733326000051 51.499568691000036)",Unfall 160044 (2021) Kat:3, Licht: 0,160044,3,2,5,3,13,6,0,0,0,1,0,1,0,0
"POINT (7.056164636000062 51.429011322000065)",Unfall 160048 (2021) Kat:3, Licht: 0,160048,3,7,0,10,15,7,0,0,1,1,0,0,0,0
"POINT (7.065034381000032 51.404244541000025)",Unfall 160049 (2021) Kat:3, Licht: 0,160049,3,7,0,10,17,7,0,0,0,1,0,0,0,0
"POINT (7.075217133000024 51.430445732000067)",Unfall 160050 (2021) Kat:3, Licht: 1,160050,3,7,0,1,16,5,1,1,0,1,1,0,0,0
"POINT (7.012445795000076 51.436469158000079)",Unfall 160065 (2021) Kat:3, Licht: 0,160065,3,7,0,10,11,4,0,0,1,0,0,0,0,0
"POINT (7.011891327000058 51.502170361000026)",Unfall 160069 (2021) Kat:3, Licht: 0,160069,3,3,5,3,9,4,0,0,0,1,0,0,0,0
"POINT (7.070638098000074 51.399593891000052)",Unfall 160079 (2021) Kat:3, Licht: 0,160079,3,7,0,12,10,6,0,0,1,1,0,0,0,0
"POINT (7.077256770000076 51.448858446000031)",Unfall 160086 (2021) Kat:3, Licht: 0,160086,3,2,3,4,12,6,0,0,1,1,0,0,0,0
"POINT (7.021220888000073 51.459869009000045)",Unfall 160102 (2021) Kat:3, Licht: 0,160102,3,7,0,7,7,5,1,0,1,0,0,0,0,0
"POINT (7.027981344000068 51.495134357000040)",Unfall 160103 (2021) Kat:3, Licht: 1,160103,3,3,5,3,6,7,1,1,0,1,0,0,0,0
"POINT (7.055107084000042 51.432897015000037)",Unfall 160109 (2021) Kat:3, Licht: 0,160109,3,1,3,9,16,5,0,0,1,0,0,0,0,0
"POINT (7.013588143000050 51.443117922000056)",Unfall 160145 (2021) Kat:3, Licht: 2,160145,3,7,0,10,2,1,0,2,0,0,0,1,0,1
"POINT (7.029594211000074 51.458974149000028)",Unfall 160159 (2021) Kat:3, Licht: 2,160159,3,5,2,12,17,7,1,2,0,1,0,0,0,0
"POINT (7.041539675000024 51.492834936000065)",Unfall 160161 (2021) Kat:3, Licht: 1,160161,3,3,5,5,20,3,1,1,0,1,0,0,0,0
"POINT (7.074856311000076 51.450102925000067)",Unfall 160166 (2021) Kat:3, Licht: 0,160166,3,3,1,2,9,4,0,0,1,1,0,0,0,0
"POINT (7.045699415000058 51.442975798000077)",Unfall 160167 (2021) Kat:3, Licht: 0,160167,3,1,7,6,11,2,0,0,1,0,0,0,0,0
"POINT (7.079653423000025 51.428186330000074)",Unfall 160173 (2021) Kat:3, Licht: 0,160173,3,1,4,2,18,7,0,0,0,1,0,0,0,0
"POINT (7.011667073000069 51.404944320000027)",Unfall 160177 (2021) Kat:3, Licht: 2,160177,3,1,0,11,17,4,0,2,1,0,0,0,0,0
"POINT (7.034143110000059 51.445876884000029)",Unfall 160179 (2021) Kat:3, Licht: 0,160179,3,7,6,11,13,4,1,0,0,1,1,0,0,0
"POINT (7.063456874000053 51.467585589000066)",Unfall 160182 (2021) Kat:3, Licht: 0,160182,3,7,0,1,12,5,1,0,0,1,1,0,0,0
"POINT (7.014374229000055 51.473315468000067)",Unfall 160189 (2021) Kat:3, Licht: 0,160189,3,6,2,4,9,6,0,0,0,1,0,0,0,1
"POINT (7.052904298000044 51.484209521000082)",Unfall 160191 (2021) Kat:3, Licht: 0,160191,3,4,6,11,13,6,0,0,0,1,1,0,0,0
"POINT (7.019746273000067 51.494047669000054)",Unfall 160194 (2021) Kat:3, Licht: 2,160194,3,3,5,10,23,2,0,2,0,1,0,0,0,0
"POINT (7.039881267000055 51.430622508000056)",Unfall 160198 (2021) Kat:2, Licht: 0,160198,2,7,1,10,8,7,0,0,0,1,0,0,0,0
"POINT (7.013615917000038 51.462222484000051)",Unfall 160200 (2021) Kat:3, Licht: 1,160200,3,4,6,11,7,6,1,1,0,1,1,0,0,0
"POINT (7.079559792000055 51.419445596000060)",Unfall 160201 (2021) Kat:2, Licht: 0,160201,2,7,0,6,10,3,0,0,0,0,1,0,0,1
"POINT (7.018219684000030 51.469799939000040)",Unfall 160206 (2021) Kat:2, Licht: 0,160206,2,3,5,6,15,6,0,0,0,1,0,0,0,0
"POINT (7.042407043000026 51.390974008000057)",Unfall 160216 (2021) Kat:3, Licht: 0,160216,3,6,2,9,16,7,0,0,0,0,0,1,0,0
"POINT (7.076759397000046 51.428882620000081)",Unfall 160220 (2021) Kat:3, Licht: 0,160220,3,3,0,5,17,2,1,0,1,1,0,0,0,0
"POINT (7.022519279000051 51.390787498000066)",Unfall 160226 (2021) Kat:3, Licht: 0,160226,3,3,0,2,13,2,0,0,1,1,0,0,0,0
"POINT (7.030534535000072 51.436192032000065)",Unfall 160227 (2021) Kat:3, Licht: 0,160227,3,2,0,2,10,3,0,0,0,1,0,0,0,0
"POINT (7.078501763000077 51.452546302000030)",Unfall 160234 (2021) Kat:3, Licht: 2,160234,3,4,6,11,18,2,0,2,0,1,1,0,0,0
"POINT (7.041290567000033 51.430720667000060)",Unfall 160239 (2021) Kat:3, Licht: 0,160239,3,4,6,7,18,2,0,0,0,1,1,0,0,0
"POINT (7.075625076000051 51.466460167000037)",Unfall 160243 (2021) Kat:3, Licht: 0,160243,3,2,6,1,16,2,1,0,0,1,1,0,0,0
"POINT (7.044062269000051 51.502087760000052)",Unfall 160248 (2021) Kat:3, Licht: 2,160248,3,7,7,5,22,1,0,2,0,0,0,1,0,0
"POINT (7.055278842000064 51.432572249000032)",Unfall 160270 (2021) Kat:3, Licht: 0,160270,3,7,0,9,16,5,0,0,1,0,0,0,0,0
"POINT (7.074085145000026 51.394718939000029)",Unfall 160282 (2021) Kat:2, Licht: 0,160282,2,7,0,3,10,1,0,0,1,0,0,0,0,0
"POINT (7.024745169000028 51.430828449000046)",Unfall 160285 (2021) Kat:3, Licht: 0,160285,3,1,5,10,14,1,1,0,1,1,0,0,0,0
"POINT (7.013541433000057 51.464116004000061)",Unfall 160294 (2021) Kat:3, Licht: 0,160294,3,3,5,10,16,5,0,0,0,1,0,0,0,1
"POINT (7.024959374000048 51.384631386000081)",Unfall 160300 (2021) Kat:3, Licht: 0,160300,3,7,6,5,11,6,0,0,0,1,1,0,0,0
"POINT (7.011979052000072 51.451916390000065)",Unfall 160304 (2021) Kat:3, Licht: 0,160304,3,6,0,6,16,1,0,0,0,1,0,1,0,0
"POINT (7.080519042000049 51.452741642000035)",Unfall 160305 (2021) Kat:3, Licht: 0,160305,3,1,0,9,13,1,0,0,1,0,0,0,0,0
"POINT (7.012227122000070 51.453711092000049)",Unfall 160308 (2021) Kat:3, Licht: 0,160308,3,1,4,4,17,3,0,0,1,0,0,0,0,0
"POINT (7.022950974000025 51.456590461000076)",Unfall 160316 (2021) Kat:3, Licht: 0,160316,3,3,5,12,13,2,0,0,0,1,0,1,0,0
"POINT (7.052890336000075 51.483154716000058)",Unfall 160335 (2021) Kat:3, Licht: 0,160335,3,7,6,6,18,3,0,0,0,1,1,0,0,0
"POINT (7.074602439000046 51.446397931000035)",Unfall 160336 (2021) Kat:3, Licht: 0,160336,3,7,0,12,10,4,1,0,0,1,0,0,0,1
"POINT (7.012153508000040 51.459490523000056)",Unfall 160346 (2021) Kat:3, Licht: 0,160346,3,1,5,3,14,6,0,0,1,1,0,0,0,0
"POINT (7.018025423000040 51.465481255000043)",Unfall 160349 (2021) Kat:3, Licht: 0,160349,3,4,6,12,15,4,0,0,0,0,1,0,0,1
"POINT (7.058774603000074 51.399878571000045)",Unfall 160367 (2021) Kat:3, Licht: 0,160367,3,3,2,2,15,1,0,0,1,1,0,0,0,0
"POINT (7.014142987000071 51.452194029000054)",Unfall 160376 (2021) Kat:3, Licht: 0,160376,3,7,0,2,12,3,0,0,0,0,0,0,0,1
"POINT (7.084488681000039 51.454881114000045)",Unfall 160377 (2021) Kat:3, Licht: 0,160377,3,2,6,11,7,3,0,0,0,1,1,0,0,0
"POINT (7.028170386000056 51.449063615000057)",Unfall 160383 (2021) Kat:3, Licht: 0,160383,3,2,0,3,15,6,0,0,0,1,1,0,0,0
"POINT (7.090623077000032 51.468743973000073)",Unfall 160384 (2021) Kat:3, Licht: 0,160384,3,3,5,9,11,4,0,0,0,0,0,1,0,1
"POINT (7.060616681000056 51.473211097000046)",Unfall 160387 (2021) Kat:3, Licht: 0,160387,3,1,8,9,12,7,0,0,1,1,0,0,0,0
"POINT (7.013731059000065 51.456531751000057)",Unfall 160388 (2021) Kat:3, Licht: 0,160388,3,1,6,12,9,5,0,0,0,0,1,0,0,1
"POINT (7.053828905000046 51.465874399000029)",Unfall 160390 (2021) Kat:3, Licht: 0,160390,3,2,4,4,17,6,0,0,0,1,0,0,0,0
"POINT (7.045206099000040 51.405906442000060)",Unfall 160392 (2021) Kat:3, Licht: 0,160392,3,7,0,3,16,6,0,0,1,0,1,0,0,0