WKT,Name,OBJECTID,UKATEGORIE,UTYP1,UART,UMONAT,USTUNDE,UWOCHENTAG,STRZUSTAND,ULICHTVERH,ISTRAD,ISTPKW,ISTFUSS,ISTKRAD,ISTGKFZ,ISTSONSTIG
"POINT (7.078689836000024 51.482394640000052)",Unfall 160408 (2021) Kat:3, Licht: 0,160408,3,7,0,9,16,1,0,0,1,0,0,0,0,0
"POINT (7.029009727000073 51.437598406000063)",Unfall 160436 (2021) Kat:3, Licht: 0,160436,3,2,0,3,11,5,0,0,0,1,0,0,0,0
"POINT (7.045134760000053 51.498481003000052)",Unfall 160453 (2021) Kat:3, Licht: 0,160453,3,4,6,5,18,5,0,0,0,1,1,0,0,0
"POINT (7.027143367000065 51.445120581000026)",Unfall 160465 (2021) Kat:3, Licht: 0,160465,3,3,5,6,8,3,0,0,1,1,0,0,0,0
"POINT (7.013685807000059 51.461937393000028)",Unfall 160468 (2021) Kat:3, Licht: 0,160468,3,6,1,5,16,4,1,0,0,1,0,1,0,0
"POINT (7.079856207000034 51.468102582000029)",Unfall 160479 (2021) Kat:3, Licht: 0,160479,3,4,6,5,17,6,0,0,0,1,1,0,0,0
"POINT (7.073204918000044 51.422317485000065)",Unfall 160483 (2021) Kat:3, Licht: 2,160483,3,3,5,1,7,5,1,2,0,1,0,0,0,0
"POINT (7.067706465000072 51.490888959000074)",Unfall 160487 (2021) Kat:3, Licht: 2,160487,3,3,5,12,17,4,1,2,0,1,0,0,0,0
"POINT (7.045890316000055 51.469824556000049)",Unfall 160521 (2021) Kat:3, Licht: 0,160521,3,4,6,10,11,3,0,0,0,1,1,0,0,0
"POINT (7.079348126000070 51.474639852000053)",Unfall 160528 (2021) Kat:3, Licht: 2,160528,3,7,0,2,22,6,0,2,0,0,0,0,0,1
"POINT (7.043661452000038 51.483040081000070)",Unfall 160534 (2021) Kat:3, Licht: 0,160534,3,7,0,5,14,1,1,0,1,0,0,0,0,0
"POINT (7.065319149000061 51.489526110000043)",Unfall 160536 (2021) Kat:3, Licht: 0,160536,3,7,0,5,16,4,1,0,0,1,0,0,0,1
"POINT (7.030705565000062 51.437161932000038)",Unfall 160540 (2021) Kat:3, Licht: 0,160540,3,3,0,6,11,2,0,0,0,1,0,0,0,1
"POINT (7.029746007000028 51.487941989000035)",Unfall 160551 (2021) Kat:3, Licht: 0,160551,3,1,0,6,12,5,0,0,1,0,0,0,0,0
"POINT (7.041661154000053 51.431332079000072)",Unfall 160567 (2021) Kat:3, Licht: 0,160567,3,3,5,10,14,1,1,0,0,1,0,0,0,0
"POINT (7.013805618000049 51.521592166000062)",Unfall 160568 (2021) Kat:3, Licht: 0,160568,3,3,5,9,8,5,0,0,0,1,0,0,0,0
"POINT (7.060173982000038 51.457934905000059)",Unfall 160577 (2021) Kat:3, Licht: 0,160577,3,1,8,3,8,4,0,0,1,1,0,0,0,0
"POINT (7.012408243000039 51.502680501000043)",Unfall 160582 (2021) Kat:3, Licht: 0,160582,3,3,0,2,15,6,0,0,0,1,0,1,0,0
"POINT (7.085808178000036 51.449172997000062)",Unfall 160597 (2021) Kat:3, Licht: 2,160597,3,2,6,12,17,6,1,2,0,1,1,0,0,0
"POINT (7.029025664000073 51.431614644000035)",Unfall 160602 (2021) Kat:3, Licht: 0,160602,3,7,1,11,15,5,1,0,0,1,0,1,0,0
"POINT (7.043899678000059 51.426730492000047)",Unfall 160616 (2021) Kat:3, Licht: 0,160616,3,1,0,2,9,6,0,0,1,0,0,0,0,0
"POINT (7.065653947000044 51.457778042000029)",Unfall 160619 (2021) Kat:3, Licht: 0,160619,3,6,1,6,11,2,0,0,0,1,0,0,0,0
"POINT (7.022347630000070 51.455504211000061)",Unfall 160646 (2021) Kat:2, Licht: 0,160646,2,2,5,5,18,7,1,0,0,1,0,0,0,0
"POINT (7.081848254000022 51.459053362000077)",Unfall 160661 (2021) Kat:3, Licht: 0,160661,3,7,0,11,12,3,0,0,0,1,0,1,0,0
"POINT (7.017399692000026 51.436016862000031)",Unfall 160666 (2021) Kat:3, Licht: 0,160666,3,2,5,6,18,4,1,0,1,1,0,0,0,0
"POINT (7.065323200000023 51.409968199000048)",Unfall 160669 (2021) Kat:3, Licht: 0,160669,3,7,0,6,13,2,0,0,0,1,0,0,0,0
"POINT (7.014815862000034 51.453744915000073)",Unfall 160676 (2021) Kat:3, Licht: 0,160676,3,6,3,2,10,6,0,0,1,1,0,0,0,0
"POINT (7.077039460000037 51.447631281000042)",Unfall 160681 (2021) Kat:3, Licht: 0,160681,3,7,0,9,9,4,1,0,0,1,1,0,0,0
"POINT (7.041403176000074 51.428766618000054)",Unfall 160699 (2021) Kat:2, Licht: 0,160699,2,4,6,2,14,6,0,0,0,1,1,0,0,0
"POINT (7.013623667000047 51.462185122000051)",Unfall 160710 (2021) Kat:3, Licht: 0,160710,3,6,2,5,10,6,1,0,0,1,0,0,0,0
"POINT (7.016876453000066 51.377436480000028)",Unfall 160716 (2021) Kat:3, Licht: 0,160716,3,2,6,1,8,7,1,0,0,1,1,0,0,0
"POINT (7.077830340000048 51.447498759000041)",Unfall 160720 (2021) Kat:2, Licht: 1,160720,2,4,6,2,17,2,1,1,0,1,1,0,0,0
"POINT (7.030705565000062 51.437161932000038)",Unfall 160723 (2021) Kat:3, Licht: 0,160723,3,3,5,3,9,6,0,0,0,1,0,0,0,0
"POINT (7.063564092000036 51.466452930000059)",Unfall 160729 (2021) Kat:3, Licht: 0,160729,3,7,8,6,11,6,0,0,0,1,0,0,0,0
"POINT (7.076802465000071 51.446424592000028)",Unfall 160730 (2021) Kat:3, Licht: 0,160730,3,7,0,6,19,2,0,0,1,0,1,0,0,0
"POINT (7.013382165000053 51.392948698000055)",Unfall 160737 (2021) Kat:3, Licht: 2,160737,3,1,5,11,19,6,1,2,0,1,0,1,0,0
"POINT (7.045922960000041 51.435343491000026)",Unfall 160741 (2021) Kat:2, Licht: 0,160741,2,2,5,11,12,6,0,0,0,1,0,1,0,0
"POINT (7.020199979000040 51.491465647000041)",Unfall 160742 (2021) Kat:3, Licht: 0,160742,3,7,0,7,12,3,1,0,0,1,0,1,0,0
"POINT (7.037764364000054 51.477001709000035)",Unfall 160745 (2021) Kat:3, Licht: 2,160745,3,7,0,12,21,7,1,2,1,0,0,0,0,0
"POINT (7.012418058000037 51.502690571000073)",Unfall 160747 (2021) Kat:3, Licht: 2,160747,3,1,1,11,20,7,0,2,1,1,0,0,0,0
"POINT (7.011780562000069 51.442226603000051)",Unfall 160750 (2021) Kat:3, Licht: 0,160750,3,3,5,9,8,2,0,0,1,1,0,0,0,0
"POINT (7.089714066000056 51.401553097000033)",Unfall 160757 (2021) Kat:3, Licht: 0,160757,3,6,2,3,17,2,0,0,1,1,0,0,0,0
"POINT (7.011286022000036 51.461434103000045)",Unfall 160764 (2021) Kat:3, Licht: 1,160764,3,1,8,4,5,4,0,1,0,1,0,0,0,0
"POINT (7.078435830000046 51.467628015000059)",Unfall 160770 (2021) Kat:3, Licht: 2,160770,3,7,2,11,17,6,0,2,0,1,0,0,0,0
"POINT (7.036566748000041 51.443502757000033)",Unfall 160771 (2021) Kat:3, Licht: 0,160771,3,2,5,11,12,5,0,0,1,1,0,0,0,0
"POINT (7.076869713000065 51.434245515000043)",Unfall 160782 (2021) Kat:3, Licht: 0,160782,3,6,2,6,13,3,0,0,0,1,0,0,0,0
"POINT (7.026941632000046 51.441592484000068)",Unfall 160786 (2021) Kat:3, Licht: 0,160786,3,6,5,10,8,3,1,0,1,1,0,0,0,0
"POINT (7.040591437000046 51.429427046000058)",Unfall 160788 (2021) Kat:3, Licht: 0,160788,3,7,0,2,16,5,0,0,1,0,0,0,0,0
"POINT (7.013853788000063 51.487121863000027)",Unfall 160790 (2021) Kat:3, Licht: 0,160790,3,5,1,7,18,4,1,0,0,1,0,1,0,0
"POINT (7.011425665000047 51.455711664000034)",Unfall 160800 (2021) Kat:3, Licht: 0,160800,3,1,0,9,15,3,1,0,1,0,0,0,0,0
"POINT (7.012403681000023 51.461954959000082)",Unfall 160804 (2021) Kat:3, Licht: 0,160804,3,3,5,4,9,6,0,0,0,1,0,0,0,0
"POINT (7.044969863000063 51.463008176000073)",Unfall 160808 (2021) Kat:3, Licht: 0,160808,3,4,0,12,12,5,0,0,0,1,1,0,0,0
"POINT (7.045112952000068 51.498501919000034)",Unfall 160812 (2021) Kat:3, Licht: 0,160812,3,7,0,6,12,2,0,0,1,1,0,0,0,0
"POINT (7.041928352000070 51.427081946000044)",Unfall 160817 (2021) Kat:2, Licht: 0,160817,2,1,3,3,17,3,0,0,1,0,0,0,0,0
"POINT (7.052166095000075 51.425822486000072)",Unfall 160821 (2021) Kat:3, Licht: 0,160821,3,2,5,11,13,3,1,0,1,1,0,0,0,0
"POINT (7.032629744000076 51.459081697000045)",Unfall 160832 (2021) Kat:3, Licht: 0,160832,3,3,5,3,17,4,0,0,1,1,0,0,0,0
"POINT (7.041495143000020 51.506226051000056)",Unfall 160844 (2021) Kat:3, Licht: 0,160844,3,3,0,6,17,3,0,0,1,1,0,0,0,0
"POINT (7.023851911000065 51.495000351000044)",Unfall 160859 (2021) Kat:3, Licht: 0,160859,3,7,0,5,20,2,0,0,1,0,0,0,0,1
"POINT (7.011983981000071 51.451813881000078)",Unfall 160860 (2021) Kat:3, Licht: 0,160860,3,6,3,11,16,4,0,0,1,1,0,0,0,0
"POINT (7.033506596000052 51.435947149000071)",Unfall 160862 (2021) Kat:3, Licht: 2,160862,3,6,2,1,7,2,2,2,0,1,0,0,0,0
"POINT (7.018022988000041 51.465470817000039)",Unfall 160863 (2021) Kat:3, Licht: 0,160863,3,3,5,2,12,5,0,0,1,0,0,1,0,0
"POINT (7.056174616000021 51.429020261000062)",Unfall 160864 (2021) Kat:3, Licht: 0,160864,3,6,3,6,18,2,0,0,1,0,0,0,0,0
"POINT (7.077689238000062 51.430328440000039)",Unfall 160866 (2021) Kat:3, Licht: 1,160866,3,7,0,12,11,2,0,1,0,0,0,0,0,1
"POINT (7.013612878000060 51.447480780000035)",Unfall 160883 (2021) Kat:3, Licht: 0,160883,3,7,0,11,17,3,0,0,1,0,0,0,0,1
"POINT (7.018214021000063 51.469799532000081)",Unfall 160889 (2021) Kat:3, Licht: 2,160889,3,6,1,6,22,6,1,2,0,1,0,0,0,0
"POINT (7.011214197000072 51.448216467000066)",Unfall 160935 (2021) Kat:3, Licht: 2,160935,3,3,5,11,17,5,1,2,1,1,0,0,0,0
"POINT (7.072421134000024 51.467361866000033)",Unfall 160939 (2021) Kat:3, Licht: 0,160939,3,3,5,6,16,3,0,0,0,1,0,1,0,0
"POINT (7.017691809000041 51.428231723000067)",Unfall 160940 (2021) Kat:3, Licht: 0,160940,3,7,5,6,18,3,0,0,1,1,0,0,0,0
"POINT (7.079088740000032 51.451113151000072)",Unfall 160944 (2021) Kat:2, Licht: 0,160944,2,7,0,10,15,4,1,0,0,0,0,1,0,0
"POINT (7.030705565000062 51.437161932000038)",Unfall 160947 (2021) Kat:3, Licht: 0,160947,3,3,5,12,14,4,0,0,0,1,0,0,0,0
"POINT (7.014163622000069 51.452929265000080)",Unfall 160951 (2021) Kat:3, Licht: 0,160951,3,5,1,2,14,3,0,0,0,1,0,1,0,0
"POINT (7.027825662000055 51.513998113000071)",Unfall 160957 (2021) Kat:3, Licht: 0,160957,3,1,4,5,16,1,0,0,1,0,0,0,0,0
"POINT (7.013923850000026 51.506461080000065)",Unfall 160960 (2021) Kat:2, Licht: 0,160960,2,5,1,6,18,1,0,0,1,1,0,0,0,0
"POINT (7.020452300000045 51.457089692000068)",Unfall 160969 (2021) Kat:3, Licht: 0,160969,3,7,0,2,16,6,0,0,0,1,0,0,0,0
"POINT (7.039313233000030 51.426152111000079)",Unfall 160981 (2021) Kat:2, Licht: 0,160981,2,1,8,9,13,1,0,0,1,0,0,0,0,0
"POINT (7.011567556000045 51.432346784000060)",Unfall 160987 (2021) Kat:3, Licht: 0,160987,3,1,0,1,8,3,1,0,1,0,0,0,0,0
"POINT (7.088643977000061 51.393984083000078)",Unfall 160990 (2021) Kat:3, Licht: 0,160990,3,3,0,9,16,4,1,0,0,1,0,0,0,0
"POINT (7.032659149000040 51.426213035000046)",Unfall 160998 (2021) Kat:3, Licht: 0,160998,3,3,5,3,8,6,0,0,0,1,1,0,0,0
"POINT (7.056621642000039 51.399834404000046)",Unfall 161004 (2021) Kat:2, Licht: 0,161004,2,6,1,4,14,7,0,0,1,1,0,0,0,0
"POINT (7.076759397000046 51.428882620000081)",Unfall 161006 (2021) Kat:3, Licht: 0,161006,3,2,6,6,12,6,0,0,0,1,1,0,0,0
"POINT (7.019506405000072 51.494753286000048)",Unfall 161032 (2021) Kat:2, Licht: 0,161032,2,5,1,9,15,2,0,0,1,1,0,0,0,0
"POINT (7.072671920000062 51.473108739000054)",Unfall 161042 (2021) Kat:3, Licht: 0,161042,3,3,5,12,8,5,1,0,0,1,0,0,0,0
"POINT (7.016672131000064 51.440794611000058)",Unfall 161044 (2021) Kat:3, Licht: 0,161044,3,7,0,5,7,6,0,0,1,0,0,0,0,0
"POINT (7.037014559000056 51.431444352000028)",Unfall 161045 (2021) Kat:3, Licht: 1,161045,3,4,7,1,8,4,1,1,0,0,1,0,0,1
"POINT (7.066572501000053 51.492172051000068)",Unfall 161047 (2021) Kat:3, Licht: 0,161047,3,4,0,9,14,6,0,0,0,1,1,0,0,0
"POINT (7.077418980000061 51.447561444000030)",Unfall 161048 (2021) Kat:3, Licht: 0,161048,3,5,1,9,15,5,0,0,1,1,0,0,0,0
"POINT (7.076042412000049 51.427231618000064)",Unfall 161060 (2021) Kat:3, Licht: 0,161060,3,7,0,12,15,4,1,0,0,1,0,0,0,0
"POINT (7.040919422000059 51.424945323000031)",Unfall 161065 (2021) Kat:3, Licht: 0,161065,3,7,0,6,12,5,0,0,0,1,0,0,0,0
"POINT (7.080639858000040 51.473597818000030)",Unfall 161079 (2021) Kat:3, Licht: 0,161079,3,6,6,10,13,6,1,0,0,1,1,0,0,0
"POINT (7.022560765000037 51.452686932000063)",Unfall 161083 (2021) Kat:2, Licht: 2,161083,2,1,9,1,20,6,1,2,0,1,0,0,0,0
"POINT (7.027728999000033 51.441372001000047)",Unfall 161094 (2021) Kat:3, Licht: 0,161094,3,1,0,9,13,5,0,0,1,1,0,0,0,0
"POINT (7.040656011000067 51.498226028000033)",Unfall 161097 (2021) Kat:3, Licht: 0,161097,3,7,0,4,10,4,0,0,0,1,0,0,0,0
"POINT (7.053402236000068 51.402105531000075)",Unfall 161100 (2021) Kat:3, Licht: 0,161100,3,7,0,9,10,5,0,0,1,0,0,0,0,1
"POINT (7.017865660000041 51.464583754000046)",Unfall 161101 (2021) Kat:2, Licht: 2,161101,2,1,0,12,23,6,1,2,1,0,0,0,0,0
"POINT (7.077578763000076 51.468083536000051)",Unfall 161105 (2021) Kat:2, Licht: 0,161105,2,3,5,9,15,1,0,0,0,1,0,0,0,0
"POINT (7.069923323000069 51.426173176000077)",Unfall 161110 (2021) Kat:3, Licht: 0,161110,3,1,4,2,14,1,2,0,0,1,0,0,0,0
"POINT (7.013012032000063 51.457985439000026)",Unfall 161123 (2021) Kat:3, Licht: 0,161123,3,4,6,11,11,6,0,0,0,1,1,0,0,0
"POINT (7.079824033000023 51.466919269000073)",Unfall 161136 (2021) Kat:3, Licht: 0,161136,3,7,0,9,10,5,0,0,0,1,1,0,0,0
"POINT (7.062370631000022 51.494804017000035)",Unfall 161144 (2021) Kat:3, Licht: 2,161144,3,3,5,10,20,6,0,2,0,1,0,0,0,0
"POINT (7.030379748000030 51.488110081000059)",Unfall 161148 (2021) Kat:2, Licht: 2,161148,2,1,0,4,22,6,0,2,0,0,0,1,0,0
"POINT (7.080734741000072 51.391479962000062)",Unfall 161161 (2021) Kat:3, Licht: 0,161161,3,7,5,12,11,3,0,0,0,1,0,0,0,1
"POINT (7.118535096000073 51.412442162000048)",Unfall 161318 (2021) Kat:2, Licht: 0,161318,2,5,0,9,9,1,0,0,0,1,1,0,0,0
"POINT (7.099610749000021 51.381181893000075)",Unfall 161389 (2021) Kat:3, Licht: 0,161389,3,7,0,6,20,4,0,0,1,0,0,0,0,0
"POINT (7.096789373000036 51.466077234000068)",Unfall 161462 (2021) Kat:2, Licht: 0,161462,2,4,6,4,13,3,1,0,0,1,1,0,0,0
"POINT (7.105394617000059 51.400259789000074)",Unfall 161482 (2021) Kat:2, Licht: 0,161482,2,7,8,5,12,1,0,0,1,0,0,0,0,0
"POINT (7.116529542000023 51.448776475000045)",Unfall 161546 (2021) Kat:3, Licht: 0,161546,3,2,0,2,16,3,0,0,1,1,0,0,0,0
"POINT (7.095936318000042 51.470569443000045)",Unfall 161580 (2021) Kat:3, Licht: 0,161580,3,7,0,4,13,3,0,0,1,0,0,0,0,0
"POINT (7.098691460000055 51.451991982000038)",Unfall 161596 (2021) Kat:3, Licht: 0,161596,3,3,5,5,15,5,1,0,0,1,0,0,0,0
"POINT (7.105722803000049 51.443497500000035)",Unfall 161760 (2021) Kat:3, Licht: 2,161760,3,7,0,1,20,5,1,2,0,1,0,0,0,1
"POINT (7.115261381000039 51.424463235000076)",Unfall 161809 (2021) Kat:3, Licht: 0,161809,3,6,2,3,9,6,0,0,0,1,0,0,0,1
"POINT (7.115923915000053 51.396078502000080)",Unfall 161921 (2021) Kat:3, Licht: 0,161921,3,4,6,3,9,7,0,0,0,1,1,0,0,0
"POINT (7.099860717000070 51.431388470000059)",Unfall 161993 (2021) Kat:3, Licht: 2,161993,3,7,0,10,22,6,0,2,0,0,0,0,0,1
"POINT (7.097321356000066 51.445783275000053)",Unfall 162050 (2021) Kat:3, Licht: 0,162050,3,3,0,5,10,4,0,0,0,1,0,0,0,1
"POINT (7.109218499000065 51.446848908000050)",Unfall 162144 (2021) Kat:3, Licht: 0,162144,3,4,6,6,17,3,0,0,0,1,1,0,0,0
"POINT (7.094508699000073 51.437239048000038)",Unfall 162220 (2021) Kat:3, Licht: 0,162220,3,7,8,3,11,3,0,0,1,0,0,0,0,0
"POINT (7.099546147000069 51.442892700000073)",Unfall 162269 (2021) Kat:3, Licht: 0,162269,3,3,5,6,20,1,0,0,1,1,0,0,0,0
"POINT (7.002046272000030 51.378868881000074)",Unfall 167858 (2021) Kat:3, Licht: 0,167858,3,4,6,8,12,7,0,0,0,1,1,0,0,0
"POINT (7.068043897000052 51.396995045000040)",Unfall 168302 (2021) Kat:3, Licht: 0,168302,3,3,5,8,18,6,0,0,0,1,0,1,0,0
"POINT (6.952018039000052 51.404393885000047)",Unfall 168638 (2021) Kat:2, Licht: 1,168638,2,7,5,8,19,6,1,1,1,1,0,0,0,0
"POINT (7.010128499000075 51.378044801000044)",Unfall 168648 (2021) Kat:2, Licht: 0,168648,2,6,2,6,7,5,0,0,1,1,0,0,0,0
"POINT (6.952018039000052 51.404393885000047)",Unfall 168719 (2021) Kat:3, Licht: 0,168719,3,7,2,8,18,6,0,0,0,1,0,1,0,0
"POINT (6.951266728000064 51.476803870000026)",Unfall 168881 (2021) Kat:3, Licht: 0,168881,3,4,6,8,7,5,0,0,0,0,1,0,1,0
"POINT (7.006753229000026 51.437152078000054)",Unfall 168890 (2021) Kat:3, Licht: 0,168890,3,4,6,8,13,7,0,0,0,1,1,0,0,0
"POINT (7.013785631000076 51.469295483000053)",Unfall 168893 (2021) Kat:3, Licht: 0,168893,3,2,5,8,15,2,1,0,1,1,0,0,0,0
"POINT (7.033808031000035 51.490957363000064)",Unfall 168906 (2021) Kat:3, Licht: 0,168906,3,3,5,7,15,3,0,0,0,1,0,0,0,1
"POINT (7.013085649000061 51.432690504000050)",Unfall 168912 (2021) Kat:3, Licht: 0,168912,3,3,5,8,9,7,0,0,1,1,0,0,0,0
"POINT (7.079979201000071 51.445470720000060)",Unfall 168936 (2021) Kat:3, Licht: 0,168936,3,3,0,7,11,4,0,0,1,1,0,0,0,0
"POINT (7.065896984000062 51.490343102000054)",Unfall 168939 (2021) Kat:2, Licht: 0,168939,2,7,0,5,18,7,0,0,1,0,0,0,0,0
"POINT (6.998506298000052 51.522624946000064)",Unfall 168941 (2021) Kat:3, Licht: 1,168941,3,3,5,8,5,4,0,1,1,1,0,0,0,0
"POINT (6.957088676000069 51.449972315000082)",Unfall 168947 (2021) Kat:3, Licht: 0,168947,3,7,5,4,14,1,0,0,0,1,0,0,0,0
"POINT (6.994154902000048 51.439490360000036)",Unfall 168955 (2021) Kat:3, Licht: 0,168955,3,1,0,8,13,2,1,0,0,0,0,1,0,0
"POINT (6.975566682000022 51.442300970000076)",Unfall 168978 (2021) Kat:2, Licht: 0,168978,2,2,5,8,14,5,0,0,0,1,0,0,0,0
"POINT (6.928846882000073 51.464316134000057)",Unfall 168993 (2021) Kat:3, Licht: 0,168993,3,2,5,5,9,5,0,0,0,1,0,0,0,1
"POINT (7.090055534000044 51.476026939000064)",Unfall 168996 (2021) Kat:3, Licht: 2,168996,3,7,8,8,1,1,0,2,0,0,0,0,0,1
"POINT (6.985291251000035 51.434654669000054)",Unfall 169003 (2021) Kat:2, Licht: 0,169003,2,2,3,7,17,3,0,0,1,0,0,0,0,0
"POINT (7.044460927000046 51.423391752000043)",Unfall 169013 (2021) Kat:3, Licht: 0,169013,3,1,0,8,20,7,0,0,1,0,0,0,0,0
"POINT (6.949683067000024 51.473403470000051)",Unfall 169030 (2021) Kat:3, Licht: 0,169030,3,7,1,8,7,6,0,0,0,1,0,0,1,0
"POINT (7.004753510000057 51.437513400000057)",Unfall 169038 (2021) Kat:3, Licht: 0,169038,3,4,6,6,14,3,0,0,0,1,1,0,0,0
"POINT (7.062011188000042 51.486827021000067)",Unfall 169070 (2021) Kat:3, Licht: 1,169070,3,7,6,4,5,2,0,1,0,1,1,0,0,0
"POINT (7.040108673000020 51.490639693000048)",Unfall 169095 (2021) Kat:3, Licht: 0,169095,3,3,5,8,17,3,0,0,1,1,0,0,0,0
"POINT (7.022267677000059 51.455366493000042)",Unfall 169143 (2021) Kat:3, Licht: 0,169143,3,3,5,8,15,4,0,0,0,1,0,0,0,1
"POINT (7.008367063000037 51.438489803000039)",Unfall 169155 (2021) Kat:2, Licht: 2,169155,2,2,0,6,23,4,1,2,0,1,1,0,0,0
"POINT (7.034173264000060 51.455438487000038)",Unfall 169169 (2021) Kat:3, Licht: 2,169169,3,3,5,8,22,2,1,2,0,1,0,0,0,0
"POINT (7.016681407000021 51.487605991000066)",Unfall 169172 (2021) Kat:3, Licht: 0,169172,3,2,5,7,14,5,0,0,1,1,0,0,0,0
"POINT (6.940251258000046 51.482811616000049)",Unfall 169199 (2021) Kat:3, Licht: 0,169199,3,7,0,8,7,6,0,0,0,1,0,1,0,0
"POINT (6.979280386000028 51.459545198000058)",Unfall 169209 (2021) Kat:3, Licht: 0,169209,3,4,6,4,14,3,0,0,0,1,1,0,0,0
"POINT (7.014917323000020 51.452382280000052)",Unfall 169220 (2021) Kat:2, Licht: 0,169220,2,7,0,7,16,4,0,0,0,0,0,0,0,1
"POINT (6.947447560000057 51.480340550000051)",Unfall 169247 (2021) Kat:2, Licht: 0,169247,2,1,0,8,16,1,0,0,1,0,0,0,0,0
"POINT (7.008548461000032 51.478035298000066)",Unfall 169280 (2021) Kat:3, Licht: 0,169280,3,6,2,7,10,7,0,0,0,1,0,0,0,0
"POINT (6.976112675000024 51.459989019000034)",Unfall 169292 (2021) Kat:3, Licht: 2,169292,3,7,6,3,19,5,0,2,0,1,1,0,0,0
"POINT (7.008128909000050 51.496384618000036)",Unfall 169307 (2021) Kat:3, Licht: 0,169307,3,4,6,8,12,3,0,0,0,1,1,0,0,0
"POINT (6.983066952000058 51.452114921000032)",Unfall 169312 (2021) Kat:3, Licht: 0,169312,3,7,0,8,18,5,0,0,0,1,0,0,0,0
"POINT (7.005629819000035 51.429965156000037)",Unfall 169322 (2021) Kat:3, Licht: 0,169322,3,2,5,7,17,1,1,0,1,1,0,0,0,0
"POINT (7.024345766000067 51.448774989000071)",Unfall 169361 (2021) Kat:3, Licht: 0,169361,3,7,0,8,13,2,0,0,1,1,0,0,0,0
"POINT (6.946446803000072 51.474574115000053)",Unfall 169363 (2021) Kat:3, Licht: 0,169363,3,3,5,8,17,4,0,0,1,1,0,0,0,0
"POINT (7.038060973000029 51.488848812000072)",Unfall 169387 (2021) Kat:3, Licht: 0,169387,3,3,5,5,19,3,1,0,0,0,0,1,0,1
"POINT (7.007619969000075 51.465954578000037)",Unfall 169409 (2021) Kat:3, Licht: 0,169409,3,3,0,8,16,1,0,0,1,0,0,0,0,1
"POINT (7.003643880000027 51.424251941000080)",Unfall 169416 (2021) Kat:3, Licht: 0,169416,3,3,5,8,7,2,0,0,0,1,0,0,0,0
"POINT (7.009846214000049 51.500190871000029)",Unfall 169429 (2021) Kat:2, Licht: 0,169429,2,2,0,8,11,2,1,0,1,1,0,0,0,0
"POINT (6.962892525000029 51.463364458000058)",Unfall 169458 (2021) Kat:3, Licht: 0,169458,3,7,0,4,12,1,0,0,1,0,0,0,0,0
"POINT (7.019507444000055 51.488057094000055)",Unfall 169473 (2021) Kat:3, Licht: 0,169473,3,3,5,4,15,2,0,0,1,1,0,0,0,0
"POINT (7.016702965000036 51.474995918000047)",Unfall 169481 (2021) Kat:3, Licht: 0,169481,3,3,5,8,8,4,0,0,0,1,0,0,0,1
"POINT (6.976501450000058 51.446472870000036)",Unfall 169491 (2021) Kat:3, Licht: 0,169491,3,7,0,7,13,6,0,0,0,1,0,0,0,1
"POINT (7.074774884000021 51.467547361000072)",Unfall 169504 (2021) Kat:3, Licht: 0,169504,3,3,5,8,17,7,1,0,0,1,0,0,0,0
"POINT (7.034173264000060 51.455438487000038)",Unfall 169512 (2021) Kat:3, Licht: 0,169512,3,6,2,10,12,2,0,0,0,1,0,0,0,0
"POINT (6.967590422000058 51.458478294000031)",Unfall 169536 (2021) Kat:3, Licht: 0,169536,3,1,6,7,14,5,0,0,0,1,1,0,0,0
"POINT (7.003199108000047 51.429347351000047)",Unfall 169545 (2021) Kat:3, Licht: 0,169545,3,2,0,8,17,6,0,0,0,1,0,1,0,0
"POINT (6.934266797000021 51.489212411000040)",Unfall 169552 (2021) Kat:3, Licht: 0,169552,3,6,6,8,13,5,0,0,0,1,1,0,0,0
"POINT (6.979836197000054 51.460187346000055)",Unfall 169572 (2021) Kat:3, Licht: 2,169572,3,7,1,8,22,6,0,2,0,1,0,0,0,1
"POINT (7.041085335000048 51.506604542000048)",Unfall 169577 (2021) Kat:3, Licht: 2,169577,3,1,0,7,22,3,0,2,1,0,0,0,0,0
"POINT (6.974707219000038 51.456577480000078)",Unfall 169582 (2021) Kat:3, Licht: 0,169582,3,5,0,8,7,2,0,0,1,1,0,0,0,0
"POINT (6.986569663000068 51.444880389000048)",Unfall 169611 (2021) Kat:3, Licht: 0,169611,3,7,3,8,12,1,0,0,0,1,0,1,0,0
"POINT (7.016702965000036 51.474995918000047)",Unfall 169613 (2021) Kat:3, Licht: 0,169613,3,3,5,8,15,2,0,0,0,1,0,0,0,0
"POINT (7.003932607000024 51.432042601000035)",Unfall 169664 (2021) Kat:3, Licht: 0,169664,3,6,0,8,13,5,0,0,1,0,0,0,0,1
"POINT (6.931080742000063 51.475222143000053)",Unfall 169715 (2021) Kat:3, Licht: 0,169715,3,3,5,7,16,3,0,0,0,1,0,1,0,0