WKT,Name,OBJECTID,UKATEGORIE,UTYP1,UART,UMONAT,USTUNDE,UWOCHENTAG,STRZUSTAND,ULICHTVERH,ISTRAD,ISTPKW,ISTFUSS,ISTKRAD,ISTGKFZ,ISTSONSTIG
"POINT (6.983293080000067 51.437999392000052)",Unfall 169769 (2021) Kat:2, Licht: 0,169769,2,3,5,8,16,2,1,0,0,1,0,1,0,0
"POINT (7.032885819000057 51.502395530000058)",Unfall 169776 (2021) Kat:3, Licht: 0,169776,3,1,8,7,10,3,0,0,0,1,0,0,1,0
"POINT (6.975507507000032 51.436779139000066)",Unfall 169782 (2021) Kat:3, Licht: 0,169782,3,1,0,8,19,3,0,0,1,0,0,0,0,0
"POINT (7.004215795000050 51.468015211000079)",Unfall 169785 (2021) Kat:3, Licht: 0,169785,3,3,5,8,17,7,1,0,0,1,0,0,0,0
"POINT (7.011891569000056 51.451810374000047)",Unfall 169796 (2021) Kat:3, Licht: 0,169796,3,1,6,8,17,4,0,0,1,0,1,0,0,0
"POINT (7.070957883000062 51.445457880000049)",Unfall 169809 (2021) Kat:2, Licht: 0,169809,2,4,6,7,13,1,0,0,0,1,1,0,0,0
"POINT (7.045124185000020 51.462429594000071)",Unfall 169821 (2021) Kat:3, Licht: 0,169821,3,3,5,8,15,7,0,0,1,1,0,0,0,0
"POINT (7.014917323000020 51.452382280000052)",Unfall 169833 (2021) Kat:3, Licht: 2,169833,3,7,0,8,1,1,0,2,0,0,0,0,0,1
"POINT (7.054093750000050 51.485634322000067)",Unfall 169838 (2021) Kat:3, Licht: 0,169838,3,4,0,8,12,6,0,0,0,0,1,0,0,1
"POINT (6.971271719000072 51.451069059000076)",Unfall 169847 (2021) Kat:3, Licht: 0,169847,3,7,6,8,0,5,0,0,0,1,1,0,0,0
"POINT (7.060767079000072 51.443871035000029)",Unfall 169859 (2021) Kat:3, Licht: 0,169859,3,3,5,4,11,1,0,0,0,1,0,0,0,1
"POINT (6.947447560000057 51.480340550000051)",Unfall 169861 (2021) Kat:3, Licht: 0,169861,3,1,0,6,14,7,0,0,1,0,0,0,0,0
"POINT (7.047209700000053 51.470142204000069)",Unfall 169872 (2021) Kat:3, Licht: 0,169872,3,2,1,6,12,3,0,0,0,1,0,0,0,0
"POINT (7.082667759000060 51.426466650000066)",Unfall 169878 (2021) Kat:2, Licht: 0,169878,2,1,1,8,15,3,1,0,0,1,0,0,0,0
"POINT (7.074285148000058 51.459404382000059)",Unfall 169882 (2021) Kat:3, Licht: 0,169882,3,7,0,5,15,5,0,0,0,0,0,0,0,1
"POINT (7.018515529000069 51.492774815000075)",Unfall 169886 (2021) Kat:3, Licht: 0,169886,3,3,5,8,16,3,1,0,0,1,0,0,0,0
"POINT (6.943204070000036 51.477716572000077)",Unfall 169894 (2021) Kat:2, Licht: 0,169894,2,1,9,8,15,7,0,0,0,1,0,0,0,0
"POINT (6.973570031000065 51.456685805000063)",Unfall 169908 (2021) Kat:3, Licht: 0,169908,3,3,5,8,15,3,1,0,1,1,0,0,0,0
"POINT (7.006018160000053 51.516184056000043)",Unfall 169944 (2021) Kat:3, Licht: 0,169944,3,7,0,7,9,7,0,0,0,1,0,0,0,0
"POINT (6.964011850000077 51.457314948000032)",Unfall 170009 (2021) Kat:3, Licht: 0,170009,3,5,1,7,15,5,0,0,1,1,0,0,0,0
"POINT (7.011948326000038 51.439435315000026)",Unfall 170057 (2021) Kat:3, Licht: 0,170057,3,7,0,8,19,1,0,0,1,0,0,0,0,0
"POINT (7.014381432000050 51.440582243000051)",Unfall 170143 (2021) Kat:3, Licht: 0,170143,3,7,0,7,18,3,0,0,1,1,0,0,0,0
"POINT (6.996719508000069 51.384267161000082)",Unfall 170287 (2021) Kat:2, Licht: 2,170287,2,1,0,7,22,7,1,2,0,0,0,0,0,1
"POINT (7.013021108000032 51.439295312000070)",Unfall 170455 (2021) Kat:3, Licht: 0,170455,3,5,0,7,14,3,0,0,1,1,0,0,0,0
"POINT (7.078733170000021 51.462419978000071)",Unfall 170515 (2021) Kat:2, Licht: 0,170515,2,2,5,7,16,2,0,0,1,1,0,0,0,0
"POINT (6.974227193000047 51.448646089000079)",Unfall 170526 (2021) Kat:3, Licht: 0,170526,3,7,0,8,8,4,0,0,0,1,0,0,0,0
"POINT (6.956287013000065 51.464530013000058)",Unfall 234240 (2021) Kat:3, Licht: 0,234240,3,6,6,3,14,3,0,0,1,0,1,0,0,0
"POINT (6.974740590000067 51.364955011000063)",Unfall 234261 (2021) Kat:2, Licht: 0,234261,2,7,0,10,13,1,0,0,1,0,0,0,0,0
"POINT (7.001534737000043 51.431355933000077)",Unfall 234281 (2021) Kat:3, Licht: 2,234281,3,6,0,5,3,1,0,2,1,0,1,0,0,0
"POINT (7.008055471000034 51.461433786000043)",Unfall 234284 (2021) Kat:3, Licht: 0,234284,3,3,0,9,18,1,0,0,1,0,0,0,0,0
"POINT (7.011036091000051 51.398870955000064)",Unfall 234287 (2021) Kat:2, Licht: 0,234287,2,7,0,6,7,4,0,0,1,0,0,0,0,0
"POINT (7.024041324000052 51.516550405000032)",Unfall 234293 (2021) Kat:2, Licht: 0,234293,2,7,5,6,14,5,0,0,1,0,0,0,0,0
"POINT (7.026409667000053 51.402321062000055)",Unfall 234295 (2021) Kat:3, Licht: 0,234295,3,7,7,6,13,3,0,0,1,0,0,0,0,0
"POINT (7.031948757000066 51.427394516000049)",Unfall 234302 (2021) Kat:3, Licht: 0,234302,3,2,2,10,12,2,0,0,1,0,0,0,0,0
"POINT (7.040611391000027 51.471409169000026)",Unfall 234310 (2021) Kat:3, Licht: 2,234310,3,1,0,6,23,5,0,2,1,0,0,0,0,0
"POINT (7.048029234000069 51.398115208000036)",Unfall 234313 (2021) Kat:3, Licht: 0,234313,3,7,0,1,15,1,0,0,1,0,1,0,0,0
"POINT (7.055825171000038 51.426975096000035)",Unfall 234317 (2021) Kat:2, Licht: 0,234317,2,1,0,4,13,7,0,0,1,0,0,0,0,0
"POINT (7.059158800000034 51.396327859000053)",Unfall 234320 (2021) Kat:2, Licht: 0,234320,2,7,6,6,10,1,0,0,1,0,1,0,0,0
"POINT (7.075628550000033 51.390483652000057)",Unfall 234330 (2021) Kat:3, Licht: 0,234330,3,7,3,5,16,1,0,0,1,0,0,0,0,0
"POINT (7.077864180000063 51.408401219000041)",Unfall 234331 (2021) Kat:3, Licht: 0,234331,3,7,0,9,13,7,0,0,1,0,0,0,0,0
"POINT (7.078093722000062 51.407953944000042)",Unfall 234332 (2021) Kat:2, Licht: 0,234332,2,7,0,4,14,3,0,0,1,0,0,0,0,0
"POINT (7.078910723000035 51.409743898000045)",Unfall 234333 (2021) Kat:3, Licht: 2,234333,3,7,0,10,21,2,0,2,1,0,0,0,0,0
"POINT (7.083717597000032 51.432476924000071)",Unfall 234336 (2021) Kat:3, Licht: 0,234336,3,7,0,2,17,6,0,0,1,0,1,0,0,0
"POINT (7.100137647000054 51.428424691000032)",Unfall 234349 (2021) Kat:3, Licht: 0,234349,3,6,4,9,13,5,0,0,1,0,0,0,0,0
"POINT (7.111331790000065 51.432801917000063)",Unfall 234357 (2021) Kat:3, Licht: 0,234357,3,3,5,10,9,7,0,0,1,0,0,0,0,0
"POINT (7.115293025000028 51.431970424000042)",Unfall 234366 (2021) Kat:2, Licht: 0,234366,2,7,0,9,15,6,0,0,1,0,0,0,0,0
"POINT (7.101743649000070 51.387005862000080)",Unfall 234906 (2021) Kat:3, Licht: 0,234906,3,7,0,5,13,7,0,0,1,0,0,0,0,0
"POINT (7.089769514000068 51.425664804000064)",Unfall 234914 (2021) Kat:3, Licht: 0,234914,3,7,0,8,11,2,0,0,1,0,0,0,0,0
"POINT (7.063859742000034 51.489978315000030)",Unfall 234922 (2021) Kat:3, Licht: 0,234922,3,7,0,7,9,1,0,0,1,0,0,0,0,0
"POINT (7.014588778000070 51.458452861000097)",Unfall 22152 (2022) Kat:3, Licht: 0,22152,3,6,1,01,15,2,1,0,0,1,0,0,0,0
"POINT (7.048979976000060 51.500538408000097)",Unfall 22391 (2022) Kat:3, Licht: 2,22391,3,7,0,01,20,5,0,2,0,0,0,0,0,1
"POINT (6.976532603000070 51.461408908000102)",Unfall 22760 (2022) Kat:3, Licht: 0,22760,3,7,5,01,13,3,1,0,1,1,0,0,0,0
"POINT (6.976541682000060 51.479080307000103)",Unfall 22865 (2022) Kat:3, Licht: 2,22865,3,2,6,01,06,4,1,2,0,1,1,0,0,0
"POINT (6.966233674000020 51.439315913000002)",Unfall 22873 (2022) Kat:3, Licht: 2,22873,3,2,2,01,17,1,0,2,0,1,0,0,0,0
"POINT (6.913688933000060 51.473055295999998)",Unfall 23304 (2022) Kat:3, Licht: 0,23304,3,7,0,01,08,5,2,0,1,0,0,0,0,0
"POINT (7.083875573000060 51.443953745000002)",Unfall 23427 (2022) Kat:3, Licht: 0,23427,3,6,2,01,13,5,0,0,0,1,0,0,0,0
"POINT (7.074801008000070 51.450013157000100)",Unfall 23660 (2022) Kat:3, Licht: 2,23660,3,3,3,01,06,2,1,2,1,1,0,0,0,0
"POINT (6.914291952000040 51.474636168000103)",Unfall 23716 (2022) Kat:3, Licht: 1,23716,3,2,6,01,17,4,1,1,0,1,1,0,0,0
"POINT (7.006502514000030 51.494722940000003)",Unfall 23745 (2022) Kat:2, Licht: 2,23745,2,4,6,01,17,5,0,2,0,1,1,0,0,0
"POINT (7.003272671000050 51.447333383999997)",Unfall 23789 (2022) Kat:3, Licht: 2,23789,3,7,4,01,18,2,0,2,0,1,0,0,0,0
"POINT (6.959583771000040 51.420513342000000)",Unfall 23909 (2022) Kat:3, Licht: 2,23909,3,1,0,01,17,2,1,2,0,1,0,0,0,0
"POINT (7.121354335000040 51.435764775999999)",Unfall 24152 (2022) Kat:3, Licht: 0,24152,3,7,0,01,09,5,2,0,1,0,0,0,0,0
"POINT (7.044203810000060 51.455549073999997)",Unfall 24196 (2022) Kat:3, Licht: 2,24196,3,6,3,01,18,2,1,2,0,1,0,0,1,0
"POINT (6.943830189000040 51.462868788000002)",Unfall 24272 (2022) Kat:3, Licht: 2,24272,3,3,5,01,18,3,1,2,0,1,0,0,0,0
"POINT (7.044508808000050 51.447218959000097)",Unfall 24322 (2022) Kat:3, Licht: 0,24322,3,6,0,01,08,2,0,0,0,1,0,1,0,0
"POINT (6.996973903000030 51.460481192000003)",Unfall 24689 (2022) Kat:3, Licht: 0,24689,3,6,2,01,15,3,0,0,0,1,0,0,0,0
"POINT (7.040400124000030 51.454283825000097)",Unfall 24699 (2022) Kat:3, Licht: 2,24699,3,7,2,01,19,4,1,2,0,1,0,0,0,1
"POINT (7.009197636000070 51.484943708000102)",Unfall 24702 (2022) Kat:3, Licht: 1,24702,3,3,5,01,16,5,1,1,1,0,0,0,0,1
"POINT (7.065085898000060 51.404846565000099)",Unfall 24750 (2022) Kat:3, Licht: 2,24750,3,3,0,01,06,6,1,2,1,1,0,0,0,0
"POINT (7.006551704000060 51.445560737000100)",Unfall 24781 (2022) Kat:3, Licht: 0,24781,3,7,3,01,14,4,1,0,0,1,0,0,0,0
"POINT (7.022306545000050 51.443529357000003)",Unfall 24868 (2022) Kat:3, Licht: 2,24868,3,2,5,01,19,7,1,2,0,1,0,0,0,0
"POINT (7.021801035000070 51.468753479000000)",Unfall 24876 (2022) Kat:3, Licht: 0,24876,3,1,9,01,09,3,1,0,0,1,0,0,0,0
"POINT (7.023023249000060 51.469075508000103)",Unfall 24885 (2022) Kat:3, Licht: 2,24885,3,3,5,01,18,4,1,2,0,1,0,0,0,0
"POINT (7.012119126000070 51.441276280000103)",Unfall 24907 (2022) Kat:3, Licht: 0,24907,3,2,2,01,08,5,1,0,0,1,0,0,0,0
"POINT (7.022638032000030 51.485459391000099)",Unfall 24953 (2022) Kat:3, Licht: 0,24953,3,7,0,01,10,6,0,0,0,0,0,0,0,1
"POINT (6.911676593000040 51.475991600999997)",Unfall 24968 (2022) Kat:3, Licht: 2,24968,3,4,6,01,20,4,0,2,0,1,1,0,0,0
"POINT (7.004126746000050 51.440185507000102)",Unfall 24982 (2022) Kat:3, Licht: 0,24982,3,3,0,01,15,2,1,0,1,1,0,0,0,0
"POINT (6.996254132000050 51.440991374000099)",Unfall 25005 (2022) Kat:3, Licht: 0,25005,3,3,1,01,14,5,0,0,0,1,0,0,0,0
"POINT (7.017066849000060 51.454605772000001)",Unfall 25007 (2022) Kat:3, Licht: 0,25007,3,3,5,01,09,6,1,0,0,1,0,0,0,0
"POINT (6.948414347000040 51.482202037000000)",Unfall 25041 (2022) Kat:2, Licht: 0,25041,2,2,5,01,16,3,0,0,0,1,0,0,0,0
"POINT (7.042090604000070 51.447583567999999)",Unfall 25171 (2022) Kat:2, Licht: 1,25171,2,1,0,01,16,6,1,1,0,0,0,1,0,0
"POINT (6.941483657000050 51.357151094000102)",Unfall 25191 (2022) Kat:2, Licht: 2,25191,2,1,6,01,00,4,1,2,0,1,1,0,0,0
"POINT (7.022688847000040 51.436887032000101)",Unfall 25323 (2022) Kat:3, Licht: 2,25323,3,2,4,01,22,5,0,2,0,1,0,0,0,0
"POINT (7.094551588000060 51.393613047000002)",Unfall 25334 (2022) Kat:3, Licht: 0,25334,3,4,6,01,15,3,1,0,0,1,1,0,0,0
"POINT (7.079571444000070 51.463977177000103)",Unfall 25378 (2022) Kat:3, Licht: 0,25378,3,7,0,01,12,4,0,0,0,0,0,0,0,1
"POINT (6.979025468000030 51.419356565999998)",Unfall 25433 (2022) Kat:3, Licht: 0,25433,3,1,1,01,10,5,1,0,0,1,0,0,0,0
"POINT (6.968517654000040 51.442407488000100)",Unfall 25435 (2022) Kat:3, Licht: 1,25435,3,6,2,01,07,3,0,1,0,1,0,0,0,0
"POINT (7.063799601000030 51.484861812000098)",Unfall 25497 (2022) Kat:3, Licht: 1,25497,3,7,0,01,07,5,1,1,0,1,0,0,0,0
"POINT (7.082237133000040 51.460708619999998)",Unfall 25531 (2022) Kat:3, Licht: 2,25531,3,2,6,01,17,6,1,2,0,1,1,0,0,0
"POINT (6.951257530000020 51.400816225000000)",Unfall 25539 (2022) Kat:3, Licht: 2,25539,3,2,5,01,18,6,1,2,0,1,0,0,0,0
"POINT (7.079884905000030 51.392740806000099)",Unfall 25591 (2022) Kat:2, Licht: 2,25591,2,2,6,01,18,3,0,2,0,0,1,0,0,1
"POINT (6.911894674000050 51.475880181999997)",Unfall 25617 (2022) Kat:2, Licht: 2,25617,2,4,6,01,16,4,1,2,0,1,1,0,0,0
"POINT (7.038330922000060 51.448200039000000)",Unfall 25853 (2022) Kat:3, Licht: 1,25853,3,7,2,01,07,2,2,1,0,1,0,0,0,0
"POINT (7.010605128000070 51.528835897000100)",Unfall 25875 (2022) Kat:3, Licht: 2,25875,3,3,5,01,22,5,0,2,1,1,0,0,0,0
"POINT (7.014928001000040 51.459595661999998)",Unfall 25956 (2022) Kat:3, Licht: 2,25956,3,6,2,02,16,5,0,2,0,1,0,0,0,0
"POINT (6.980262341000070 51.443943161999997)",Unfall 25993 (2022) Kat:3, Licht: 0,25993,3,7,2,02,16,3,1,0,0,1,0,0,0,0
"POINT (7.044702424000040 51.436748522000102)",Unfall 26007 (2022) Kat:3, Licht: 2,26007,3,2,0,01,18,2,1,2,0,1,1,0,0,0
"POINT (7.008352834000050 51.523940127000103)",Unfall 26011 (2022) Kat:2, Licht: 0,26011,2,4,6,01,15,6,0,0,0,0,1,0,0,1
"POINT (6.993040039000050 51.472369819000100)",Unfall 26082 (2022) Kat:3, Licht: 0,26082,3,3,5,02,08,4,1,0,0,1,0,0,0,0
"POINT (7.009352063000050 51.417350855000102)",Unfall 26110 (2022) Kat:2, Licht: 2,26110,2,7,8,01,00,7,0,2,0,0,0,0,0,1
"POINT (6.995813309000030 51.498427728000102)",Unfall 26119 (2022) Kat:3, Licht: 2,26119,3,6,2,02,18,6,0,2,0,1,0,0,0,1
"POINT (7.004505984000050 51.434122151000103)",Unfall 26126 (2022) Kat:3, Licht: 0,26126,3,6,5,02,15,2,0,0,0,1,0,0,0,1
"POINT (7.076067824000060 51.449927813999999)",Unfall 26127 (2022) Kat:2, Licht: 1,26127,2,2,5,01,16,2,0,1,0,1,0,0,0,0
"POINT (7.080448088000030 51.475433271999997)",Unfall 26139 (2022) Kat:2, Licht: 0,26139,2,6,4,02,16,4,0,0,0,1,0,0,0,0
"POINT (7.022946699000040 51.511062270000103)",Unfall 26161 (2022) Kat:3, Licht: 0,26161,3,1,8,02,07,7,0,0,0,1,0,0,0,0
"POINT (6.983026559000050 51.476806817000103)",Unfall 26175 (2022) Kat:3, Licht: 2,26175,3,2,5,01,01,1,0,2,0,1,0,0,0,1
"POINT (6.967945694000040 51.440861042999998)",Unfall 26201 (2022) Kat:3, Licht: 0,26201,3,3,5,02,09,3,1,0,0,1,0,0,0,0
"POINT (6.976775312000030 51.461387108000103)",Unfall 26218 (2022) Kat:3, Licht: 2,26218,3,3,5,01,21,2,1,2,0,1,0,0,0,0
"POINT (7.033792802000050 51.442805659000001)",Unfall 26250 (2022) Kat:3, Licht: 1,26250,3,2,5,02,17,6,1,1,0,1,0,0,0,0
"POINT (7.004332254000080 51.456498986000000)",Unfall 26259 (2022) Kat:3, Licht: 0,26259,3,7,0,02,17,3,0,0,1,1,0,0,0,0
"POINT (6.989514922000070 51.402570974000099)",Unfall 26320 (2022) Kat:3, Licht: 0,26320,3,7,0,01,11,1,0,0,1,0,0,0,0,1
"POINT (6.959568105000070 51.477127105000100)",Unfall 26328 (2022) Kat:3, Licht: 0,26328,3,2,5,02,11,4,0,0,0,0,0,0,0,1
"POINT (7.054405490000020 51.466890969000097)",Unfall 26333 (2022) Kat:3, Licht: 1,26333,3,4,6,02,17,3,1,1,0,1,1,0,0,0
"POINT (7.035489812000040 51.449037019000102)",Unfall 26334 (2022) Kat:3, Licht: 0,26334,3,4,6,02,15,3,0,0,0,1,1,0,0,0
"POINT (7.083145073000030 51.444800041000100)",Unfall 26361 (2022) Kat:3, Licht: 0,26361,3,1,0,02,08,6,1,0,0,1,0,0,0,0
"POINT (6.909156535000020 51.473412343000099)",Unfall 26386 (2022) Kat:3, Licht: 2,26386,3,2,6,02,06,3,0,2,0,1,1,0,0,0
"POINT (7.031870477000040 51.444165021000103)",Unfall 26402 (2022) Kat:2, Licht: 2,26402,2,2,5,01,18,6,0,2,0,1,0,0,0,0
"POINT (6.982352897000060 51.459949184999999)",Unfall 26435 (2022) Kat:3, Licht: 1,26435,3,6,3,02,16,6,0,1,1,1,0,0,0,0
"POINT (6.974661935000030 51.415284268000100)",Unfall 26482 (2022) Kat:2, Licht: 0,26482,2,7,0,02,16,2,1,0,1,0,1,0,0,0
"POINT (7.076018122000050 51.449832996000097)",Unfall 26494 (2022) Kat:2, Licht: 0,26494,2,7,0,02,10,4,0,0,0,0,1,0,0,1
"POINT (6.985951336000030 51.459454813999997)",Unfall 26496 (2022) Kat:3, Licht: 2,26496,3,7,5,01,01,1,1,2,0,1,0,0,0,0
"POINT (7.012815664000070 51.449927045000003)",Unfall 26499 (2022) Kat:3, Licht: 0,26499,3,6,1,02,13,7,0,0,0,1,0,0,0,0
"POINT (6.907046470000070 51.477920042999997)",Unfall 26563 (2022) Kat:3, Licht: 0,26563,3,3,5,01,08,7,1,0,0,1,0,0,0,0
"POINT (6.943138321000050 51.462751234000102)",Unfall 26585 (2022) Kat:3, Licht: 2,26585,3,7,1,01,19,1,0,2,0,1,0,0,0,0
"POINT (7.104975362000060 51.471886320000102)",Unfall 26621 (2022) Kat:2, Licht: 2,26621,2,1,9,02,01,6,1,2,0,1,0,0,0,0
"POINT (7.006358454000060 51.456643124999999)",Unfall 26692 (2022) Kat:3, Licht: 0,26692,3,1,9,01,16,3,0,0,0,1,0,0,0,0
"POINT (7.010166284000040 51.460796010000102)",Unfall 26699 (2022) Kat:3, Licht: 0,26699,3,4,6,02,14,6,0,0,0,1,1,0,0,0
"POINT (6.998237793000040 51.442907667999997)",Unfall 26745 (2022) Kat:3, Licht: 0,26745,3,2,6,02,08,5,1,0,0,1,1,0,0,0
"POINT (6.951558686000060 51.422193239000102)",Unfall 26767 (2022) Kat:3, Licht: 0,26767,3,3,5,02,14,6,1,0,1,1,0,0,0,0
"POINT (7.062003724000020 51.485214157000001)",Unfall 26787 (2022) Kat:2, Licht: 0,26787,2,6,2,01,14,1,0,0,0,1,0,1,1,0
"POINT (7.064279018000040 51.486796868000098)",Unfall 26870 (2022) Kat:2, Licht: 2,26870,2,2,6,02,07,2,1,2,0,1,1,0,0,0
"POINT (7.039540242000040 51.438771051000103)",Unfall 26905 (2022) Kat:3, Licht: 2,26905,3,1,8,01,19,1,0,2,0,1,0,0,0,0
"POINT (7.014315082000050 51.432825962999999)",Unfall 26906 (2022) Kat:3, Licht: 0,26906,3,6,2,02,08,6,0,0,0,1,0,0,0,0
"POINT (7.073134948000070 51.423199984000100)",Unfall 26915 (2022) Kat:3, Licht: 2,26915,3,2,6,02,05,3,1,2,0,1,1,0,0,0
"POINT (7.012056383000070 51.530731011999997)",Unfall 27028 (2022) Kat:3, Licht: 2,27028,3,3,5,02,06,3,1,2,0,1,0,0,0,0
"POINT (7.078269783000050 51.459549676000101)",Unfall 27064 (2022) Kat:3, Licht: 0,27064,3,2,5,02,08,5,1,0,0,1,0,0,0,0
"POINT (7.010069236000050 51.388407536999999)",Unfall 27065 (2022) Kat:3, Licht: 0,27065,3,1,2,02,13,3,1,0,0,1,0,0,0,0
"POINT (6.998915167000060 51.443314092999998)",Unfall 27083 (2022) Kat:3, Licht: 0,27083,3,1,3,02,15,5,1,0,0,1,0,0,0,0
"POINT (6.964055224000050 51.452100117000001)",Unfall 27101 (2022) Kat:3, Licht: 1,27101,3,7,6,02,08,2,1,1,0,1,1,0,0,0
"POINT (7.047093258000070 51.457161030000101)",Unfall 27169 (2022) Kat:3, Licht: 2,27169,3,7,0,01,07,7,1,2,0,1,1,0,0,1
"POINT (6.951925187000030 51.495178129000102)",Unfall 27203 (2022) Kat:3, Licht: 1,27203,3,2,5,01,06,3,0,1,0,1,0,0,0,1
"POINT (7.018034951000060 51.465522088999997)",Unfall 27219 (2022) Kat:3, Licht: 1,27219,3,3,5,02,07,2,0,1,1,1,0,0,0,0
"POINT (6.977454741000030 51.449820352000103)",Unfall 27228 (2022) Kat:3, Licht: 0,27228,3,3,5,02,10,6,0,0,0,1,0,0,0,0
"POINT (7.064283019000070 51.467733940000102)",Unfall 27248 (2022) Kat:3, Licht: 2,27248,3,6,8,02,04,1,1,2,0,1,0,0,0,0
"POINT (7.017470922000030 51.449946184000098)",Unfall 27253 (2022) Kat:3, Licht: 2,27253,3,1,9,01,19,5,1,2,0,1,0,0,0,0
"POINT (7.106992838000050 51.454252370000098)",Unfall 27257 (2022) Kat:2, Licht: 0,27257,2,4,6,01,13,3,0,0,0,1,1,0,0,0
"POINT (6.979867627000030 51.412490310000102)",Unfall 27273 (2022) Kat:3, Licht: 1,27273,3,6,2,02,17,5,1,1,0,1,0,0,0,0
"POINT (7.022055420000070 51.453987088000098)",Unfall 27309 (2022) Kat:3, Licht: 2,27309,3,3,5,01,06,2,0,2,0,1,0,0,0,1
"POINT (6.978884552000070 51.469979643999999)",Unfall 27321 (2022) Kat:3, Licht: 2,27321,3,3,5,02,22,4,0,2,0,1,0,0,0,0
"POINT (7.015694218000020 51.449993844000097)",Unfall 27342 (2022) Kat:3, Licht: 2,27342,3,1,8,02,21,5,1,2,0,1,0,0,0,0
"POINT (7.055183971000080 51.430890858000097)",Unfall 27368 (2022) Kat:2, Licht: 2,27368,2,7,0,02,20,3,0,2,0,0,0,0,0,1
"POINT (6.983110365000070 51.476821397999998)",Unfall 27442 (2022) Kat:3, Licht: 2,27442,3,2,5,01,01,7,0,2,0,1,0,0,0,0
"POINT (7.022055420000070 51.453987088000098)",Unfall 27460 (2022) Kat:3, Licht: 0,27460,3,2,6,02,12,3,0,0,0,0,1,0,0,1
"POINT (6.983009062000060 51.421031039000098)",Unfall 27476 (2022) Kat:3, Licht: 0,27476,3,6,2,02,14,7,0,0,0,1,0,0,0,0
"POINT (7.038219463000080 51.439484761000102)",Unfall 27479 (2022) Kat:3, Licht: 0,27479,3,6,2,02,14,5,1,0,0,1,0,0,0,0
"POINT (6.951558686000060 51.422193239000102)",Unfall 27489 (2022) Kat:2, Licht: 2,27489,2,2,2,02,17,6,0,2,0,0,0,1,0,0
"POINT (6.921163771000070 51.454566759999999)",Unfall 27504 (2022) Kat:3, Licht: 2,27504,3,5,1,02,18,6,1,2,0,1,0,0,0,0
"POINT (6.976569126000070 51.449845713999999)",Unfall 27589 (2022) Kat:2, Licht: 2,27589,2,4,0,02,01,1,0,2,0,1,1,0,0,0
"POINT (6.988649390000030 51.503276820000103)",Unfall 27621 (2022) Kat:2, Licht: 0,27621,2,6,3,02,14,7,0,0,0,1,0,0,0,0
"POINT (6.930735134000030 51.481574369999997)",Unfall 27723 (2022) Kat:3, Licht: 2,27723,3,3,5,02,02,4,1,2,0,1,0,0,0,1
"POINT (7.023051658000040 51.419752464000098)",Unfall 27736 (2022) Kat:3, Licht: 0,27736,3,7,5,03,14,6,0,0,0,1,0,0,0,1
"POINT (7.047175821000050 51.462305745999998)",Unfall 27769 (2022) Kat:3, Licht: 0,27769,3,1,2,02,15,6,1,0,0,1,0,0,0,0
"POINT (7.006677941000020 51.455914343000103)",Unfall 27816 (2022) Kat:3, Licht: 2,27816,3,2,5,02,19,7,0,2,1,1,0,0,0,0
"POINT (7.002284162000020 51.463734320000100)",Unfall 27819 (2022) Kat:3, Licht: 0,27819,3,2,5,02,07,2,0,0,0,1,0,0,0,0
"POINT (7.022578879000040 51.436921247999997)",Unfall 27838 (2022) Kat:3, Licht: 0,27838,3,3,0,03,13,4,0,0,1,1,0,0,0,0
"POINT (7.037000914000030 51.444232249000002)",Unfall 27842 (2022) Kat:3, Licht: 0,27842,3,6,2,03,09,4,0,0,0,1,0,0,0,0
"POINT (6.974473045000020 51.484610187000001)",Unfall 27889 (2022) Kat:3, Licht: 0,27889,3,6,1,03,12,6,0,0,0,1,0,0,0,0
"POINT (7.002426312000070 51.434833879000102)",Unfall 27894 (2022) Kat:3, Licht: 2,27894,3,7,8,03,20,4,0,2,0,1,0,0,0,0
"POINT (6.994015536000060 51.454724505999998)",Unfall 27898 (2022) Kat:3, Licht: 0,27898,3,3,5,03,16,4,0,0,0,1,0,0,0,0
"POINT (7.040693700000080 51.454275365999997)",Unfall 27992 (2022) Kat:3, Licht: 0,27992,3,6,6,02,16,7,0,0,0,1,1,0,0,0
"POINT (7.033792802000050 51.442805659000001)",Unfall 27995 (2022) Kat:3, Licht: 0,27995,3,3,5,03,11,6,0,0,0,1,0,0,0,0
"POINT (7.110707194000040 51.455693132000100)",Unfall 28005 (2022) Kat:3, Licht: 0,28005,3,1,9,02,17,7,0,0,0,1,0,0,0,0
"POINT (7.098213685000080 51.450712902000099)",Unfall 28018 (2022) Kat:2, Licht: 0,28018,2,6,0,03,15,5,0,0,0,0,0,0,0,1
"POINT (7.006820972000070 51.515688731000097)",Unfall 28036 (2022) Kat:3, Licht: 0,28036,3,6,4,02,16,5,1,0,0,1,0,0,0,1
"POINT (6.996484797000050 51.505633531999997)",Unfall 28037 (2022) Kat:3, Licht: 0,28037,3,6,2,02,16,6,1,0,0,1,0,0,0,0
"POINT (6.930903081000050 51.481621571000098)",Unfall 28072 (2022) Kat:3, Licht: 0,28072,3,2,6,03,14,4,0,0,0,1,1,0,0,0