WKT,Name,OBJECTID,UKATEGORIE,UTYP1,UART,UMONAT,USTUNDE,UWOCHENTAG,STRZUSTAND,ULICHTVERH,ISTRAD,ISTPKW,ISTFUSS,ISTKRAD,ISTGKFZ,ISTSONSTIG
"POINT (7.085230286000070 51.468237741999999)",Unfall 28092 (2022) Kat:2, Licht: 0,28092,2,5,1,03,15,7,0,0,1,1,0,0,0,0
"POINT (7.054861311000020 51.431316015000000)",Unfall 28095 (2022) Kat:2, Licht: 0,28095,2,1,9,02,12,7,1,0,0,1,0,0,0,0
"POINT (6.959210934000050 51.420333191000097)",Unfall 28104 (2022) Kat:3, Licht: 0,28104,3,6,6,03,09,4,0,0,1,0,1,0,0,0
"POINT (7.014374229000050 51.473315468000102)",Unfall 28106 (2022) Kat:3, Licht: 2,28106,3,2,6,02,20,7,0,2,0,1,1,0,0,0
"POINT (6.968067037000030 51.461276339000101)",Unfall 28117 (2022) Kat:3, Licht: 2,28117,3,7,0,02,18,6,1,2,0,0,0,1,0,0
"POINT (6.980583532000030 51.436326613000098)",Unfall 28179 (2022) Kat:3, Licht: 0,28179,3,1,0,03,12,4,0,0,0,0,0,1,0,0
"POINT (7.018007291000060 51.469837747000000)",Unfall 28188 (2022) Kat:3, Licht: 2,28188,3,3,5,02,00,1,0,2,0,1,0,0,0,0
"POINT (6.954283047000050 51.448633891999997)",Unfall 28189 (2022) Kat:3, Licht: 0,28189,3,3,0,02,14,3,0,0,0,1,0,0,0,1
"POINT (7.018280498000020 51.468858310000002)",Unfall 28205 (2022) Kat:3, Licht: 0,28205,3,6,3,02,12,3,0,0,0,1,0,1,0,0
"POINT (7.015923495000040 51.462544295000001)",Unfall 28281 (2022) Kat:3, Licht: 0,28281,3,7,5,03,13,4,0,0,0,1,1,0,0,0
"POINT (7.023023249000060 51.469075508000103)",Unfall 28323 (2022) Kat:3, Licht: 0,28323,3,7,5,02,11,2,0,0,1,1,0,0,0,0
"POINT (7.004152759000020 51.416249493000102)",Unfall 28328 (2022) Kat:3, Licht: 0,28328,3,6,2,03,14,6,0,0,0,1,0,1,0,0
"POINT (7.023023249000060 51.469075508000103)",Unfall 28333 (2022) Kat:3, Licht: 1,28333,3,2,5,03,06,4,0,1,1,1,0,0,0,0
"POINT (6.907976429000030 51.486472462000101)",Unfall 28350 (2022) Kat:2, Licht: 0,28350,2,7,0,03,10,7,0,0,0,1,0,1,0,0
"POINT (6.973880719000020 51.461580604000098)",Unfall 28355 (2022) Kat:3, Licht: 0,28355,3,7,0,03,15,3,0,0,0,0,0,0,0,1
"POINT (7.063454191000060 51.467613933000102)",Unfall 28388 (2022) Kat:3, Licht: 0,28388,3,3,5,03,13,6,0,0,0,1,0,0,0,0
"POINT (7.024611510000060 51.420161635000099)",Unfall 28430 (2022) Kat:3, Licht: 0,28430,3,6,2,03,13,7,0,0,0,1,0,1,0,0
"POINT (7.016928726000060 51.454864043000001)",Unfall 28431 (2022) Kat:3, Licht: 1,28431,3,2,3,02,17,2,0,1,0,1,0,0,0,1
"POINT (7.002061912000040 51.434155562999997)",Unfall 28477 (2022) Kat:3, Licht: 2,28477,3,7,0,02,22,5,1,2,0,0,0,0,0,1
"POINT (6.994364397000030 51.413450350000097)",Unfall 28505 (2022) Kat:3, Licht: 2,28505,3,2,0,02,20,1,0,2,0,1,1,0,0,0
"POINT (7.063839141000070 51.484985463999998)",Unfall 28524 (2022) Kat:3, Licht: 0,28524,3,7,0,02,12,4,0,0,0,0,0,0,0,1
"POINT (7.017066849000060 51.454605772000001)",Unfall 28548 (2022) Kat:3, Licht: 0,28548,3,6,2,03,12,4,0,0,0,1,0,0,0,0
"POINT (7.043425355000070 51.437145874000102)",Unfall 28561 (2022) Kat:3, Licht: 0,28561,3,6,2,02,11,6,1,0,0,1,0,0,0,0
"POINT (6.980458132000020 51.488857684999999)",Unfall 28562 (2022) Kat:3, Licht: 0,28562,3,7,0,03,07,5,0,0,0,0,0,0,0,1
"POINT (7.036182625000040 51.454211977000099)",Unfall 28625 (2022) Kat:3, Licht: 0,28625,3,4,6,02,07,4,1,0,0,1,1,0,0,0
"POINT (7.028031368000030 51.484344305000000)",Unfall 28628 (2022) Kat:2, Licht: 0,28628,2,4,0,02,14,6,1,0,0,1,1,0,0,0
"POINT (7.004798563000070 51.478012122000102)",Unfall 28670 (2022) Kat:3, Licht: 2,28670,3,1,2,02,05,5,0,2,0,1,0,0,0,0
"POINT (7.001280554000060 51.465042292000099)",Unfall 28705 (2022) Kat:3, Licht: 1,28705,3,3,5,02,18,2,1,1,0,1,0,0,0,1
"POINT (7.044740832000060 51.455831304000100)",Unfall 28732 (2022) Kat:3, Licht: 0,28732,3,6,3,03,08,5,0,0,0,1,0,0,0,0
"POINT (6.966116154000080 51.461390649000101)",Unfall 28786 (2022) Kat:3, Licht: 0,28786,3,7,0,02,13,4,0,0,0,1,0,0,0,0
"POINT (6.930976064000050 51.487782361000001)",Unfall 28797 (2022) Kat:3, Licht: 2,28797,3,7,4,02,17,4,1,2,0,1,0,0,0,1
"POINT (7.009019833000020 51.489025071000100)",Unfall 28806 (2022) Kat:3, Licht: 2,28806,3,6,2,03,19,6,0,2,0,1,0,0,0,0
"POINT (7.030360384000060 51.472562578000101)",Unfall 28828 (2022) Kat:3, Licht: 2,28828,3,4,6,02,18,2,0,2,0,1,1,0,0,0
"POINT (7.018509613000050 51.442692573999999)",Unfall 28867 (2022) Kat:3, Licht: 0,28867,3,7,0,02,14,6,1,0,1,0,0,0,0,0
"POINT (7.027489788000030 51.445999923999999)",Unfall 28885 (2022) Kat:3, Licht: 0,28885,3,3,5,03,17,4,0,0,0,1,0,0,0,0
"POINT (7.032695049000040 51.438092345000001)",Unfall 28930 (2022) Kat:3, Licht: 0,28930,3,1,8,02,09,2,0,0,0,1,0,0,0,0
"POINT (7.010153320000030 51.493592327000002)",Unfall 28962 (2022) Kat:3, Licht: 0,28962,3,6,0,03,12,2,0,0,0,1,0,0,0,0
"POINT (6.997310789000040 51.458732172000097)",Unfall 28977 (2022) Kat:3, Licht: 2,28977,3,3,5,03,05,7,0,2,0,1,0,0,0,0
"POINT (6.997608454000040 51.492662505000098)",Unfall 29136 (2022) Kat:3, Licht: 0,29136,3,6,2,02,11,4,1,0,0,1,0,0,0,1
"POINT (7.076459372000040 51.450610950000097)",Unfall 29169 (2022) Kat:3, Licht: 0,29169,3,2,7,02,16,2,0,0,0,1,1,0,0,0
"POINT (7.020177354000050 51.447307802000097)",Unfall 29201 (2022) Kat:2, Licht: 0,29201,2,3,6,03,09,6,0,0,0,1,1,0,0,0
"POINT (7.083909466000020 51.443226385999999)",Unfall 29202 (2022) Kat:3, Licht: 0,29202,3,1,8,03,13,4,0,0,0,0,0,1,0,0
"POINT (7.001596292000040 51.481729891000001)",Unfall 29216 (2022) Kat:3, Licht: 0,29216,3,2,5,02,17,6,1,0,0,1,0,0,0,0
"POINT (7.001268833000040 51.465113416000101)",Unfall 29221 (2022) Kat:3, Licht: 0,29221,3,6,0,02,15,5,0,0,0,1,0,0,0,1
"POINT (6.930771954000020 51.355050900999998)",Unfall 29234 (2022) Kat:2, Licht: 1,29234,2,6,3,02,10,5,0,1,1,1,0,0,0,0
"POINT (6.910129110000070 51.486682175000098)",Unfall 29250 (2022) Kat:3, Licht: 2,29250,3,6,2,03,18,6,0,2,0,1,0,0,0,0
"POINT (7.063963072000040 51.485493691000002)",Unfall 29351 (2022) Kat:2, Licht: 0,29351,2,4,6,03,11,7,0,0,0,1,1,0,0,0
"POINT (7.102154818000030 51.472210814000100)",Unfall 29355 (2022) Kat:3, Licht: 2,29355,3,1,8,02,22,7,1,2,0,1,0,0,0,0
"POINT (7.028052950000070 51.452251138000101)",Unfall 29386 (2022) Kat:3, Licht: 0,29386,3,7,0,02,16,2,0,0,0,1,0,0,0,1
"POINT (7.028956337000070 51.445825976000002)",Unfall 29480 (2022) Kat:3, Licht: 0,29480,3,6,0,02,15,3,1,0,0,1,0,0,0,1
"POINT (6.982839984000070 51.436339269000001)",Unfall 29483 (2022) Kat:3, Licht: 2,29483,3,5,0,02,21,6,0,2,0,1,0,0,0,1
"POINT (7.007489835000060 51.449402324000097)",Unfall 29503 (2022) Kat:2, Licht: 2,29503,2,7,0,02,21,5,1,2,0,1,0,0,0,1
"POINT (6.958442836000070 51.469594041000100)",Unfall 29558 (2022) Kat:3, Licht: 0,29558,3,7,5,03,15,5,0,0,1,1,0,0,0,0
"POINT (7.024145970000060 51.447438614000099)",Unfall 29579 (2022) Kat:2, Licht: 0,29579,2,3,5,02,16,3,1,0,1,1,0,0,0,0
"POINT (7.017006301000040 51.454729444000101)",Unfall 29613 (2022) Kat:3, Licht: 0,29613,3,1,8,03,16,3,0,0,0,1,0,0,0,0
"POINT (7.007830810000030 51.449834415000097)",Unfall 29685 (2022) Kat:3, Licht: 2,29685,3,2,2,02,21,4,1,2,0,1,0,0,0,0
"POINT (6.983026559000050 51.476806817000103)",Unfall 29687 (2022) Kat:3, Licht: 2,29687,3,3,5,03,06,3,0,2,1,1,0,0,0,0
"POINT (6.982840667000060 51.437983555000102)",Unfall 29701 (2022) Kat:3, Licht: 0,29701,3,6,0,02,08,3,0,0,0,1,0,0,0,0
"POINT (7.039187779000030 51.476481346000099)",Unfall 29714 (2022) Kat:3, Licht: 1,29714,3,3,5,02,17,4,1,1,0,1,0,0,0,0
"POINT (7.031744519000030 51.511240436000001)",Unfall 29749 (2022) Kat:3, Licht: 0,29749,3,7,0,03,14,1,0,0,0,0,0,0,0,1
"POINT (7.034924015000060 51.444493874000003)",Unfall 29828 (2022) Kat:3, Licht: 0,29828,3,4,6,03,16,2,0,0,0,1,1,0,0,0
"POINT (7.089029115000070 51.466271534999997)",Unfall 29841 (2022) Kat:2, Licht: 2,29841,2,6,2,03,21,4,0,2,0,1,0,0,0,0
"POINT (7.028396360000040 51.451839065999998)",Unfall 29869 (2022) Kat:2, Licht: 2,29869,2,3,5,03,19,1,0,2,0,1,0,0,0,0
"POINT (6.944201887000080 51.354589304000100)",Unfall 29927 (2022) Kat:3, Licht: 0,29927,3,3,5,03,15,6,0,0,1,1,0,0,0,0
"POINT (7.084581543000070 51.395851612000101)",Unfall 29930 (2022) Kat:3, Licht: 0,29930,3,3,5,03,11,5,0,0,0,1,0,1,0,0
"POINT (7.033283887000040 51.514055079000102)",Unfall 29944 (2022) Kat:3, Licht: 0,29944,3,6,2,03,13,1,0,0,0,1,0,0,0,0
"POINT (7.001280554000060 51.465042292000099)",Unfall 29963 (2022) Kat:3, Licht: 0,29963,3,6,2,03,13,4,0,0,0,1,0,0,0,0
"POINT (7.001596292000040 51.481729891000001)",Unfall 29987 (2022) Kat:3, Licht: 0,29987,3,6,2,03,11,6,0,0,0,1,0,0,0,1
"POINT (6.939967291000070 51.368560016000103)",Unfall 30033 (2022) Kat:3, Licht: 0,30033,3,7,0,03,17,3,0,0,0,0,0,0,0,1
"POINT (6.979454046000060 51.483258141000100)",Unfall 30079 (2022) Kat:3, Licht: 0,30079,3,6,1,03,14,4,0,0,0,1,0,0,0,0
"POINT (6.957365944000060 51.477958570000098)",Unfall 30128 (2022) Kat:2, Licht: 0,30128,2,2,5,03,13,6,0,0,0,1,0,1,0,0
"POINT (7.037078691000030 51.474752652000099)",Unfall 30134 (2022) Kat:3, Licht: 2,30134,3,7,0,03,19,4,0,2,0,0,0,0,0,1
"POINT (7.007752084000060 51.468229968000102)",Unfall 30157 (2022) Kat:3, Licht: 0,30157,3,6,2,03,12,1,0,0,0,1,0,1,0,0
"POINT (7.016111152000060 51.451932761000101)",Unfall 30163 (2022) Kat:3, Licht: 0,30163,3,6,2,03,11,3,0,0,0,1,0,0,0,0
"POINT (7.008086645000050 51.417052722000101)",Unfall 30172 (2022) Kat:3, Licht: 0,30172,3,6,2,03,17,4,0,0,0,1,0,0,0,0
"POINT (7.009530818000030 51.482365614000102)",Unfall 30176 (2022) Kat:3, Licht: 0,30176,3,3,5,03,11,5,0,0,0,1,0,0,0,0
"POINT (7.030730094000030 51.450768216000000)",Unfall 30208 (2022) Kat:3, Licht: 1,30208,3,7,0,03,19,4,0,1,0,1,0,0,0,1
"POINT (6.917620932000030 51.472684947000097)",Unfall 30217 (2022) Kat:3, Licht: 0,30217,3,7,3,03,13,6,0,0,0,1,0,0,0,0
"POINT (6.922200197000050 51.487694116000100)",Unfall 30296 (2022) Kat:2, Licht: 2,30296,2,6,0,03,21,6,0,2,0,1,0,0,0,1
"POINT (7.033719149000040 51.442729008000100)",Unfall 30299 (2022) Kat:2, Licht: 0,30299,2,3,5,03,10,6,0,0,0,1,0,0,1,0
"POINT (7.038325202000070 51.448645032999998)",Unfall 30320 (2022) Kat:3, Licht: 0,30320,3,6,2,03,17,4,0,0,0,0,0,1,1,0
"POINT (7.072898174000040 51.443842423000000)",Unfall 30321 (2022) Kat:3, Licht: 0,30321,3,3,0,03,12,2,0,0,0,1,0,1,0,0
"POINT (6.934774006000050 51.495334236000097)",Unfall 30323 (2022) Kat:2, Licht: 0,30323,2,6,2,03,11,6,0,0,0,1,0,0,0,0
"POINT (6.932574517000030 51.378555894000002)",Unfall 30324 (2022) Kat:3, Licht: 0,30324,3,7,6,03,07,4,0,0,1,0,1,0,0,0
"POINT (7.020641297000050 51.446706073000001)",Unfall 30400 (2022) Kat:3, Licht: 0,30400,3,3,5,03,09,2,0,0,0,1,0,0,0,0
"POINT (6.906481329000030 51.473726713000097)",Unfall 30517 (2022) Kat:3, Licht: 0,30517,3,5,5,03,10,5,1,0,0,1,0,0,0,0
"POINT (7.023023249000060 51.469075508000103)",Unfall 30537 (2022) Kat:1, Licht: 2,30537,1,7,0,03,20,2,0,2,0,0,0,0,0,1
"POINT (7.033333757000040 51.449838904000003)",Unfall 30557 (2022) Kat:3, Licht: 0,30557,3,4,6,03,11,1,0,0,0,1,1,0,0,0
"POINT (6.942051217000030 51.366965759000003)",Unfall 30613 (2022) Kat:3, Licht: 0,30613,3,3,2,03,12,1,0,0,0,1,0,1,0,0
"POINT (7.022184721000030 51.454107312000097)",Unfall 30626 (2022) Kat:3, Licht: 0,30626,3,6,1,03,11,5,0,0,0,1,0,0,1,0
"POINT (7.048360237000050 51.503586521000003)",Unfall 30635 (2022) Kat:3, Licht: 0,30635,3,6,3,03,13,7,0,0,0,1,0,0,0,0
"POINT (7.004505984000050 51.434122151000103)",Unfall 30647 (2022) Kat:3, Licht: 0,30647,3,2,1,03,12,4,0,0,0,1,0,0,0,1
"POINT (7.010338900000020 51.388442898999998)",Unfall 30686 (2022) Kat:3, Licht: 0,30686,3,1,2,03,15,4,0,0,0,1,0,0,0,0
"POINT (6.967250776000070 51.409291271000001)",Unfall 30697 (2022) Kat:3, Licht: 0,30697,3,6,2,03,17,5,0,0,0,1,0,0,0,0
"POINT (7.083043254000070 51.405849610000097)",Unfall 30715 (2022) Kat:3, Licht: 0,30715,3,3,5,03,17,1,0,0,0,1,0,0,0,0
"POINT (7.109915155000070 51.455199811999996)",Unfall 30721 (2022) Kat:3, Licht: 0,30721,3,2,5,03,09,3,0,0,1,1,0,0,0,0
"POINT (7.051423989000060 51.459201323000102)",Unfall 30755 (2022) Kat:3, Licht: 0,30755,3,6,3,03,15,5,0,0,0,1,0,0,1,0
"POINT (7.043805143000040 51.455559377000000)",Unfall 30772 (2022) Kat:3, Licht: 0,30772,3,6,3,03,10,4,0,0,0,1,0,0,0,1
"POINT (6.996270159000060 51.436631990000102)",Unfall 30777 (2022) Kat:3, Licht: 0,30777,3,7,0,03,15,3,0,0,0,0,0,0,0,1
"POINT (7.032239695000040 51.441090002000102)",Unfall 30836 (2022) Kat:3, Licht: 0,30836,3,1,8,03,13,3,0,0,0,1,0,0,0,1
"POINT (7.068998817000020 51.443257156000101)",Unfall 30847 (2022) Kat:2, Licht: 0,30847,2,2,5,03,10,2,1,0,1,1,0,0,0,0
"POINT (6.979025468000030 51.419356565999998)",Unfall 30867 (2022) Kat:3, Licht: 0,30867,3,6,2,03,07,2,0,0,0,1,0,0,0,1
"POINT (7.002078802000030 51.481010624000099)",Unfall 30869 (2022) Kat:3, Licht: 1,30869,3,5,5,03,19,4,0,1,0,1,0,1,0,0
"POINT (7.048331664000050 51.496971139999999)",Unfall 30874 (2022) Kat:3, Licht: 0,30874,3,7,0,03,10,3,0,0,1,0,0,0,0,0
"POINT (7.091539923000030 51.420576402999998)",Unfall 30880 (2022) Kat:3, Licht: 0,30880,3,7,0,03,08,1,0,0,0,1,0,0,0,0
"POINT (7.018129615000020 51.465962306999998)",Unfall 31009 (2022) Kat:3, Licht: 0,31009,3,7,0,03,13,6,0,0,0,0,0,0,0,1
"POINT (6.992388158000040 51.491391592000099)",Unfall 31058 (2022) Kat:3, Licht: 0,31058,3,7,0,03,15,5,1,0,0,0,0,0,0,1
"POINT (7.069558564000030 51.467442865000102)",Unfall 31124 (2022) Kat:3, Licht: 0,31124,3,7,0,04,12,1,0,0,0,0,0,1,0,0
"POINT (7.051428469000030 51.433546814000103)",Unfall 31163 (2022) Kat:3, Licht: 0,31163,3,1,0,04,15,7,1,0,1,0,0,0,0,0
"POINT (6.971793346000030 51.444099644000097)",Unfall 31165 (2022) Kat:3, Licht: 0,31165,3,7,2,04,10,4,0,0,0,1,0,0,1,0
"POINT (7.044203810000060 51.455549073999997)",Unfall 31166 (2022) Kat:3, Licht: 0,31166,3,6,2,04,06,4,0,0,0,1,0,0,0,0
"POINT (7.020210444000040 51.388332151000000)",Unfall 31226 (2022) Kat:3, Licht: 0,31226,3,2,5,04,13,2,1,0,0,1,0,1,0,0
"POINT (7.031870477000040 51.444165021000103)",Unfall 31360 (2022) Kat:3, Licht: 0,31360,3,6,2,04,16,6,1,0,0,1,0,0,0,0
"POINT (7.043329494000030 51.483259300999997)",Unfall 31374 (2022) Kat:3, Licht: 0,31374,3,2,5,03,13,7,0,0,1,1,0,0,0,0
"POINT (7.083468792000080 51.444865524000100)",Unfall 31387 (2022) Kat:3, Licht: 0,31387,3,6,5,04,18,7,0,0,0,1,0,0,0,0
"POINT (6.929610375000040 51.487919281000103)",Unfall 31398 (2022) Kat:3, Licht: 0,31398,3,7,0,04,15,2,1,0,1,0,0,0,0,0
"POINT (7.020177969000030 51.443344773000000)",Unfall 31400 (2022) Kat:3, Licht: 0,31400,3,2,5,03,15,1,0,0,1,1,0,0,0,0
"POINT (7.028396360000040 51.451839065999998)",Unfall 31438 (2022) Kat:3, Licht: 0,31438,3,1,2,04,13,5,1,0,0,1,0,1,0,0
"POINT (7.073850894000030 51.467016912000098)",Unfall 31451 (2022) Kat:3, Licht: 0,31451,3,7,0,03,12,4,0,0,0,0,0,0,0,1
"POINT (7.006801371000050 51.515359603000000)",Unfall 31470 (2022) Kat:2, Licht: 0,31470,2,1,0,04,06,3,1,0,0,0,0,1,0,0
"POINT (7.063014369000030 51.446535535000102)",Unfall 31478 (2022) Kat:3, Licht: 0,31478,3,1,8,03,13,1,0,0,0,0,0,1,0,0
"POINT (7.087126193000070 51.465687135000103)",Unfall 31525 (2022) Kat:3, Licht: 0,31525,3,6,2,03,08,4,0,0,0,1,0,0,0,0
"POINT (6.969321655000040 51.474241900000003)",Unfall 31648 (2022) Kat:3, Licht: 0,31648,3,5,0,03,09,2,0,0,0,1,0,0,0,0
"POINT (7.076459372000040 51.450610950000097)",Unfall 31672 (2022) Kat:3, Licht: 0,31672,3,7,0,04,17,4,1,0,0,1,0,1,0,0
"POINT (7.071209529000040 51.469568268000003)",Unfall 31685 (2022) Kat:3, Licht: 0,31685,3,6,4,04,16,1,0,0,0,1,0,0,0,0
"POINT (6.997608454000040 51.492662505000098)",Unfall 31696 (2022) Kat:3, Licht: 0,31696,3,7,6,04,12,4,0,0,0,1,1,0,0,0
"POINT (7.042208791000060 51.425650918000002)",Unfall 31701 (2022) Kat:2, Licht: 0,31701,2,4,6,03,14,1,0,0,0,1,1,0,0,0
"POINT (7.043384572000040 51.447386620000003)",Unfall 31748 (2022) Kat:3, Licht: 0,31748,3,2,5,04,09,7,1,0,0,1,0,0,0,0
"POINT (6.912087660000050 51.486860933999999)",Unfall 31754 (2022) Kat:3, Licht: 2,31754,3,1,7,04,00,5,1,2,0,1,0,0,0,0
"POINT (7.047431969000060 51.457330322000097)",Unfall 31756 (2022) Kat:3, Licht: 0,31756,3,6,2,04,09,3,0,0,0,1,0,0,1,0
"POINT (7.074149230000050 51.419229457000000)",Unfall 31781 (2022) Kat:3, Licht: 2,31781,3,1,0,04,01,7,2,2,0,1,0,0,0,0
"POINT (7.002100899000030 51.434290161000000)",Unfall 31836 (2022) Kat:3, Licht: 2,31836,3,3,5,03,22,5,1,2,0,1,0,0,0,0
"POINT (6.932664414000040 51.487418362000000)",Unfall 31890 (2022) Kat:3, Licht: 0,31890,3,6,3,04,10,2,0,0,0,1,0,0,0,1
"POINT (6.977723403000030 51.483233470000101)",Unfall 31986 (2022) Kat:3, Licht: 0,31986,3,6,2,03,14,5,1,0,0,1,0,0,0,0
"POINT (7.008667916000040 51.460277620000099)",Unfall 32006 (2022) Kat:3, Licht: 0,32006,3,6,2,03,17,2,0,0,0,1,0,1,0,0
"POINT (7.014805306000030 51.457917903000101)",Unfall 32007 (2022) Kat:3, Licht: 0,32007,3,6,1,04,14,7,1,0,0,1,0,0,0,0
"POINT (6.930523638000070 51.487850528000102)",Unfall 32060 (2022) Kat:3, Licht: 1,32060,3,7,1,04,07,2,0,1,0,1,0,0,0,0
"POINT (7.034999580000030 51.453342672000097)",Unfall 32067 (2022) Kat:3, Licht: 0,32067,3,6,3,04,13,3,1,0,0,1,0,0,1,0
"POINT (7.078087761000060 51.458144032000099)",Unfall 32075 (2022) Kat:2, Licht: 0,32075,2,4,6,04,10,5,1,0,0,1,1,0,0,0
"POINT (7.084042909000060 51.470672863000097)",Unfall 32078 (2022) Kat:3, Licht: 0,32078,3,7,0,04,12,6,1,0,0,0,0,0,0,1
"POINT (7.040063023000070 51.463165809000003)",Unfall 32126 (2022) Kat:3, Licht: 0,32126,3,3,5,04,10,7,0,0,0,1,0,0,0,0
"POINT (7.078269783000050 51.459549676000101)",Unfall 32140 (2022) Kat:3, Licht: 0,32140,3,7,4,03,16,1,0,0,0,1,0,0,0,0
"POINT (7.094450042000060 51.469218406000003)",Unfall 32150 (2022) Kat:3, Licht: 0,32150,3,6,2,04,07,4,0,0,0,1,0,0,0,0
"POINT (7.069317943000040 51.443399150000097)",Unfall 32211 (2022) Kat:3, Licht: 2,32211,3,1,0,04,21,2,1,2,0,1,0,1,0,0
"POINT (7.080408156000030 51.465831901000101)",Unfall 32228 (2022) Kat:3, Licht: 0,32228,3,2,3,04,10,5,1,0,0,1,0,0,0,0
"POINT (7.028168951000050 51.463418370000099)",Unfall 32255 (2022) Kat:3, Licht: 0,32255,3,6,2,04,14,7,1,0,0,1,0,0,0,0
"POINT (6.926976606000040 51.373731057999997)",Unfall 32269 (2022) Kat:3, Licht: 0,32269,3,7,3,03,15,1,0,0,0,1,0,1,0,0
"POINT (7.003072783000050 51.447335995000103)",Unfall 32274 (2022) Kat:3, Licht: 0,32274,3,2,2,03,14,2,0,0,0,1,0,0,0,0
"POINT (7.040400124000030 51.454283825000097)",Unfall 32283 (2022) Kat:3, Licht: 0,32283,3,6,2,04,06,4,0,0,0,1,0,0,1,0
"POINT (6.998297550000070 51.386898168000101)",Unfall 32284 (2022) Kat:3, Licht: 0,32284,3,6,3,03,19,4,0,0,1,1,0,0,0,0
"POINT (6.997310789000040 51.458732172000097)",Unfall 32318 (2022) Kat:3, Licht: 0,32318,3,3,3,03,14,7,0,0,0,1,0,0,0,0
"POINT (7.008973549000070 51.484054168000100)",Unfall 32345 (2022) Kat:2, Licht: 2,32345,2,7,6,04,22,6,1,2,0,1,1,0,0,0
"POINT (7.066872327000060 51.456879306000097)",Unfall 32388 (2022) Kat:3, Licht: 0,32388,3,3,5,04,08,6,0,0,1,1,0,0,0,0
"POINT (6.950430586000040 51.399359085000100)",Unfall 32422 (2022) Kat:2, Licht: 0,32422,2,7,2,04,11,3,0,0,0,1,0,0,1,0
"POINT (7.016597713000070 51.450522728000102)",Unfall 32532 (2022) Kat:3, Licht: 2,32532,3,2,5,04,20,2,1,2,0,1,0,0,0,1
"POINT (7.009197636000070 51.484943708000102)",Unfall 32699 (2022) Kat:2, Licht: 0,32699,2,2,5,04,16,7,0,0,0,1,0,0,0,0
"POINT (7.003367496000070 51.474933818000103)",Unfall 32701 (2022) Kat:3, Licht: 0,32701,3,2,5,04,15,7,0,0,0,1,0,1,0,0
"POINT (7.070024170000070 51.490513383000099)",Unfall 32708 (2022) Kat:3, Licht: 0,32708,3,7,6,04,08,5,0,0,0,1,1,0,0,0
"POINT (6.956489715000030 51.468417215999999)",Unfall 32709 (2022) Kat:3, Licht: 0,32709,3,6,2,05,17,2,0,0,0,1,0,0,0,0
"POINT (6.989285991000030 51.453837241000002)",Unfall 32749 (2022) Kat:3, Licht: 2,32749,3,3,5,04,00,2,0,2,0,1,0,0,0,1
"POINT (6.964284114000070 51.450381246000099)",Unfall 32769 (2022) Kat:3, Licht: 0,32769,3,6,3,05,15,3,0,0,0,1,0,1,0,0
"POINT (7.014472070000070 51.433649294000098)",Unfall 32803 (2022) Kat:3, Licht: 0,32803,3,6,2,04,12,7,0,0,0,1,0,0,0,0
"POINT (7.016820700000040 51.367568071999997)",Unfall 32917 (2022) Kat:3, Licht: 0,32917,3,6,2,04,09,7,0,0,0,1,0,0,0,0
"POINT (6.901552114000030 51.480568216999998)",Unfall 32925 (2022) Kat:3, Licht: 0,32925,3,1,0,04,12,1,0,0,1,0,0,0,0,0
"POINT (6.998991026000060 51.423053078000102)",Unfall 32933 (2022) Kat:2, Licht: 0,32933,2,1,0,05,15,7,0,0,1,0,0,0,0,0
"POINT (6.900855366000030 51.480668643999998)",Unfall 32971 (2022) Kat:3, Licht: 0,32971,3,1,0,04,12,1,0,0,1,0,0,0,0,0
"POINT (7.017962566000050 51.442424726000098)",Unfall 32975 (2022) Kat:3, Licht: 0,32975,3,7,4,04,09,4,0,0,1,1,0,0,0,0
"POINT (7.039187779000030 51.476481346000099)",Unfall 32991 (2022) Kat:3, Licht: 0,32991,3,3,5,04,16,5,0,0,1,1,0,0,0,0
"POINT (6.953154133000060 51.448920203000100)",Unfall 33061 (2022) Kat:2, Licht: 1,33061,2,1,0,04,19,4,0,1,1,0,0,0,0,0
"POINT (7.076067824000060 51.449927813999999)",Unfall 33066 (2022) Kat:3, Licht: 1,33066,3,2,5,04,20,7,0,1,0,1,0,0,0,0
"POINT (7.003989325000020 51.446560644999998)",Unfall 33093 (2022) Kat:3, Licht: 0,33093,3,3,2,04,15,2,0,0,0,1,0,0,0,0
"POINT (7.071468339000030 51.469363730000097)",Unfall 33196 (2022) Kat:3, Licht: 0,33196,3,5,0,04,09,4,0,0,0,1,1,0,0,0
"POINT (7.033719149000040 51.442729008000100)",Unfall 33234 (2022) Kat:2, Licht: 0,33234,2,2,4,04,18,5,0,0,0,1,0,0,0,0
"POINT (6.980458132000020 51.488857684999999)",Unfall 33238 (2022) Kat:3, Licht: 0,33238,3,2,5,05,17,4,0,0,0,1,0,1,0,0
"POINT (7.010605128000070 51.528835897000100)",Unfall 33305 (2022) Kat:3, Licht: 0,33305,3,2,0,05,15,5,0,0,0,1,1,0,0,0
"POINT (7.023023249000060 51.469075508000103)",Unfall 33317 (2022) Kat:3, Licht: 2,33317,3,3,5,04,21,1,0,2,0,1,0,0,0,0
"POINT (7.076568527000060 51.443572783000000)",Unfall 33340 (2022) Kat:3, Licht: 0,33340,3,1,1,05,16,6,0,0,1,0,0,0,0,0