WKT,Name,OBJECTID,UKATEGORIE,UTYP1,UART,UMONAT,USTUNDE,UWOCHENTAG,STRZUSTAND,ULICHTVERH,ISTRAD,ISTPKW,ISTFUSS,ISTKRAD,ISTGKFZ,ISTSONSTIG
"POINT (6.975441261000070 51.461507210000001)",Unfall 38813 (2022) Kat:3, Licht: 0,38813,3,7,1,06,14,5,1,0,0,1,0,0,0,0
"POINT (6.966325928000060 51.448780436000000)",Unfall 38829 (2022) Kat:3, Licht: 0,38829,3,3,5,06,15,3,0,0,0,1,0,0,0,0
"POINT (7.035509649000060 51.440864727000097)",Unfall 38839 (2022) Kat:3, Licht: 0,38839,3,6,1,06,15,6,0,0,0,1,0,0,1,0
"POINT (7.021812177000070 51.415665070000003)",Unfall 38866 (2022) Kat:3, Licht: 0,38866,3,6,0,06,12,4,0,0,1,0,0,0,0,0
"POINT (7.036145129000030 51.453786552000103)",Unfall 38918 (2022) Kat:3, Licht: 0,38918,3,6,2,06,20,5,0,0,0,1,0,0,0,0
"POINT (7.006850851000020 51.468015971000099)",Unfall 38922 (2022) Kat:3, Licht: 0,38922,3,3,5,06,17,3,0,0,1,1,0,0,0,0
"POINT (7.005006710000030 51.441273682000002)",Unfall 38925 (2022) Kat:3, Licht: 0,38925,3,1,0,06,15,2,0,0,1,0,0,0,0,0
"POINT (7.020373733000040 51.496811258000001)",Unfall 38956 (2022) Kat:3, Licht: 0,38956,3,4,6,06,11,2,0,0,0,0,1,0,1,0
"POINT (6.988185939000060 51.503335442000001)",Unfall 39003 (2022) Kat:2, Licht: 2,39003,2,1,8,06,01,1,0,2,0,1,0,0,0,0
"POINT (7.008529411000040 51.433520627000100)",Unfall 39023 (2022) Kat:3, Licht: 2,39023,3,1,0,06,04,1,0,2,0,0,0,0,0,1
"POINT (7.028794958000050 51.451907472000102)",Unfall 39088 (2022) Kat:3, Licht: 0,39088,3,2,5,06,14,4,1,0,0,1,0,0,0,0
"POINT (6.959944216000050 51.419654207000100)",Unfall 39095 (2022) Kat:3, Licht: 0,39095,3,7,0,06,13,7,0,0,0,0,1,0,0,1
"POINT (7.033681196000030 51.442646527000100)",Unfall 39102 (2022) Kat:3, Licht: 0,39102,3,3,0,06,13,6,0,0,1,1,0,0,0,0
"POINT (6.978485268000040 51.443483238000098)",Unfall 39138 (2022) Kat:2, Licht: 0,39138,2,7,0,06,14,5,0,0,0,0,1,0,0,1
"POINT (7.088668583000070 51.462527528000102)",Unfall 39219 (2022) Kat:3, Licht: 0,39219,3,6,2,06,13,5,1,0,0,1,0,0,0,0
"POINT (6.985619500000040 51.411796652000099)",Unfall 39267 (2022) Kat:3, Licht: 0,39267,3,3,0,06,09,3,1,0,0,1,0,0,0,1
"POINT (7.090100727000050 51.462920867999998)",Unfall 39291 (2022) Kat:3, Licht: 0,39291,3,6,2,06,12,3,0,0,0,1,0,0,0,0
"POINT (7.048304987000050 51.496821296000100)",Unfall 39447 (2022) Kat:3, Licht: 0,39447,3,4,6,06,19,7,0,0,0,1,1,0,0,0
"POINT (7.035863351000050 51.423966958999998)",Unfall 39482 (2022) Kat:3, Licht: 0,39482,3,2,5,06,15,1,0,0,1,1,0,0,0,0
"POINT (7.009530818000030 51.482365614000102)",Unfall 39515 (2022) Kat:3, Licht: 2,39515,3,7,1,06,02,1,0,2,1,1,0,0,0,0
"POINT (6.930988022000070 51.487780139999998)",Unfall 39576 (2022) Kat:3, Licht: 0,39576,3,7,6,06,16,6,0,0,0,1,1,0,0,0
"POINT (6.977816553000030 51.461227419000103)",Unfall 39662 (2022) Kat:3, Licht: 2,39662,3,1,0,06,01,6,0,2,1,0,0,0,0,0
"POINT (6.971640595000050 51.449398256999999)",Unfall 39664 (2022) Kat:3, Licht: 0,39664,3,1,0,06,11,7,0,0,0,1,0,0,0,1
"POINT (7.037542641000070 51.477499948999998)",Unfall 39681 (2022) Kat:3, Licht: 0,39681,3,1,0,06,09,1,0,0,1,0,0,0,0,0
"POINT (7.080557034000040 51.479984886000103)",Unfall 39693 (2022) Kat:3, Licht: 2,39693,3,7,1,06,01,2,0,2,0,1,0,1,0,1
"POINT (6.978008866000040 51.447276461999998)",Unfall 39754 (2022) Kat:2, Licht: 0,39754,2,7,9,06,12,7,0,0,0,1,0,0,0,0
"POINT (6.978450633000020 51.418613829000002)",Unfall 39761 (2022) Kat:3, Licht: 0,39761,3,6,1,06,08,4,0,0,0,1,0,0,0,0
"POINT (7.043622089000050 51.426064553000103)",Unfall 39776 (2022) Kat:2, Licht: 0,39776,2,6,3,06,14,6,0,0,1,1,0,0,0,0
"POINT (7.039365360000030 51.383210937000101)",Unfall 39778 (2022) Kat:3, Licht: 0,39778,3,3,5,06,17,7,0,0,0,1,0,1,0,0
"POINT (6.991429332000050 51.511878299999999)",Unfall 39786 (2022) Kat:3, Licht: 0,39786,3,6,2,06,07,5,0,0,0,1,0,0,0,0
"POINT (7.002615845000040 51.507277817000002)",Unfall 39794 (2022) Kat:3, Licht: 0,39794,3,6,8,06,19,1,1,0,0,1,0,0,0,0
"POINT (6.944230296000060 51.390510155000101)",Unfall 39795 (2022) Kat:3, Licht: 0,39795,3,6,2,06,15,6,0,0,0,1,0,0,0,0
"POINT (7.007917301000020 51.508831004999998)",Unfall 39822 (2022) Kat:3, Licht: 0,39822,3,1,2,06,18,4,0,0,0,1,0,0,0,0
"POINT (7.064228195000060 51.486581508000000)",Unfall 39893 (2022) Kat:3, Licht: 0,39893,3,7,4,06,17,2,0,0,0,1,0,1,0,0
"POINT (7.001280554000060 51.465042292000099)",Unfall 39905 (2022) Kat:3, Licht: 0,39905,3,2,6,06,17,3,0,0,0,1,1,0,0,0
"POINT (7.004092923000030 51.447737855000099)",Unfall 39920 (2022) Kat:3, Licht: 0,39920,3,6,1,06,16,2,0,0,0,1,0,0,0,0
"POINT (6.944491864000040 51.390859023000097)",Unfall 40030 (2022) Kat:3, Licht: 0,40030,3,2,2,06,17,5,0,0,0,1,0,0,0,1
"POINT (7.009971963000050 51.449799134999999)",Unfall 40053 (2022) Kat:3, Licht: 0,40053,3,6,2,06,15,6,0,0,0,1,0,1,0,0
"POINT (7.003513287000030 51.438902980000101)",Unfall 40055 (2022) Kat:3, Licht: 0,40055,3,1,1,06,12,5,0,0,0,1,0,1,0,0
"POINT (7.024081912000040 51.453252106999997)",Unfall 40107 (2022) Kat:3, Licht: 0,40107,3,6,3,06,17,2,0,0,0,1,0,1,0,0
"POINT (7.078744211000070 51.380985418000101)",Unfall 40144 (2022) Kat:3, Licht: 0,40144,3,3,5,06,08,4,0,0,1,1,0,0,0,0
"POINT (7.021528748000040 51.454175056000103)",Unfall 40188 (2022) Kat:2, Licht: 0,40188,2,6,2,06,11,6,1,0,1,1,0,0,0,0
"POINT (7.082313947000050 51.472953722000099)",Unfall 40237 (2022) Kat:3, Licht: 0,40237,3,6,2,06,15,2,0,0,0,1,0,0,0,0
"POINT (7.001280554000060 51.465042292000099)",Unfall 40254 (2022) Kat:3, Licht: 0,40254,3,6,2,06,17,4,0,0,0,1,0,0,0,0
"POINT (7.087089969000030 51.465732569000103)",Unfall 40372 (2022) Kat:3, Licht: 0,40372,3,6,0,06,12,6,1,0,0,1,0,0,1,0
"POINT (6.964037803000050 51.452595054000000)",Unfall 40380 (2022) Kat:3, Licht: 0,40380,3,6,0,07,15,4,0,0,0,1,0,0,0,0
"POINT (6.981687860000020 51.481405932000001)",Unfall 40406 (2022) Kat:3, Licht: 0,40406,3,6,1,06,14,4,0,0,0,1,0,0,0,0
"POINT (7.017006301000040 51.454729444000101)",Unfall 40427 (2022) Kat:3, Licht: 0,40427,3,7,0,06,12,6,1,0,0,0,0,1,0,0
"POINT (7.046068980000030 51.486051965000101)",Unfall 40437 (2022) Kat:3, Licht: 0,40437,3,7,0,06,15,3,0,0,0,0,1,0,0,1
"POINT (7.084184089000080 51.397202608999997)",Unfall 40507 (2022) Kat:2, Licht: 0,40507,2,6,1,07,15,4,0,0,0,1,0,0,0,0
"POINT (7.007541724000020 51.505727616999998)",Unfall 40541 (2022) Kat:3, Licht: 0,40541,3,7,6,07,18,2,0,0,1,0,1,0,0,0
"POINT (6.982619723000030 51.436234678000098)",Unfall 40552 (2022) Kat:3, Licht: 0,40552,3,6,0,06,08,4,0,0,0,0,0,1,0,0
"POINT (6.999189237000050 51.485666983000002)",Unfall 40631 (2022) Kat:3, Licht: 0,40631,3,2,5,07,17,7,0,0,0,1,0,0,0,0
"POINT (7.031870477000040 51.444165021000103)",Unfall 40643 (2022) Kat:2, Licht: 0,40643,2,2,5,06,14,4,0,0,0,1,0,0,0,0
"POINT (7.063449442000040 51.405492412000100)",Unfall 40651 (2022) Kat:2, Licht: 1,40651,2,7,0,06,20,1,0,1,0,0,0,0,0,1
"POINT (7.021692002000070 51.445574237000102)",Unfall 40670 (2022) Kat:3, Licht: 0,40670,3,6,1,06,19,2,0,0,0,1,0,1,0,0
"POINT (7.026577453000070 51.512507794999998)",Unfall 40704 (2022) Kat:3, Licht: 0,40704,3,6,3,06,16,7,0,0,0,1,0,0,0,0
"POINT (7.017863159000060 51.449525147000003)",Unfall 40778 (2022) Kat:3, Licht: 0,40778,3,6,1,07,16,6,0,0,0,1,0,0,0,0
"POINT (7.087980505000080 51.421970017000000)",Unfall 40823 (2022) Kat:2, Licht: 0,40823,2,3,5,06,11,6,1,0,1,1,0,0,0,0
"POINT (6.943207871000030 51.388119050999997)",Unfall 40837 (2022) Kat:3, Licht: 0,40837,3,1,1,07,14,3,0,0,0,1,0,1,0,0
"POINT (7.009586680000040 51.502025747000097)",Unfall 40868 (2022) Kat:3, Licht: 0,40868,3,4,6,07,18,3,0,0,1,0,1,0,0,0
"POINT (7.015899254000030 51.461972588999998)",Unfall 40870 (2022) Kat:3, Licht: 0,40870,3,6,1,06,10,2,0,0,0,1,0,0,0,0
"POINT (7.078000077000070 51.464858624999998)",Unfall 40977 (2022) Kat:3, Licht: 0,40977,3,6,2,07,17,6,0,0,0,1,0,0,0,1
"POINT (6.978519967000070 51.476412189000001)",Unfall 41035 (2022) Kat:2, Licht: 0,41035,2,6,8,07,10,1,0,0,0,1,0,0,0,0
"POINT (6.991053932000060 51.491066923000098)",Unfall 41043 (2022) Kat:3, Licht: 0,41043,3,7,5,07,16,7,0,0,0,1,0,0,0,0
"POINT (6.972359137000070 51.479106998000098)",Unfall 41139 (2022) Kat:3, Licht: 0,41139,3,4,6,06,18,4,0,0,0,1,1,0,0,0
"POINT (7.028279601000070 51.422127289000102)",Unfall 41160 (2022) Kat:3, Licht: 0,41160,3,7,0,07,16,2,0,0,0,0,1,0,0,1
"POINT (7.055724262000070 51.428521934999999)",Unfall 41171 (2022) Kat:3, Licht: 0,41171,3,6,1,07,13,4,0,0,0,1,0,0,0,0
"POINT (7.016466579000050 51.425649398000097)",Unfall 41173 (2022) Kat:2, Licht: 0,41173,2,6,3,06,18,3,0,0,1,1,0,0,0,0
"POINT (7.048904057000070 51.501444296000003)",Unfall 41187 (2022) Kat:3, Licht: 0,41187,3,7,0,06,18,7,0,0,0,1,1,0,0,0
"POINT (6.975617513000030 51.442343463000000)",Unfall 41224 (2022) Kat:3, Licht: 2,41224,3,4,6,07,22,3,0,2,0,0,1,1,0,0
"POINT (7.007489835000060 51.449402324000097)",Unfall 41281 (2022) Kat:3, Licht: 0,41281,3,7,0,06,08,2,1,0,1,1,0,0,0,0
"POINT (6.979861845000070 51.418983468000100)",Unfall 41289 (2022) Kat:3, Licht: 0,41289,3,2,1,06,11,7,0,0,0,1,0,0,0,0
"POINT (7.030071189000070 51.451259149000101)",Unfall 41378 (2022) Kat:3, Licht: 0,41378,3,6,2,06,17,4,0,0,0,1,0,0,0,0
"POINT (6.990358338000020 51.405975906999998)",Unfall 41409 (2022) Kat:2, Licht: 0,41409,2,7,9,07,09,2,0,0,0,1,0,0,0,0
"POINT (7.008706868000050 51.494844589000103)",Unfall 41418 (2022) Kat:3, Licht: 0,41418,3,7,0,07,18,2,0,0,1,0,0,0,0,0
"POINT (6.996322379000050 51.413903249000001)",Unfall 41422 (2022) Kat:3, Licht: 2,41422,3,1,8,07,22,3,0,2,0,1,0,0,0,0
"POINT (6.977454741000030 51.449820352000103)",Unfall 41547 (2022) Kat:3, Licht: 0,41547,3,3,5,07,13,5,1,0,0,1,0,1,0,0
"POINT (7.037286146000040 51.445305251000001)",Unfall 41584 (2022) Kat:2, Licht: 0,41584,2,6,2,07,18,7,0,0,0,1,0,1,0,0
"POINT (6.985877305000030 51.489806088000101)",Unfall 41645 (2022) Kat:3, Licht: 0,41645,3,7,0,07,12,5,0,0,0,0,0,0,0,1
"POINT (7.079571444000070 51.463977177000103)",Unfall 41761 (2022) Kat:3, Licht: 0,41761,3,2,2,07,12,2,0,0,1,1,0,0,0,0
"POINT (7.002284162000020 51.463734320000100)",Unfall 41776 (2022) Kat:2, Licht: 0,41776,2,3,5,07,13,1,0,0,0,1,0,1,0,0
"POINT (6.945923400000030 51.354209289000003)",Unfall 41792 (2022) Kat:3, Licht: 0,41792,3,7,8,07,21,3,0,0,0,0,0,1,0,0
"POINT (7.007477097000050 51.506651044000101)",Unfall 41811 (2022) Kat:3, Licht: 0,41811,3,6,2,07,18,3,0,0,0,1,0,1,0,0
"POINT (7.034069726000040 51.442653018999998)",Unfall 41872 (2022) Kat:3, Licht: 0,41872,3,7,0,07,11,3,0,0,0,1,0,0,0,1
"POINT (7.006738231000040 51.471140642000101)",Unfall 41902 (2022) Kat:3, Licht: 0,41902,3,3,0,07,10,4,0,0,1,1,0,0,0,0
"POINT (7.006235905000040 51.455900916000097)",Unfall 41975 (2022) Kat:3, Licht: 0,41975,3,6,1,07,16,7,0,0,0,1,0,0,0,0
"POINT (7.064135556000050 51.486188955000003)",Unfall 41976 (2022) Kat:3, Licht: 0,41976,3,3,1,07,12,2,0,0,0,1,0,0,0,0
"POINT (7.024648743000060 51.384313088000098)",Unfall 42013 (2022) Kat:2, Licht: 0,42013,2,7,0,07,15,7,0,0,1,0,0,0,0,0
"POINT (7.073561263000040 51.407713323999999)",Unfall 42023 (2022) Kat:3, Licht: 0,42023,3,1,0,07,13,5,1,0,1,0,0,0,0,0
"POINT (7.016503894000040 51.426161692999997)",Unfall 42025 (2022) Kat:2, Licht: 0,42025,2,7,0,07,14,3,0,0,1,0,0,0,0,0
"POINT (6.989285991000030 51.453837241000002)",Unfall 42036 (2022) Kat:3, Licht: 0,42036,3,2,5,07,19,4,0,0,0,1,0,0,0,0
"POINT (7.024809347000030 51.417904438000100)",Unfall 42037 (2022) Kat:3, Licht: 2,42037,3,7,8,07,23,6,0,2,0,1,0,0,0,1
"POINT (7.003272671000050 51.447333383999997)",Unfall 42064 (2022) Kat:3, Licht: 0,42064,3,3,5,07,12,3,0,0,0,1,0,0,0,0
"POINT (7.009396246000050 51.485751218000097)",Unfall 42079 (2022) Kat:3, Licht: 0,42079,3,4,6,07,18,2,0,0,0,1,1,0,0,0
"POINT (6.987923766000050 51.436853673000002)",Unfall 42105 (2022) Kat:3, Licht: 0,42105,3,2,5,07,21,3,0,0,0,1,0,1,0,0
"POINT (6.931593501000070 51.487674323000100)",Unfall 42135 (2022) Kat:3, Licht: 0,42135,3,1,0,07,16,7,0,0,1,0,0,0,0,0
"POINT (6.978497793000030 51.434624534000100)",Unfall 42153 (2022) Kat:3, Licht: 0,42153,3,1,0,07,17,4,1,0,0,0,0,1,0,0
"POINT (7.028146377000040 51.422022023000103)",Unfall 42197 (2022) Kat:3, Licht: 0,42197,3,6,2,07,15,3,0,0,0,1,0,1,0,0
"POINT (6.998514842000080 51.464383953999999)",Unfall 42254 (2022) Kat:3, Licht: 0,42254,3,1,8,07,21,6,0,0,0,0,0,0,0,1
"POINT (7.009714575000030 51.500124472000003)",Unfall 42262 (2022) Kat:3, Licht: 1,42262,3,3,5,07,21,1,0,1,0,1,0,0,0,0
"POINT (7.080406088000070 51.468777671000097)",Unfall 42265 (2022) Kat:3, Licht: 0,42265,3,7,0,07,08,7,0,0,0,0,0,0,0,1
"POINT (7.033879433000040 51.438580962000103)",Unfall 42289 (2022) Kat:3, Licht: 0,42289,3,6,2,07,13,6,0,0,0,1,0,0,0,0
"POINT (6.996550195000050 51.495041781000097)",Unfall 42313 (2022) Kat:3, Licht: 0,42313,3,3,5,07,13,6,0,0,0,1,0,0,0,0
"POINT (6.988115400000030 51.503326382000097)",Unfall 42314 (2022) Kat:3, Licht: 0,42314,3,6,3,07,11,3,0,0,0,1,0,0,0,1
"POINT (7.010366207000060 51.481345011000002)",Unfall 42364 (2022) Kat:3, Licht: 0,42364,3,6,2,07,15,1,1,0,0,1,0,0,0,0
"POINT (6.994175795000050 51.414747562000102)",Unfall 42392 (2022) Kat:3, Licht: 0,42392,3,7,0,07,19,6,0,0,1,0,0,0,0,0
"POINT (7.016183088000050 51.450702503999999)",Unfall 42469 (2022) Kat:3, Licht: 0,42469,3,3,5,07,17,7,0,0,1,1,0,0,0,0
"POINT (6.996550195000050 51.495041781000097)",Unfall 42507 (2022) Kat:3, Licht: 0,42507,3,2,5,07,07,5,0,0,0,1,0,0,0,1
"POINT (6.992358749000060 51.411526761000097)",Unfall 42555 (2022) Kat:2, Licht: 1,42555,2,3,5,07,22,3,0,1,0,1,0,1,0,0
"POINT (6.927752106000070 51.465978067999998)",Unfall 42563 (2022) Kat:3, Licht: 0,42563,3,6,3,07,17,1,0,0,0,1,0,1,0,0
"POINT (7.018492697000060 51.466496968999998)",Unfall 42599 (2022) Kat:2, Licht: 0,42599,2,3,5,07,16,7,0,0,0,1,0,0,0,0
"POINT (6.995280876000040 51.505224194999997)",Unfall 42602 (2022) Kat:2, Licht: 0,42602,2,1,2,07,08,2,0,0,0,1,0,0,0,0
"POINT (6.976063759000060 51.423041652999999)",Unfall 42611 (2022) Kat:3, Licht: 0,42611,3,6,0,07,19,6,0,0,0,1,0,0,0,0
"POINT (6.913807565000070 51.474887612000003)",Unfall 42642 (2022) Kat:3, Licht: 0,42642,3,1,0,07,18,5,1,0,0,0,0,1,0,0
"POINT (7.054333624000040 51.431726015000002)",Unfall 42701 (2022) Kat:3, Licht: 0,42701,3,7,8,07,18,2,0,0,0,0,0,0,0,1
"POINT (7.076207850000060 51.444199867000101)",Unfall 42709 (2022) Kat:3, Licht: 0,42709,3,7,0,07,15,1,0,0,1,0,0,0,0,0
"POINT (6.979389441000020 51.484588883000100)",Unfall 42792 (2022) Kat:3, Licht: 0,42792,3,2,6,07,06,6,0,0,0,1,1,0,0,0
"POINT (7.032230296000020 51.473128979000101)",Unfall 42841 (2022) Kat:2, Licht: 0,42841,2,4,6,07,16,7,0,0,0,1,1,0,0,0
"POINT (7.095736439000060 51.418802804999999)",Unfall 42852 (2022) Kat:3, Licht: 0,42852,3,6,0,07,08,5,1,0,1,1,0,0,0,0
"POINT (7.037540137000060 51.454014438000101)",Unfall 42862 (2022) Kat:2, Licht: 0,42862,2,6,3,07,14,2,0,0,0,1,0,0,0,0
"POINT (7.015915944000030 51.453119159000003)",Unfall 42924 (2022) Kat:3, Licht: 0,42924,3,1,2,07,16,4,0,0,0,1,0,0,0,0
"POINT (7.058064915000050 51.458302029000002)",Unfall 42948 (2022) Kat:3, Licht: 0,42948,3,2,4,07,19,6,0,0,0,1,0,0,0,0
"POINT (6.934222965000060 51.491139125000103)",Unfall 42967 (2022) Kat:3, Licht: 0,42967,3,6,3,07,14,3,0,0,1,0,0,0,1,0
"POINT (7.096266388000060 51.437902508999997)",Unfall 42988 (2022) Kat:3, Licht: 0,42988,3,7,0,07,14,6,0,0,0,0,0,0,0,1
"POINT (6.942051217000030 51.366965759000003)",Unfall 42998 (2022) Kat:3, Licht: 0,42998,3,3,0,07,11,5,0,0,1,1,0,0,0,0
"POINT (7.005355961000020 51.456933954000100)",Unfall 43000 (2022) Kat:3, Licht: 0,43000,3,6,3,07,13,2,0,0,0,1,0,0,0,1
"POINT (6.980583532000030 51.436326613000098)",Unfall 43021 (2022) Kat:3, Licht: 0,43021,3,7,0,07,21,7,0,0,1,0,0,0,0,0
"POINT (7.063747705000030 51.463673335000102)",Unfall 43042 (2022) Kat:3, Licht: 0,43042,3,6,2,07,13,1,0,0,0,1,0,1,0,0
"POINT (7.018523369000040 51.379355072000102)",Unfall 43057 (2022) Kat:2, Licht: 0,43057,2,3,3,07,18,2,0,0,0,1,0,1,0,0
"POINT (6.997310789000040 51.458732172000097)",Unfall 43059 (2022) Kat:3, Licht: 2,43059,3,7,0,07,03,6,1,2,0,0,0,0,0,1
"POINT (7.009359991000050 51.487057241000102)",Unfall 43106 (2022) Kat:3, Licht: 0,43106,3,6,3,07,17,3,0,0,0,1,0,0,0,0
"POINT (6.911530319000060 51.476066447999997)",Unfall 43155 (2022) Kat:3, Licht: 0,43155,3,3,5,08,17,3,0,0,0,1,0,1,0,0
"POINT (7.047060625000030 51.465706765999997)",Unfall 43196 (2022) Kat:3, Licht: 0,43196,3,3,5,08,13,7,0,0,0,1,0,0,0,0
"POINT (7.000499567000080 51.385224934000099)",Unfall 43219 (2022) Kat:3, Licht: 0,43219,3,3,5,08,20,5,0,0,0,1,0,1,0,0
"POINT (7.054985769000040 51.431152070000103)",Unfall 43223 (2022) Kat:3, Licht: 0,43223,3,6,2,08,09,5,0,0,0,1,0,0,0,0
"POINT (7.066439398000060 51.464233910000097)",Unfall 43224 (2022) Kat:3, Licht: 0,43224,3,6,2,07,14,1,0,0,0,1,0,0,0,0
"POINT (7.012884105000070 51.426526283999998)",Unfall 43227 (2022) Kat:3, Licht: 0,43227,3,1,0,08,12,7,0,0,0,0,0,1,0,0
"POINT (6.961048399000050 51.397066929000097)",Unfall 43247 (2022) Kat:3, Licht: 0,43247,3,3,5,08,07,5,0,0,0,1,0,0,0,0
"POINT (6.989285991000030 51.453837241000002)",Unfall 43264 (2022) Kat:3, Licht: 0,43264,3,2,5,08,19,4,0,0,0,1,0,0,0,0
"POINT (6.932092222000050 51.462932965999997)",Unfall 43310 (2022) Kat:3, Licht: 0,43310,3,2,5,08,02,1,0,0,0,1,0,0,0,0
"POINT (6.992664320000070 51.423113004000101)",Unfall 43330 (2022) Kat:3, Licht: 0,43330,3,6,2,08,15,7,0,0,0,1,0,0,0,1
"POINT (7.011506790000060 51.479933355000099)",Unfall 43350 (2022) Kat:3, Licht: 0,43350,3,6,2,07,18,6,0,0,0,1,0,1,0,0
"POINT (6.952161462000050 51.463137861000099)",Unfall 43475 (2022) Kat:3, Licht: 0,43475,3,7,0,08,13,5,0,0,1,0,0,0,0,0
"POINT (7.022444755000040 51.443313091999997)",Unfall 43558 (2022) Kat:3, Licht: 0,43558,3,1,8,08,09,7,0,0,0,0,0,0,1,0
"POINT (7.027179276000030 51.449852466999999)",Unfall 43583 (2022) Kat:2, Licht: 0,43583,2,2,5,08,16,6,0,0,0,1,0,0,0,1
"POINT (7.053490477000030 51.459728052999999)",Unfall 43590 (2022) Kat:3, Licht: 0,43590,3,6,3,08,14,2,0,0,0,1,0,0,1,0
"POINT (7.045660799000070 51.426681577000103)",Unfall 43689 (2022) Kat:2, Licht: 0,43689,2,7,3,08,11,5,0,0,0,1,0,0,0,0
"POINT (7.029014033000070 51.450784811000098)",Unfall 43701 (2022) Kat:3, Licht: 0,43701,3,7,0,08,11,2,0,0,0,1,0,0,0,0
"POINT (7.039372055000060 51.439002645000102)",Unfall 43703 (2022) Kat:3, Licht: 0,43703,3,6,2,08,16,3,0,0,0,1,0,0,0,0
"POINT (7.085213493000030 51.442456237000002)",Unfall 43746 (2022) Kat:3, Licht: 0,43746,3,7,6,08,17,3,0,0,1,0,1,0,0,0
"POINT (6.978519967000070 51.476412189000001)",Unfall 43761 (2022) Kat:3, Licht: 0,43761,3,2,6,08,14,1,0,0,0,1,1,0,0,0
"POINT (7.005311247000070 51.477691280999998)",Unfall 43800 (2022) Kat:2, Licht: 0,43800,2,6,2,08,17,2,0,0,0,1,0,0,0,0
"POINT (6.981791961000060 51.381774483000100)",Unfall 43893 (2022) Kat:3, Licht: 0,43893,3,7,0,08,14,7,0,0,0,0,0,0,0,1
"POINT (7.046841160000040 51.492996984000101)",Unfall 43904 (2022) Kat:3, Licht: 0,43904,3,4,6,08,13,3,0,0,0,1,1,0,0,0
"POINT (6.934208340000050 51.462418397000100)",Unfall 43942 (2022) Kat:3, Licht: 0,43942,3,7,9,08,08,3,0,0,0,1,0,0,0,0
"POINT (7.077455952000040 51.456092949999999)",Unfall 43975 (2022) Kat:3, Licht: 0,43975,3,6,2,08,15,2,0,0,0,1,0,0,0,0
"POINT (7.023023249000060 51.469075508000103)",Unfall 44013 (2022) Kat:2, Licht: 0,44013,2,4,6,08,16,2,0,0,0,1,1,0,0,0
"POINT (7.032242581000050 51.440862668000101)",Unfall 44032 (2022) Kat:3, Licht: 0,44032,3,6,1,08,17,4,0,0,0,1,0,0,0,0
"POINT (7.084083393000070 51.395080491000002)",Unfall 44115 (2022) Kat:3, Licht: 0,44115,3,1,5,08,18,3,0,0,1,0,0,0,0,1
"POINT (7.001280554000060 51.465042292000099)",Unfall 44148 (2022) Kat:3, Licht: 0,44148,3,6,2,07,18,7,0,0,0,1,0,0,0,0
"POINT (6.997455400000040 51.442011938000100)",Unfall 44280 (2022) Kat:3, Licht: 0,44280,3,6,3,08,06,5,0,0,0,1,0,1,0,0
"POINT (6.950121010000030 51.464415417000097)",Unfall 44323 (2022) Kat:3, Licht: 2,44323,3,7,7,08,23,1,0,2,0,1,0,0,0,0
"POINT (7.009714575000030 51.500124472000003)",Unfall 44331 (2022) Kat:3, Licht: 0,44331,3,2,4,08,14,6,0,0,0,1,0,0,0,0
"POINT (7.041610546000070 51.447656629999997)",Unfall 44399 (2022) Kat:3, Licht: 0,44399,3,7,3,08,15,2,0,0,0,1,0,0,0,0
"POINT (7.006994283000040 51.447132725000102)",Unfall 44408 (2022) Kat:3, Licht: 0,44408,3,6,2,08,19,4,0,0,0,1,0,1,0,0
"POINT (7.005083936000060 51.457642380000003)",Unfall 44435 (2022) Kat:3, Licht: 0,44435,3,7,6,07,18,5,0,0,0,0,1,0,0,1
"POINT (6.950805705000050 51.401184359000098)",Unfall 44448 (2022) Kat:3, Licht: 0,44448,3,3,5,08,10,3,0,0,0,1,0,0,0,0
"POINT (6.994117538000070 51.396675382000097)",Unfall 44473 (2022) Kat:2, Licht: 0,44473,2,7,0,08,17,4,0,0,1,0,0,0,0,0
"POINT (7.060856629000060 51.439385669000004)",Unfall 44567 (2022) Kat:3, Licht: 0,44567,3,6,4,08,13,4,0,0,1,0,0,0,0,0
"POINT (7.021175243000070 51.454322851000001)",Unfall 44575 (2022) Kat:3, Licht: 2,44575,3,7,6,07,22,6,0,2,0,1,1,0,0,0
"POINT (7.012613120000030 51.482827104000101)",Unfall 44600 (2022) Kat:3, Licht: 0,44600,3,6,4,07,17,1,1,0,0,1,0,0,0,0
"POINT (7.007992137000030 51.521905597000099)",Unfall 44703 (2022) Kat:3, Licht: 0,44703,3,6,2,08,16,2,0,0,0,1,0,0,0,0
"POINT (7.063877030000070 51.447113694999999)",Unfall 44799 (2022) Kat:2, Licht: 0,44799,2,1,0,08,13,7,0,0,0,0,0,1,0,0
"POINT (6.960127910000040 51.419598696999998)",Unfall 44808 (2022) Kat:3, Licht: 2,44808,3,6,1,08,22,4,0,2,0,1,0,0,0,0
"POINT (7.007530995000020 51.494841565000101)",Unfall 44835 (2022) Kat:3, Licht: 0,44835,3,4,6,08,16,4,0,0,0,1,1,0,0,0