WKT,Name,OBJECTID,UKATEGORIE,UTYP1,UART,UMONAT,USTUNDE,UWOCHENTAG,STRZUSTAND,ULICHTVERH,ISTRAD,ISTPKW,ISTFUSS,ISTKRAD,ISTGKFZ,ISTSONSTIG
"POINT (7.078347852000040 51.459260422000099)",Unfall 44838 (2022) Kat:3, Licht: 0,44838,3,2,0,08,14,1,0,0,0,1,0,1,0,0
"POINT (6.981594623000030 51.444319457000098)",Unfall 44852 (2022) Kat:3, Licht: 0,44852,3,3,3,08,13,6,0,0,0,1,0,0,1,0
"POINT (7.026446795000030 51.421346354999997)",Unfall 44909 (2022) Kat:3, Licht: 0,44909,3,7,0,08,07,3,0,0,0,1,0,0,0,0
"POINT (6.977777843000070 51.476345018000103)",Unfall 44928 (2022) Kat:3, Licht: 0,44928,3,6,1,08,17,5,0,0,0,1,0,0,0,0
"POINT (6.981515853000080 51.442641891000100)",Unfall 44933 (2022) Kat:3, Licht: 0,44933,3,7,0,07,15,1,0,0,0,0,0,1,0,0
"POINT (7.006917195000030 51.516321949000002)",Unfall 45039 (2022) Kat:3, Licht: 0,45039,3,2,5,08,06,5,0,0,1,1,0,0,0,0
"POINT (6.999730805000070 51.446820652000000)",Unfall 45088 (2022) Kat:3, Licht: 0,45088,3,6,2,08,16,3,0,0,0,1,0,0,0,0
"POINT (7.078269783000050 51.459549676000101)",Unfall 45089 (2022) Kat:3, Licht: 0,45089,3,1,5,08,07,6,0,0,0,1,0,0,0,1
"POINT (7.063611834000030 51.446935371000102)",Unfall 45090 (2022) Kat:3, Licht: 0,45090,3,6,1,08,18,5,0,0,0,1,0,0,0,0
"POINT (7.029078227000070 51.472233575000097)",Unfall 45112 (2022) Kat:3, Licht: 0,45112,3,1,0,07,12,4,0,0,1,0,0,0,0,0
"POINT (7.068460639000020 51.472247521000000)",Unfall 45213 (2022) Kat:3, Licht: 0,45213,3,1,8,08,19,4,0,0,1,0,0,0,0,0
"POINT (7.038703321000070 51.444644439000101)",Unfall 45246 (2022) Kat:2, Licht: 0,45246,2,1,0,07,13,1,0,0,1,0,0,0,0,0
"POINT (6.932092222000050 51.462932965999997)",Unfall 45250 (2022) Kat:3, Licht: 0,45250,3,7,0,08,17,7,0,0,0,1,0,0,0,1
"POINT (7.002100899000030 51.434290161000000)",Unfall 45266 (2022) Kat:3, Licht: 0,45266,3,3,5,07,17,5,0,0,0,1,0,0,0,0
"POINT (7.076207850000060 51.444199867000101)",Unfall 45391 (2022) Kat:3, Licht: 0,45391,3,6,2,08,14,5,0,0,0,1,0,0,0,0
"POINT (6.982506583000030 51.459894810999998)",Unfall 45404 (2022) Kat:3, Licht: 0,45404,3,7,0,08,12,4,0,0,0,1,0,0,0,1
"POINT (6.956647146000020 51.417167980000002)",Unfall 45491 (2022) Kat:3, Licht: 0,45491,3,1,0,08,11,4,0,0,1,0,0,0,0,0
"POINT (7.054861311000020 51.431316015000000)",Unfall 45534 (2022) Kat:3, Licht: 0,45534,3,6,1,08,08,5,0,0,0,1,0,0,0,0
"POINT (7.009219040000060 51.490487557999998)",Unfall 45553 (2022) Kat:3, Licht: 0,45553,3,3,5,08,07,2,0,0,0,1,0,1,0,1
"POINT (7.000360906000030 51.483419085999998)",Unfall 45574 (2022) Kat:3, Licht: 0,45574,3,3,5,08,21,5,0,0,0,1,0,0,0,1
"POINT (7.017769905000020 51.456653561000103)",Unfall 45628 (2022) Kat:2, Licht: 1,45628,2,4,6,08,05,6,0,1,0,1,1,0,0,0
"POINT (7.014588778000070 51.458452861000097)",Unfall 45695 (2022) Kat:3, Licht: 1,45695,3,2,0,08,20,7,0,1,0,1,0,0,0,1
"POINT (6.974708807000070 51.415325224000100)",Unfall 45771 (2022) Kat:2, Licht: 0,45771,2,1,8,08,16,5,0,0,1,0,0,0,0,0
"POINT (7.016503894000040 51.426161692999997)",Unfall 45787 (2022) Kat:3, Licht: 0,45787,3,1,9,08,10,2,0,0,0,1,0,0,0,0
"POINT (6.994930651000060 51.436578358000098)",Unfall 45830 (2022) Kat:3, Licht: 0,45830,3,6,1,08,07,6,0,0,0,1,0,1,0,0
"POINT (6.944491864000040 51.390859023000097)",Unfall 45893 (2022) Kat:3, Licht: 0,45893,3,1,0,08,13,1,0,0,1,0,0,0,0,0
"POINT (7.074801008000070 51.450013157000100)",Unfall 45929 (2022) Kat:3, Licht: 0,45929,3,3,0,08,16,7,0,0,0,1,0,0,0,1
"POINT (7.042894058000060 51.446566733000097)",Unfall 45974 (2022) Kat:3, Licht: 0,45974,3,2,6,08,14,6,0,0,0,1,1,0,0,0
"POINT (7.015797439000040 51.495255864999997)",Unfall 45979 (2022) Kat:2, Licht: 0,45979,2,3,5,08,14,4,0,0,0,1,0,1,0,0
"POINT (7.004733230000060 51.459906732000000)",Unfall 45984 (2022) Kat:3, Licht: 0,45984,3,1,0,08,11,3,0,0,0,0,0,1,0,0
"POINT (6.929866000000060 51.356043384000003)",Unfall 46021 (2022) Kat:3, Licht: 1,46021,3,1,0,08,20,5,0,1,0,0,0,1,0,0
"POINT (7.007157571000050 51.509748479000102)",Unfall 46032 (2022) Kat:2, Licht: 2,46032,2,1,0,08,20,7,0,2,0,0,0,0,0,1
"POINT (7.059442409000040 51.437384678999997)",Unfall 46068 (2022) Kat:3, Licht: 0,46068,3,1,8,08,09,6,0,0,0,1,0,0,0,1
"POINT (7.013476300000040 51.443726304000101)",Unfall 46085 (2022) Kat:3, Licht: 0,46085,3,3,5,08,08,6,0,0,0,1,0,0,0,1
"POINT (7.083468792000080 51.444865524000100)",Unfall 46130 (2022) Kat:3, Licht: 0,46130,3,3,5,08,16,4,0,0,0,1,0,0,0,0
"POINT (7.034095567000070 51.456138484000100)",Unfall 46201 (2022) Kat:3, Licht: 0,46201,3,6,0,08,07,5,0,0,0,1,0,0,0,1
"POINT (7.054963483000050 51.428602277000003)",Unfall 46213 (2022) Kat:3, Licht: 0,46213,3,3,5,08,11,4,0,0,0,1,0,1,0,0
"POINT (7.010835894000020 51.529136854999997)",Unfall 46384 (2022) Kat:3, Licht: 0,46384,3,7,5,08,13,4,0,0,1,1,0,0,0,0
"POINT (7.087662368000050 51.465807484999999)",Unfall 46438 (2022) Kat:3, Licht: 0,46438,3,6,9,08,09,6,0,0,0,1,0,0,0,0
"POINT (7.017988040000030 51.454783753000100)",Unfall 46497 (2022) Kat:3, Licht: 0,46497,3,4,6,08,14,5,0,0,0,1,1,0,0,0
"POINT (7.015166078000050 51.450094259000103)",Unfall 46526 (2022) Kat:3, Licht: 0,46526,3,6,2,08,11,4,0,0,0,1,0,0,0,0
"POINT (6.987815977000030 51.445124776000100)",Unfall 46556 (2022) Kat:3, Licht: 0,46556,3,6,2,08,17,5,0,0,0,1,0,0,0,0
"POINT (6.938244193000060 51.361298275000102)",Unfall 46607 (2022) Kat:3, Licht: 2,46607,3,1,9,08,23,3,0,2,0,1,0,0,0,0
"POINT (7.001757306000060 51.448815085000000)",Unfall 46616 (2022) Kat:3, Licht: 0,46616,3,6,2,09,13,6,0,0,0,1,0,0,0,0
"POINT (6.973037572000070 51.443207759000103)",Unfall 46671 (2022) Kat:3, Licht: 0,46671,3,3,5,09,11,6,0,0,0,1,0,0,0,0
"POINT (7.073561263000040 51.407713323999999)",Unfall 46709 (2022) Kat:3, Licht: 0,46709,3,7,0,09,19,5,1,0,1,0,0,0,0,0
"POINT (7.029078227000070 51.472233575000097)",Unfall 46716 (2022) Kat:3, Licht: 0,46716,3,6,2,09,15,2,0,0,0,1,0,0,0,0
"POINT (7.006442573000070 51.445725418000102)",Unfall 46828 (2022) Kat:3, Licht: 0,46828,3,6,1,08,15,2,0,0,0,1,0,0,0,0
"POINT (7.078873435000050 51.462684022000097)",Unfall 46863 (2022) Kat:3, Licht: 0,46863,3,6,2,09,14,5,0,0,0,1,0,0,0,0
"POINT (6.961328651000030 51.419426757000103)",Unfall 46869 (2022) Kat:3, Licht: 0,46869,3,1,0,09,13,2,0,0,1,0,0,0,0,0
"POINT (7.058308597000060 51.420935105000098)",Unfall 46875 (2022) Kat:3, Licht: 1,46875,3,6,3,08,20,3,0,1,0,1,0,1,0,0
"POINT (6.971516780000060 51.474887038000098)",Unfall 46878 (2022) Kat:2, Licht: 0,46878,2,5,0,09,18,7,0,0,0,1,0,0,0,0
"POINT (7.106860696000070 51.414830247000097)",Unfall 46895 (2022) Kat:3, Licht: 0,46895,3,3,5,08,19,1,0,0,0,1,0,1,0,0
"POINT (7.004915191000070 51.445947643000103)",Unfall 46922 (2022) Kat:3, Licht: 0,46922,3,6,2,09,13,3,0,0,0,1,0,0,0,0
"POINT (7.078281234000030 51.442352563999997)",Unfall 46931 (2022) Kat:3, Licht: 0,46931,3,6,2,08,16,3,0,0,0,1,0,0,0,0
"POINT (6.940167656000030 51.485450417000003)",Unfall 46933 (2022) Kat:2, Licht: 0,46933,2,2,5,09,13,7,0,0,0,1,0,1,0,0
"POINT (6.904251631000020 51.479815971999997)",Unfall 47062 (2022) Kat:3, Licht: 0,47062,3,3,0,09,11,1,0,0,1,1,0,0,0,0
"POINT (7.015266411000030 51.460914862999999)",Unfall 47077 (2022) Kat:3, Licht: 0,47077,3,6,2,08,18,3,0,0,0,1,0,0,0,0
"POINT (7.071209529000040 51.469568268000003)",Unfall 47138 (2022) Kat:2, Licht: 0,47138,2,2,4,08,18,2,0,0,0,1,0,1,0,0
"POINT (7.009352063000050 51.417350855000102)",Unfall 47163 (2022) Kat:3, Licht: 2,47163,3,7,6,09,22,6,0,2,0,1,1,0,0,0
"POINT (6.929696595000050 51.480977688999999)",Unfall 47183 (2022) Kat:3, Licht: 0,47183,3,2,5,09,15,3,0,0,0,1,0,0,0,0
"POINT (7.074801008000070 51.450013157000100)",Unfall 47191 (2022) Kat:3, Licht: 1,47191,3,2,5,09,06,1,0,1,0,1,0,0,0,0
"POINT (7.002803742000030 51.436256480000097)",Unfall 47195 (2022) Kat:3, Licht: 0,47195,3,6,2,09,15,7,0,0,0,1,0,0,0,0
"POINT (7.000959729000040 51.387946746000097)",Unfall 47202 (2022) Kat:3, Licht: 0,47202,3,1,6,09,10,5,0,0,0,1,1,0,0,0
"POINT (6.998991026000060 51.423053078000102)",Unfall 47220 (2022) Kat:3, Licht: 0,47220,3,6,2,09,09,5,1,0,0,1,0,0,0,0
"POINT (7.026379796000070 51.469934592000101)",Unfall 47230 (2022) Kat:3, Licht: 0,47230,3,3,5,09,17,4,0,0,1,1,0,0,0,0
"POINT (7.048557412000040 51.457874436000097)",Unfall 47262 (2022) Kat:3, Licht: 0,47262,3,6,2,09,16,3,0,0,0,1,0,1,0,0
"POINT (7.026379796000070 51.469934592000101)",Unfall 47334 (2022) Kat:3, Licht: 1,47334,3,1,0,09,20,5,0,1,0,0,0,1,0,0
"POINT (7.079861435000050 51.465349758000102)",Unfall 47373 (2022) Kat:3, Licht: 1,47373,3,4,6,09,07,5,1,1,0,1,1,0,0,0
"POINT (6.978186563000070 51.475380039000100)",Unfall 47380 (2022) Kat:3, Licht: 0,47380,3,1,0,09,12,2,0,0,1,0,0,0,0,0
"POINT (7.014293776000040 51.450445217999999)",Unfall 47433 (2022) Kat:3, Licht: 0,47433,3,3,2,09,19,2,0,0,1,0,0,0,0,1
"POINT (6.942051217000030 51.366965759000003)",Unfall 47473 (2022) Kat:3, Licht: 0,47473,3,3,5,08,16,3,0,0,1,1,0,0,0,0
"POINT (7.008354017000040 51.507607548000102)",Unfall 47505 (2022) Kat:3, Licht: 0,47505,3,6,2,09,17,3,0,0,0,1,0,0,0,0
"POINT (7.008567245000050 51.433607263000098)",Unfall 47514 (2022) Kat:3, Licht: 0,47514,3,2,4,08,07,3,0,0,1,1,0,0,0,0
"POINT (6.992460875000060 51.411646323000099)",Unfall 47539 (2022) Kat:3, Licht: 0,47539,3,4,6,09,10,6,0,0,0,1,1,0,0,0
"POINT (7.105814045000050 51.471963243000097)",Unfall 47541 (2022) Kat:3, Licht: 0,47541,3,1,9,09,11,5,1,0,0,1,0,0,0,0
"POINT (7.007239932000060 51.453193231999997)",Unfall 47561 (2022) Kat:3, Licht: 0,47561,3,7,2,09,09,6,0,0,0,1,0,1,0,0
"POINT (7.000619266000060 51.474255278000001)",Unfall 47582 (2022) Kat:3, Licht: 0,47582,3,3,5,09,17,3,0,0,1,1,0,0,0,0
"POINT (6.943207871000030 51.388119050999997)",Unfall 47590 (2022) Kat:3, Licht: 0,47590,3,3,0,09,11,1,0,0,1,0,0,0,0,1
"POINT (7.073134948000070 51.423199984000100)",Unfall 47644 (2022) Kat:3, Licht: 0,47644,3,4,6,09,17,4,0,0,0,1,1,0,0,0
"POINT (7.009815192000080 51.482022760000099)",Unfall 47649 (2022) Kat:3, Licht: 0,47649,3,7,5,08,19,4,0,0,0,1,0,0,0,0
"POINT (6.907068849000040 51.477900853000101)",Unfall 47669 (2022) Kat:3, Licht: 0,47669,3,1,0,09,17,7,0,0,1,0,0,0,0,0
"POINT (6.957566023000030 51.462891882000100)",Unfall 47716 (2022) Kat:3, Licht: 0,47716,3,7,0,09,12,5,0,0,0,1,0,0,0,0
"POINT (6.979192894000050 51.469012091000103)",Unfall 47916 (2022) Kat:3, Licht: 0,47916,3,1,2,08,15,3,0,0,0,1,0,1,0,0
"POINT (6.930771954000020 51.355050900999998)",Unfall 47924 (2022) Kat:2, Licht: 0,47924,2,4,6,09,14,6,0,0,0,1,1,0,0,0
"POINT (7.004482045000030 51.434014492000102)",Unfall 48004 (2022) Kat:3, Licht: 0,48004,3,6,2,09,08,6,1,0,1,1,0,0,0,0
"POINT (6.999189237000050 51.485666983000002)",Unfall 48048 (2022) Kat:3, Licht: 2,48048,3,7,1,09,22,1,0,2,0,1,0,0,0,0
"POINT (7.078457786000060 51.438118358000096)",Unfall 48129 (2022) Kat:3, Licht: 0,48129,3,6,1,09,18,6,0,0,0,1,0,1,0,0
"POINT (7.015324463000070 51.461008356999997)",Unfall 48181 (2022) Kat:3, Licht: 0,48181,3,7,5,08,18,3,0,0,1,1,0,0,0,0
"POINT (7.049133179000020 51.503516775000001)",Unfall 48208 (2022) Kat:3, Licht: 0,48208,3,2,0,09,08,5,1,0,0,1,0,0,1,0
"POINT (7.007427670000030 51.449192521000001)",Unfall 48213 (2022) Kat:3, Licht: 0,48213,3,1,0,09,12,4,0,0,1,0,0,0,0,0
"POINT (7.007881833000060 51.505042740000100)",Unfall 48237 (2022) Kat:3, Licht: 0,48237,3,1,1,09,16,3,0,0,1,1,0,0,0,0
"POINT (7.023652444000050 51.448075729000003)",Unfall 48249 (2022) Kat:3, Licht: 2,48249,3,3,5,09,23,7,1,2,0,1,0,0,0,0
"POINT (7.095360697000050 51.469926346000101)",Unfall 48264 (2022) Kat:3, Licht: 2,48264,3,6,0,10,20,7,1,2,0,1,0,0,0,0
"POINT (7.006121778000020 51.444692358000097)",Unfall 48299 (2022) Kat:3, Licht: 0,48299,3,7,3,09,12,4,0,0,0,1,0,0,1,0
"POINT (7.080295704000040 51.465399148000103)",Unfall 48388 (2022) Kat:3, Licht: 0,48388,3,1,2,09,13,6,0,0,0,1,0,1,0,0
"POINT (7.095888269000060 51.470231888999997)",Unfall 48393 (2022) Kat:3, Licht: 2,48393,3,6,5,09,05,7,1,2,0,1,0,0,0,1
"POINT (6.982290525000050 51.444432655000099)",Unfall 48433 (2022) Kat:3, Licht: 0,48433,3,6,2,09,14,7,1,0,0,1,0,0,0,0
"POINT (6.952716311000070 51.400678429000003)",Unfall 48436 (2022) Kat:3, Licht: 2,48436,3,1,9,09,04,4,0,2,0,1,0,0,0,0
"POINT (7.022342805000050 51.419507349000099)",Unfall 48441 (2022) Kat:3, Licht: 0,48441,3,7,3,09,16,6,0,0,1,1,0,0,0,0
"POINT (7.007489835000060 51.449402324000097)",Unfall 48450 (2022) Kat:3, Licht: 0,48450,3,6,3,09,10,5,0,0,0,1,0,1,0,0
"POINT (6.966325928000060 51.448780436000000)",Unfall 48499 (2022) Kat:3, Licht: 0,48499,3,6,3,09,13,6,0,0,1,1,0,0,0,0
"POINT (7.105434845000050 51.472812607000002)",Unfall 48541 (2022) Kat:2, Licht: 2,48541,2,6,2,10,22,7,0,2,0,1,0,0,0,0
"POINT (7.072208351000030 51.464243689000099)",Unfall 48552 (2022) Kat:3, Licht: 0,48552,3,7,2,09,07,2,1,0,0,1,0,0,0,0
"POINT (7.083076439000020 51.426160149000097)",Unfall 48655 (2022) Kat:3, Licht: 0,48655,3,2,3,10,10,7,1,0,0,1,0,1,0,0
"POINT (7.001555831000080 51.449468482000000)",Unfall 48681 (2022) Kat:3, Licht: 0,48681,3,7,0,09,07,3,1,0,0,1,0,1,0,1
"POINT (7.007280259000030 51.508800973000099)",Unfall 48714 (2022) Kat:3, Licht: 0,48714,3,3,5,09,08,2,0,0,0,1,0,0,0,0
"POINT (7.095360697000050 51.469926346000101)",Unfall 48716 (2022) Kat:3, Licht: 0,48716,3,1,9,09,12,1,1,0,0,1,0,0,0,0
"POINT (7.037000914000030 51.444232249000002)",Unfall 48792 (2022) Kat:3, Licht: 0,48792,3,1,9,09,09,1,1,0,0,1,0,0,0,0
"POINT (7.090111771000070 51.444610568000002)",Unfall 48812 (2022) Kat:3, Licht: 2,48812,3,1,9,09,02,7,1,2,0,1,0,0,0,0
"POINT (7.027489788000030 51.445999923999999)",Unfall 48825 (2022) Kat:3, Licht: 2,48825,3,3,5,09,03,1,1,2,0,1,0,0,0,0
"POINT (7.030071189000070 51.451259149000101)",Unfall 48829 (2022) Kat:3, Licht: 0,48829,3,2,0,09,14,6,1,0,0,1,0,0,0,1
"POINT (7.036918948000050 51.440675590000097)",Unfall 48879 (2022) Kat:3, Licht: 0,48879,3,6,2,09,11,1,1,0,0,1,0,0,0,0
"POINT (7.009714575000030 51.500124472000003)",Unfall 48888 (2022) Kat:3, Licht: 0,48888,3,2,6,09,15,6,0,0,0,1,1,0,0,0
"POINT (7.012666315000050 51.531519144000100)",Unfall 48932 (2022) Kat:3, Licht: 0,48932,3,7,0,09,06,3,1,0,0,0,0,1,0,0
"POINT (7.093399931000020 51.468603765000097)",Unfall 48941 (2022) Kat:3, Licht: 2,48941,3,1,0,09,02,7,1,2,0,1,0,0,0,0
"POINT (6.998991026000060 51.423053078000102)",Unfall 48946 (2022) Kat:3, Licht: 0,48946,3,4,6,09,17,5,0,0,0,1,1,0,0,0
"POINT (6.967955716000060 51.485959808000104)",Unfall 48969 (2022) Kat:3, Licht: 0,48969,3,1,2,09,16,7,1,0,0,1,0,0,0,1
"POINT (7.075710417000040 51.451980510000098)",Unfall 48993 (2022) Kat:3, Licht: 0,48993,3,2,9,09,14,2,1,0,1,0,0,0,0,0
"POINT (6.997402112000030 51.441718891000100)",Unfall 48997 (2022) Kat:3, Licht: 2,48997,3,7,0,09,21,6,0,2,1,1,0,0,0,0
"POINT (7.069590128000070 51.443474867000099)",Unfall 49037 (2022) Kat:3, Licht: 0,49037,3,2,5,09,08,5,0,0,0,1,0,0,0,0
"POINT (7.004579326000060 51.459901115999998)",Unfall 49122 (2022) Kat:3, Licht: 2,49122,3,1,9,10,02,7,1,2,0,1,0,0,0,0
"POINT (7.056340624000030 51.458428327000000)",Unfall 49166 (2022) Kat:3, Licht: 0,49166,3,6,2,09,14,7,1,0,0,1,0,0,0,0
"POINT (7.009438462000050 51.460471493000099)",Unfall 49196 (2022) Kat:3, Licht: 2,49196,3,6,3,09,20,1,0,2,1,1,0,0,0,0
"POINT (7.022578879000040 51.436921247999997)",Unfall 49210 (2022) Kat:3, Licht: 0,49210,3,3,0,09,15,6,0,0,0,1,0,0,0,1
"POINT (7.039006456000040 51.474710409000103)",Unfall 49213 (2022) Kat:3, Licht: 2,49213,3,7,0,09,21,2,1,2,0,0,0,0,0,1
"POINT (7.037518420000030 51.448338473000000)",Unfall 49220 (2022) Kat:3, Licht: 0,49220,3,3,5,09,18,7,1,0,0,1,0,0,0,0
"POINT (7.003190099000050 51.462393558000002)",Unfall 49292 (2022) Kat:3, Licht: 0,49292,3,6,3,09,16,2,0,0,0,1,0,1,0,0
"POINT (6.977816553000030 51.461227419000103)",Unfall 49318 (2022) Kat:3, Licht: 0,49318,3,6,2,09,08,5,0,0,0,1,0,0,0,1
"POINT (7.035242700000030 51.441217819000002)",Unfall 49324 (2022) Kat:2, Licht: 0,49324,2,4,6,09,17,4,1,0,0,0,1,0,1,0
"POINT (7.084756274000030 51.469196618000097)",Unfall 49345 (2022) Kat:3, Licht: 0,49345,3,3,5,09,11,1,0,0,1,1,0,0,0,0
"POINT (6.974402598000040 51.442790370000097)",Unfall 49350 (2022) Kat:3, Licht: 0,49350,3,6,2,09,15,2,0,0,0,1,0,0,0,0
"POINT (7.075968415000030 51.449738167000099)",Unfall 49354 (2022) Kat:3, Licht: 2,49354,3,6,3,09,19,6,0,2,0,1,0,0,0,0
"POINT (7.006121778000020 51.444692358000097)",Unfall 49381 (2022) Kat:3, Licht: 0,49381,3,6,2,09,09,2,0,0,0,1,0,0,0,0
"POINT (7.087794126000060 51.465840927999999)",Unfall 49410 (2022) Kat:3, Licht: 2,49410,3,1,2,09,22,7,1,2,0,1,0,0,0,0
"POINT (7.043622089000050 51.426064553000103)",Unfall 49415 (2022) Kat:3, Licht: 0,49415,3,2,0,09,16,5,0,0,1,1,0,0,0,0
"POINT (7.054783286000030 51.431292870999997)",Unfall 49459 (2022) Kat:3, Licht: 0,49459,3,6,1,09,12,2,0,0,0,1,0,0,0,0
"POINT (7.037000914000030 51.444232249000002)",Unfall 49480 (2022) Kat:3, Licht: 0,49480,3,6,2,09,08,4,0,0,0,1,0,0,0,1
"POINT (6.977816553000030 51.461227419000103)",Unfall 49505 (2022) Kat:3, Licht: 0,49505,3,5,1,09,09,5,0,0,0,1,0,0,0,0
"POINT (7.008354017000040 51.507607548000102)",Unfall 49512 (2022) Kat:3, Licht: 0,49512,3,6,2,09,16,6,1,0,0,1,0,0,0,1
"POINT (7.004961543000040 51.459545900000101)",Unfall 49546 (2022) Kat:3, Licht: 0,49546,3,1,0,09,18,7,1,0,0,1,0,1,0,0
"POINT (7.015201317000050 51.484373215000097)",Unfall 49554 (2022) Kat:3, Licht: 0,49554,3,1,1,09,14,7,1,0,0,1,0,1,0,0
"POINT (7.040410760000040 51.410449212000103)",Unfall 49567 (2022) Kat:3, Licht: 0,49567,3,6,2,09,16,4,0,0,0,1,0,0,0,0
"POINT (6.996239781000040 51.436492024000103)",Unfall 49676 (2022) Kat:3, Licht: 0,49676,3,3,3,09,17,1,0,0,0,1,0,0,0,1
"POINT (7.047229886000030 51.495255759000003)",Unfall 49758 (2022) Kat:3, Licht: 0,49758,3,7,0,09,19,5,0,0,1,1,0,0,0,0
"POINT (7.077234935000040 51.464514405000003)",Unfall 49796 (2022) Kat:3, Licht: 0,49796,3,1,9,09,11,1,1,0,0,1,0,0,0,0
"POINT (7.029571018000070 51.451074986000002)",Unfall 49822 (2022) Kat:3, Licht: 0,49822,3,5,0,09,07,3,1,0,0,1,0,0,0,0
"POINT (7.106580820000030 51.471839183000000)",Unfall 49831 (2022) Kat:2, Licht: 0,49831,2,1,9,09,15,7,1,0,0,1,0,0,0,0
"POINT (6.971302315000060 51.444376637000097)",Unfall 49852 (2022) Kat:3, Licht: 2,49852,3,1,0,09,20,2,0,2,1,0,0,0,0,0
"POINT (7.022059979000060 51.440323433000103)",Unfall 49853 (2022) Kat:3, Licht: 0,49853,3,6,2,09,14,4,0,0,0,1,0,0,0,0
"POINT (6.964732898000020 51.459171390000101)",Unfall 49854 (2022) Kat:3, Licht: 0,49854,3,7,1,09,11,2,0,0,0,1,0,0,0,0
"POINT (7.028052950000070 51.452251138000101)",Unfall 49954 (2022) Kat:3, Licht: 0,49954,3,7,0,09,15,1,0,0,0,1,0,0,0,0
"POINT (7.063644422000040 51.484461839000097)",Unfall 49959 (2022) Kat:3, Licht: 0,49959,3,1,2,09,12,2,0,0,0,1,0,0,0,0
"POINT (7.058382691000080 51.461628280000099)",Unfall 50040 (2022) Kat:3, Licht: 0,50040,3,6,3,09,10,5,0,0,0,1,0,0,1,0
"POINT (7.014715103000070 51.460531662999998)",Unfall 50100 (2022) Kat:3, Licht: 0,50100,3,7,0,09,13,3,0,0,0,1,0,0,0,1
"POINT (7.007881833000060 51.505042740000100)",Unfall 50116 (2022) Kat:3, Licht: 0,50116,3,6,3,09,11,5,0,0,0,1,0,0,0,0
"POINT (7.017066849000060 51.454605772000001)",Unfall 50162 (2022) Kat:3, Licht: 0,50162,3,6,2,09,16,7,1,0,0,1,0,0,0,0
"POINT (7.007224887000060 51.517762431000101)",Unfall 50189 (2022) Kat:3, Licht: 0,50189,3,6,2,09,14,7,1,0,0,1,0,0,0,0
"POINT (7.086345648000080 51.441735015000098)",Unfall 50212 (2022) Kat:3, Licht: 0,50212,3,7,0,09,11,4,0,0,0,0,0,0,0,1
"POINT (7.020572666000020 51.510041725000100)",Unfall 50234 (2022) Kat:2, Licht: 0,50234,2,6,2,09,17,5,0,0,0,1,0,0,0,1
"POINT (6.999093813000060 51.423415347000102)",Unfall 50398 (2022) Kat:3, Licht: 1,50398,3,7,5,09,19,5,0,1,1,1,0,0,0,0
"POINT (6.999673782000060 51.484527365000098)",Unfall 50431 (2022) Kat:3, Licht: 0,50431,3,6,2,09,08,2,0,0,0,1,0,0,0,0
"POINT (7.035920005000040 51.448875389000101)",Unfall 50465 (2022) Kat:2, Licht: 0,50465,2,2,5,09,16,2,1,0,0,1,0,0,0,0
"POINT (6.951925187000030 51.495178129000102)",Unfall 50485 (2022) Kat:3, Licht: 0,50485,3,2,3,09,12,4,0,0,0,1,0,0,0,1
"POINT (7.039902513000070 51.463114468000100)",Unfall 50560 (2022) Kat:3, Licht: 0,50560,3,7,0,09,15,5,0,0,1,1,0,0,0,0
"POINT (7.025601406000020 51.420860922000003)",Unfall 50616 (2022) Kat:3, Licht: 2,50616,3,5,0,09,19,3,0,2,1,1,0,0,0,0
"POINT (6.997608454000040 51.492662505000098)",Unfall 50622 (2022) Kat:3, Licht: 0,50622,3,1,2,09,11,1,1,0,0,1,0,0,0,0
"POINT (7.022306545000050 51.443529357000003)",Unfall 50701 (2022) Kat:2, Licht: 0,50701,2,2,4,10,09,6,1,0,1,1,0,0,0,0
"POINT (7.050550391000060 51.490380640000097)",Unfall 50807 (2022) Kat:3, Licht: 0,50807,3,1,0,10,15,3,0,0,1,0,0,0,0,0
"POINT (6.991052556000060 51.503893890000001)",Unfall 50861 (2022) Kat:3, Licht: 0,50861,3,6,1,10,15,6,1,0,0,1,0,0,0,0
"POINT (6.995316308000040 51.454821007000099)",Unfall 50865 (2022) Kat:2, Licht: 0,50865,2,3,0,10,11,3,0,0,0,1,0,0,0,0
"POINT (7.031321135000040 51.460518808000103)",Unfall 50912 (2022) Kat:3, Licht: 1,50912,3,3,5,10,06,2,0,1,0,1,0,0,0,0
"POINT (7.000231020000060 51.444932463999997)",Unfall 50920 (2022) Kat:3, Licht: 2,50920,3,7,0,10,23,7,0,2,0,0,0,1,0,0
"POINT (7.073134948000070 51.423199984000100)",Unfall 50933 (2022) Kat:3, Licht: 0,50933,3,2,4,10,18,5,0,0,0,1,0,1,0,0
"POINT (7.022538153000030 51.457431806000002)",Unfall 50982 (2022) Kat:3, Licht: 0,50982,3,2,5,10,11,5,0,0,0,1,0,0,0,0
"POINT (7.018280498000020 51.468858310000002)",Unfall 50989 (2022) Kat:3, Licht: 2,50989,3,3,5,10,02,6,1,2,0,1,0,0,0,1
"POINT (7.015329685000040 51.461057567000097)",Unfall 51001 (2022) Kat:3, Licht: 0,51001,3,6,2,10,12,4,0,0,0,1,0,0,0,1