WKT,Name,OBJECTID,UKATEGORIE,UTYP1,UART,UMONAT,USTUNDE,UWOCHENTAG,STRZUSTAND,ULICHTVERH,ISTRAD,ISTPKW,ISTFUSS,ISTKRAD,ISTGKFZ,ISTSONSTIG
"POINT (6.981613812000030 51.412009173000101)",Unfall 56726 (2022) Kat:3, Licht: 2,56726,3,2,5,11,17,4,1,2,0,1,0,1,0,0
"POINT (7.000360906000030 51.483419085999998)",Unfall 56800 (2022) Kat:3, Licht: 2,56800,3,6,2,11,17,6,0,2,0,1,0,0,0,0
"POINT (6.989285991000030 51.453837241000002)",Unfall 56896 (2022) Kat:3, Licht: 2,56896,3,2,5,12,07,6,1,2,0,1,0,0,0,0
"POINT (7.007752084000060 51.468229968000102)",Unfall 56946 (2022) Kat:3, Licht: 2,56946,3,2,5,12,07,2,1,2,0,1,0,0,0,0
"POINT (7.004200005000030 51.460702814999998)",Unfall 56947 (2022) Kat:3, Licht: 0,56947,3,6,2,12,07,3,0,0,0,1,0,0,0,0
"POINT (7.007280259000030 51.508800973000099)",Unfall 56956 (2022) Kat:3, Licht: 2,56956,3,2,0,12,17,3,1,2,0,1,0,0,0,1
"POINT (7.024419009000040 51.420021028000100)",Unfall 56972 (2022) Kat:3, Licht: 0,56972,3,7,0,12,14,1,1,0,0,0,0,0,0,1
"POINT (7.034924015000060 51.444493874000003)",Unfall 56989 (2022) Kat:3, Licht: 0,56989,3,2,4,12,09,3,0,0,0,1,0,0,0,0
"POINT (7.096415925000030 51.470537474000103)",Unfall 57004 (2022) Kat:3, Licht: 2,57004,3,6,2,12,17,4,0,2,0,1,0,0,0,1
"POINT (6.963574244000030 51.427437177999998)",Unfall 57021 (2022) Kat:2, Licht: 2,57021,2,1,2,12,18,3,1,2,1,1,0,0,0,0
"POINT (7.037518420000030 51.448338473000000)",Unfall 57026 (2022) Kat:2, Licht: 1,57026,2,4,6,12,16,4,0,1,0,1,1,0,0,0
"POINT (7.036145129000030 51.453786552000103)",Unfall 57028 (2022) Kat:3, Licht: 2,57028,3,6,0,12,20,2,0,2,0,1,0,0,0,0
"POINT (6.967955716000060 51.485959808000104)",Unfall 57065 (2022) Kat:3, Licht: 0,57065,3,3,5,12,13,7,0,0,0,1,0,0,0,0
"POINT (6.951925187000030 51.495178129000102)",Unfall 57123 (2022) Kat:3, Licht: 0,57123,3,6,2,12,09,5,0,0,0,1,0,0,0,0
"POINT (7.022904864000050 51.419646546000102)",Unfall 57167 (2022) Kat:3, Licht: 1,57167,3,7,0,12,14,1,0,1,0,0,0,0,0,1
"POINT (6.963973821000020 51.475746259000097)",Unfall 57201 (2022) Kat:3, Licht: 2,57201,3,6,2,12,18,4,1,2,0,1,0,0,0,1
"POINT (7.044290679000030 51.426265144000098)",Unfall 57252 (2022) Kat:3, Licht: 0,57252,3,3,5,12,12,4,0,0,1,1,0,0,0,0
"POINT (7.026287399000070 51.434681816000101)",Unfall 57361 (2022) Kat:3, Licht: 2,57361,3,6,2,12,19,4,0,2,0,1,0,0,0,0
"POINT (7.074801008000070 51.450013157000100)",Unfall 57421 (2022) Kat:3, Licht: 2,57421,3,3,5,12,18,1,0,2,0,1,0,0,0,0
"POINT (7.024881093000030 51.420358542000002)",Unfall 57452 (2022) Kat:3, Licht: 2,57452,3,1,9,12,17,7,0,2,0,1,0,0,0,0
"POINT (7.001596292000040 51.481729891000001)",Unfall 57486 (2022) Kat:3, Licht: 2,57486,3,2,6,12,18,5,1,2,0,1,1,0,0,0
"POINT (7.015286071000050 51.444475381000103)",Unfall 57502 (2022) Kat:3, Licht: 0,57502,3,7,0,12,12,5,2,0,0,1,1,0,0,0
"POINT (7.004405775000070 51.434022994000003)",Unfall 57510 (2022) Kat:3, Licht: 2,57510,3,2,6,12,07,4,1,2,0,1,1,0,0,0
"POINT (7.015798005000020 51.456683255000002)",Unfall 57522 (2022) Kat:3, Licht: 2,57522,3,2,5,12,18,5,0,2,0,1,0,0,0,1
"POINT (7.055511065000080 51.461631803000003)",Unfall 57579 (2022) Kat:3, Licht: 0,57579,3,6,2,12,09,5,0,0,0,1,0,0,0,0
"POINT (7.008996964000060 51.484149289000101)",Unfall 57607 (2022) Kat:3, Licht: 2,57607,3,7,0,12,18,3,0,2,0,1,0,0,0,1
"POINT (7.009462048000050 51.486485662000099)",Unfall 57646 (2022) Kat:3, Licht: 2,57646,3,2,6,12,19,3,1,2,0,1,1,0,0,0
"POINT (6.990742268000080 51.436264849000104)",Unfall 57713 (2022) Kat:3, Licht: 0,57713,3,7,6,12,12,6,0,0,0,1,1,0,0,0
"POINT (6.952166441000030 51.480871493999999)",Unfall 57804 (2022) Kat:3, Licht: 2,57804,3,5,1,12,18,2,0,2,0,1,0,0,0,0
"POINT (7.032738049000050 51.459162536000100)",Unfall 57855 (2022) Kat:3, Licht: 1,57855,3,4,6,12,07,2,1,1,0,1,1,0,0,0
"POINT (6.997446136000060 51.504826797000099)",Unfall 57857 (2022) Kat:2, Licht: 2,57857,2,6,2,12,17,5,2,2,0,1,0,0,0,0
"POINT (7.063747705000030 51.463673335000102)",Unfall 57893 (2022) Kat:3, Licht: 2,57893,3,6,2,12,17,6,0,2,0,1,0,0,0,0
"POINT (7.025848581000050 51.385606963000001)",Unfall 57920 (2022) Kat:3, Licht: 0,57920,3,2,5,12,08,5,1,0,0,1,0,0,0,1
"POINT (6.966325928000060 51.448780436000000)",Unfall 57936 (2022) Kat:3, Licht: 2,57936,3,2,6,12,07,5,0,2,0,1,1,0,0,0
"POINT (6.939967291000070 51.368560016000103)",Unfall 57974 (2022) Kat:3, Licht: 0,57974,3,2,6,12,08,3,1,0,0,1,1,0,0,0
"POINT (6.950958424000020 51.486918496999998)",Unfall 57983 (2022) Kat:3, Licht: 1,57983,3,2,9,12,16,3,1,1,0,1,0,1,0,0
"POINT (7.004332254000080 51.456498986000000)",Unfall 58050 (2022) Kat:2, Licht: 2,58050,2,3,5,12,17,4,0,2,0,1,0,0,0,1
"POINT (6.966174256000040 51.441887239000003)",Unfall 58052 (2022) Kat:3, Licht: 0,58052,3,6,2,12,14,2,0,0,0,1,0,0,0,0
"POINT (7.085046561000070 51.390912497000002)",Unfall 58097 (2022) Kat:3, Licht: 2,58097,3,2,6,12,07,5,1,2,0,1,1,0,0,0
"POINT (6.989784088000020 51.383118516000103)",Unfall 58196 (2022) Kat:2, Licht: 1,58196,2,1,8,12,16,1,0,1,0,1,0,0,0,0
"POINT (6.980187509000070 51.460672789000100)",Unfall 58258 (2022) Kat:3, Licht: 0,58258,3,2,5,12,15,7,0,0,0,1,0,0,0,0
"POINT (6.984963588000030 51.449735466000000)",Unfall 58298 (2022) Kat:3, Licht: 2,58298,3,1,0,12,20,1,1,2,0,0,0,0,0,1
"POINT (7.076459372000040 51.450610950000097)",Unfall 58316 (2022) Kat:3, Licht: 0,58316,3,6,1,12,12,2,1,0,0,1,0,0,0,0
"POINT (7.007078395000060 51.511426493000002)",Unfall 58318 (2022) Kat:3, Licht: 2,58318,3,2,4,12,17,3,1,2,0,1,0,0,0,0
"POINT (6.975126320000070 51.432907958999998)",Unfall 58324 (2022) Kat:3, Licht: 2,58324,3,2,6,12,07,3,1,2,0,1,1,0,0,0
"POINT (7.022578879000040 51.436921247999997)",Unfall 58330 (2022) Kat:3, Licht: 2,58330,3,2,5,12,17,4,0,2,1,1,0,0,0,0
"POINT (6.980458132000020 51.488857684999999)",Unfall 58341 (2022) Kat:3, Licht: 2,58341,3,2,6,12,17,3,1,2,0,0,1,0,1,0
"POINT (7.087712502000040 51.466684636000103)",Unfall 58399 (2022) Kat:3, Licht: 0,58399,3,3,5,12,15,4,1,0,0,1,0,0,1,0
"POINT (7.001280554000060 51.465042292000099)",Unfall 58406 (2022) Kat:3, Licht: 0,58406,3,6,1,12,14,5,2,0,0,1,0,0,0,0
"POINT (7.027198819000030 51.452452706000003)",Unfall 58418 (2022) Kat:3, Licht: 2,58418,3,7,0,12,19,2,0,2,0,0,0,0,0,1
"POINT (6.969977887000030 51.478037401000101)",Unfall 58430 (2022) Kat:3, Licht: 2,58430,3,4,6,12,18,5,0,2,0,1,1,0,0,0
"POINT (7.008354017000040 51.507607548000102)",Unfall 58452 (2022) Kat:3, Licht: 0,58452,3,6,2,12,07,3,0,0,0,1,0,0,0,0
"POINT (7.004800107000050 51.440772994000000)",Unfall 58552 (2022) Kat:3, Licht: 0,58552,3,1,9,12,10,5,1,0,0,1,0,0,0,0
"POINT (7.008567245000050 51.433607263000098)",Unfall 58554 (2022) Kat:3, Licht: 0,58554,3,3,5,12,11,1,1,0,0,1,0,0,0,0
"POINT (6.995798714000050 51.480448694000103)",Unfall 58560 (2022) Kat:3, Licht: 0,58560,3,5,0,12,15,4,1,0,0,1,0,0,0,1
"POINT (7.064178942000070 51.486372803999998)",Unfall 58590 (2022) Kat:3, Licht: 2,58590,3,5,1,12,22,4,0,2,0,1,0,0,0,0
"POINT (7.021576702000060 51.497148955999997)",Unfall 58656 (2022) Kat:3, Licht: 2,58656,3,2,6,12,06,4,1,2,0,1,1,0,0,0
"POINT (7.016928726000060 51.454864043000001)",Unfall 58658 (2022) Kat:3, Licht: 2,58658,3,3,5,12,17,7,0,2,0,1,0,0,0,0
"POINT (6.962102775000060 51.448304317000101)",Unfall 58667 (2022) Kat:3, Licht: 0,58667,3,1,0,12,13,3,0,0,0,0,0,1,0,0
"POINT (6.912011213000030 51.475820642000002)",Unfall 58700 (2022) Kat:3, Licht: 2,58700,3,2,2,12,20,1,1,2,0,1,0,0,0,0
"POINT (7.006345765000050 51.477176515000103)",Unfall 58853 (2022) Kat:3, Licht: 2,58853,3,6,3,12,06,3,0,2,0,1,0,0,1,0
"POINT (6.981377697000030 51.476570356000103)",Unfall 58903 (2022) Kat:3, Licht: 2,58903,3,7,6,12,17,6,1,2,0,1,1,0,0,0
"POINT (7.007957389000070 51.449533655000003)",Unfall 58997 (2022) Kat:3, Licht: 0,58997,3,2,5,12,09,6,1,0,0,1,0,0,0,0
"POINT (6.979454046000060 51.483258141000100)",Unfall 59144 (2022) Kat:3, Licht: 0,59144,3,6,2,12,12,6,1,0,0,1,0,0,0,0
"POINT (7.007489835000060 51.449402324000097)",Unfall 59256 (2022) Kat:3, Licht: 2,59256,3,4,6,12,07,6,1,2,0,1,1,0,0,0
"POINT (7.036821460000060 51.444561339000103)",Unfall 59412 (2022) Kat:3, Licht: 0,59412,3,3,0,12,10,5,1,0,0,1,0,1,0,0
"POINT (6.957365944000060 51.477958570000098)",Unfall 59419 (2022) Kat:3, Licht: 2,59419,3,4,6,12,17,6,1,2,0,1,1,0,0,0
"POINT (6.979454046000060 51.483258141000100)",Unfall 59457 (2022) Kat:3, Licht: 2,59457,3,6,3,12,06,6,1,2,1,0,0,0,0,1
"POINT (7.080807406000080 51.464825645000097)",Unfall 59504 (2022) Kat:3, Licht: 2,59504,3,1,9,12,02,5,1,2,0,1,0,0,0,0
"POINT (6.997634534000040 51.446657805000001)",Unfall 59651 (2022) Kat:3, Licht: 0,59651,3,6,2,02,14,2,0,0,0,1,0,0,1,1
"POINT (7.015990401000070 51.454657359000102)",Unfall 59715 (2022) Kat:3, Licht: 0,59715,3,3,5,12,15,2,1,0,0,1,0,0,0,1
"POINT (6.986242950000080 51.444952193000098)",Unfall 59740 (2022) Kat:3, Licht: 0,59740,3,6,2,01,13,6,0,0,0,1,0,0,0,0
"POINT (6.959213971000050 51.440734446000100)",Unfall 59744 (2022) Kat:2, Licht: 0,59744,2,6,2,12,15,7,0,0,0,1,0,0,0,0
"POINT (6.940122622000050 51.462410523000102)",Unfall 59798 (2022) Kat:3, Licht: 2,59798,3,3,5,12,19,5,1,2,0,1,0,0,0,0
"POINT (7.007980759000080 51.459960336000101)",Unfall 59862 (2022) Kat:3, Licht: 2,59862,3,4,6,12,16,6,1,2,0,1,1,0,0,0
"POINT (7.091298518000030 51.467376350000102)",Unfall 59951 (2022) Kat:3, Licht: 2,59951,3,1,9,12,22,4,1,2,0,1,0,0,0,0
"POINT (6.992475268000020 51.411516533000103)",Unfall 59987 (2022) Kat:2, Licht: 0,59987,2,1,8,12,13,5,1,0,0,1,0,0,0,0
"POINT (6.954617618000040 51.462982289000102)",Unfall 60060 (2022) Kat:3, Licht: 2,60060,3,4,6,12,17,5,1,2,0,1,1,0,0,0
"POINT (6.908066457000070 51.483302035000101)",Unfall 166158 (2022) Kat:3, Licht: 2,166158,3,1,1,01,17,2,0,2,0,1,0,0,0,0
"POINT (6.986491262000070 51.445060662000103)",Unfall 166244 (2022) Kat:3, Licht: 2,166244,3,6,2,01,20,6,0,2,0,1,0,0,0,0
"POINT (7.016884528000050 51.442909585999999)",Unfall 166490 (2022) Kat:3, Licht: 0,166490,3,7,0,01,15,4,0,0,0,0,0,0,0,1
"POINT (6.969768105000070 51.479990467999997)",Unfall 166555 (2022) Kat:3, Licht: 2,166555,3,7,0,01,20,2,2,2,1,0,1,0,0,0
"POINT (7.023352297000030 51.488275542000103)",Unfall 166584 (2022) Kat:3, Licht: 2,166584,3,7,8,01,17,7,1,2,0,1,0,0,0,1
"POINT (6.987435406000030 51.415687816999998)",Unfall 166596 (2022) Kat:3, Licht: 0,166596,3,7,0,01,09,5,2,0,1,0,0,0,0,0
"POINT (7.034173264000060 51.455438487000002)",Unfall 166644 (2022) Kat:3, Licht: 0,166644,3,2,5,01,15,5,0,0,0,1,0,0,0,0
"POINT (7.062646919000030 51.397454187999998)",Unfall 166795 (2022) Kat:3, Licht: 2,166795,3,7,0,01,07,2,2,2,1,0,0,0,0,0
"POINT (6.977610957000020 51.429940348999999)",Unfall 166962 (2022) Kat:3, Licht: 0,166962,3,1,0,01,12,7,1,0,1,0,0,0,0,0
"POINT (7.013785631000080 51.469295483000103)",Unfall 167011 (2022) Kat:3, Licht: 0,167011,3,1,0,01,09,7,2,0,0,0,0,1,0,0
"POINT (6.990643654000050 51.447439056000100)",Unfall 167076 (2022) Kat:3, Licht: 0,167076,3,2,5,01,14,5,1,0,0,1,0,0,0,0
"POINT (6.959179368000040 51.448930529999998)",Unfall 167164 (2022) Kat:2, Licht: 2,167164,2,7,9,01,18,2,0,2,0,1,0,0,0,0
"POINT (7.009186231000060 51.465049722000103)",Unfall 167188 (2022) Kat:3, Licht: 0,167188,3,6,2,01,11,5,0,0,0,1,0,0,0,0
"POINT (6.979167635000070 51.484422551000101)",Unfall 167255 (2022) Kat:3, Licht: 2,167255,3,6,1,01,17,5,0,2,0,1,0,0,0,0
"POINT (6.997539090000030 51.485596313000002)",Unfall 167379 (2022) Kat:3, Licht: 0,167379,3,6,2,01,14,4,1,0,0,1,0,1,0,0
"POINT (7.022271033000040 51.449021710000103)",Unfall 167394 (2022) Kat:3, Licht: 0,167394,3,7,0,01,09,2,2,0,1,0,0,0,0,0
"POINT (6.941432292000060 51.454663577000098)",Unfall 167579 (2022) Kat:3, Licht: 1,167579,3,3,5,01,16,7,1,1,0,1,0,0,0,0
"POINT (6.964048725000050 51.477045381000003)",Unfall 167663 (2022) Kat:3, Licht: 2,167663,3,2,6,01,07,3,1,2,0,1,1,0,0,0
"POINT (6.965129666000050 51.453085847000096)",Unfall 167722 (2022) Kat:3, Licht: 2,167722,3,1,0,01,19,6,0,2,0,1,0,0,0,0
"POINT (7.005543574000060 51.437690715000002)",Unfall 167798 (2022) Kat:2, Licht: 0,167798,2,7,0,01,11,7,1,0,0,0,0,0,0,1
"POINT (7.030705565000060 51.437161932000002)",Unfall 167800 (2022) Kat:1, Licht: 2,167800,1,4,6,02,17,6,1,2,0,1,1,0,0,0
"POINT (6.914291952000040 51.474636168000103)",Unfall 167826 (2022) Kat:3, Licht: 2,167826,3,7,0,01,18,1,0,2,0,1,1,0,0,0
"POINT (7.015865994000020 51.380843257999999)",Unfall 167836 (2022) Kat:3, Licht: 0,167836,3,7,6,02,15,4,0,0,1,0,1,0,0,0
"POINT (7.028168951000050 51.463418370000099)",Unfall 167841 (2022) Kat:3, Licht: 2,167841,3,6,9,02,21,5,0,2,0,1,0,0,1,0
"POINT (7.030342995000070 51.458999353000102)",Unfall 167850 (2022) Kat:3, Licht: 1,167850,3,3,5,01,17,7,1,1,0,1,0,0,0,0
"POINT (6.962166895000050 51.485976555999997)",Unfall 167882 (2022) Kat:3, Licht: 0,167882,3,6,1,01,11,2,1,0,0,1,0,0,0,0
"POINT (7.005379119000050 51.437650587000100)",Unfall 167899 (2022) Kat:3, Licht: 0,167899,3,4,6,01,15,5,1,0,0,1,1,0,0,0
"POINT (7.081481847000020 51.391143333999999)",Unfall 167982 (2022) Kat:3, Licht: 0,167982,3,4,6,01,08,6,1,0,0,1,1,0,0,0
"POINT (7.019692882000070 51.441521608000102)",Unfall 167987 (2022) Kat:3, Licht: 1,167987,3,6,2,02,07,3,1,1,1,1,0,0,0,0
"POINT (7.078408987000050 51.455232065000096)",Unfall 168112 (2022) Kat:3, Licht: 0,168112,3,4,6,01,12,7,1,0,0,1,1,0,0,0
"POINT (6.980458132000020 51.488857684999999)",Unfall 168189 (2022) Kat:3, Licht: 2,168189,3,1,0,01,22,5,0,2,1,0,0,0,0,0
"POINT (6.988599594000050 51.459548690000098)",Unfall 168371 (2022) Kat:2, Licht: 2,168371,2,7,0,02,15,7,0,2,0,0,0,0,0,1
"POINT (6.993150321000030 51.433096297000098)",Unfall 168395 (2022) Kat:3, Licht: 2,168395,3,3,5,01,07,5,0,2,1,1,0,0,0,0
"POINT (7.057076000000050 51.457495754000000)",Unfall 168405 (2022) Kat:2, Licht: 2,168405,2,6,5,01,22,6,0,2,0,1,0,1,0,0
"POINT (7.016456806000060 51.443082738999998)",Unfall 168461 (2022) Kat:3, Licht: 0,168461,3,4,6,01,11,6,2,0,0,1,1,0,0,0
"POINT (6.906414913000050 51.480535384000099)",Unfall 168484 (2022) Kat:3, Licht: 0,168484,3,7,6,02,11,4,0,0,0,1,1,0,0,0
"POINT (6.941655696000050 51.474525519000103)",Unfall 168536 (2022) Kat:3, Licht: 0,168536,3,3,5,02,15,4,0,0,0,1,0,1,0,0
"POINT (7.065896984000060 51.490343102000097)",Unfall 168559 (2022) Kat:3, Licht: 0,168559,3,2,4,01,10,3,1,0,1,1,0,0,0,0
"POINT (7.022512183000060 51.455112075999999)",Unfall 168560 (2022) Kat:3, Licht: 0,168560,3,7,0,01,16,5,0,0,1,0,0,0,0,0
"POINT (7.026751663000030 51.422752017000100)",Unfall 168562 (2022) Kat:3, Licht: 0,168562,3,5,0,01,12,1,1,0,0,1,0,0,0,0
"POINT (7.015219051000030 51.454635279999998)",Unfall 168616 (2022) Kat:3, Licht: 2,168616,3,3,5,02,17,3,1,2,1,1,0,0,0,0
"POINT (7.045182296000060 51.473911405000102)",Unfall 168631 (2022) Kat:3, Licht: 0,168631,3,7,1,01,11,2,1,0,0,1,0,0,0,0
"POINT (7.012649959000040 51.461943249999997)",Unfall 168734 (2022) Kat:3, Licht: 0,168734,3,6,3,02,15,3,0,0,0,1,0,0,0,0
"POINT (6.964110430000060 51.403808974000100)",Unfall 168735 (2022) Kat:3, Licht: 0,168735,3,3,5,03,12,4,0,0,0,1,0,1,0,0
"POINT (7.040220524000060 51.499054792999999)",Unfall 168737 (2022) Kat:2, Licht: 0,168737,2,7,0,02,14,7,0,0,0,0,0,1,0,0
"POINT (6.963161656000070 51.469926446000002)",Unfall 168750 (2022) Kat:3, Licht: 0,168750,3,7,0,02,07,2,0,0,0,1,1,0,0,0
"POINT (6.984004743000070 51.450516088000001)",Unfall 168766 (2022) Kat:3, Licht: 0,168766,3,6,1,02,11,2,0,0,0,1,0,0,0,0
"POINT (6.940608123000060 51.463976925000097)",Unfall 168777 (2022) Kat:3, Licht: 1,168777,3,3,5,02,17,5,1,1,0,1,0,0,0,0
"POINT (7.002246036000030 51.439539166000003)",Unfall 168778 (2022) Kat:3, Licht: 2,168778,3,3,5,02,00,3,1,2,0,1,0,0,0,0
"POINT (7.086603788000050 51.443459344000097)",Unfall 168805 (2022) Kat:3, Licht: 0,168805,3,1,2,02,15,1,0,0,1,0,0,0,0,0
"POINT (7.019578021000030 51.459906865999997)",Unfall 168862 (2022) Kat:3, Licht: 0,168862,3,7,0,02,11,5,0,0,0,0,0,0,0,1
"POINT (6.960123614000050 51.479588102999998)",Unfall 168980 (2022) Kat:3, Licht: 0,168980,3,7,0,02,13,5,1,0,0,0,0,0,0,1
"POINT (6.943204070000040 51.477716572000098)",Unfall 168982 (2022) Kat:3, Licht: 0,168982,3,7,0,02,13,3,0,0,0,1,0,0,0,0
"POINT (6.959595523000080 51.473908082999998)",Unfall 169000 (2022) Kat:3, Licht: 0,169000,3,2,0,03,08,2,0,0,0,0,0,1,0,0
"POINT (7.042934747000060 51.500581440000097)",Unfall 169029 (2022) Kat:3, Licht: 0,169029,3,7,0,02,15,6,0,0,0,0,0,0,0,1
"POINT (7.067319752000060 51.402427228000100)",Unfall 169049 (2022) Kat:3, Licht: 2,169049,3,3,5,02,06,4,1,2,1,1,0,0,0,0
"POINT (7.004589820000040 51.486141107999998)",Unfall 169057 (2022) Kat:3, Licht: 0,169057,3,7,0,02,09,4,0,0,1,1,0,0,0,0
"POINT (7.016127524000070 51.459008226000002)",Unfall 169085 (2022) Kat:3, Licht: 2,169085,3,7,0,02,19,2,1,2,1,0,0,0,0,0
"POINT (7.033112292000060 51.436554673000003)",Unfall 169131 (2022) Kat:3, Licht: 2,169131,3,7,6,03,22,3,0,2,0,0,1,0,0,1
"POINT (6.981181588000030 51.454024617000101)",Unfall 169140 (2022) Kat:3, Licht: 0,169140,3,2,6,02,13,5,1,0,0,1,1,0,0,0
"POINT (7.046586425000040 51.497100891999999)",Unfall 169167 (2022) Kat:3, Licht: 2,169167,3,2,6,02,19,4,1,2,0,1,1,0,0,0
"POINT (6.972646268000060 51.488550015000001)",Unfall 169178 (2022) Kat:3, Licht: 0,169178,3,6,2,02,15,7,0,0,0,1,0,0,0,0
"POINT (7.016911047000060 51.385969573000096)",Unfall 169223 (2022) Kat:3, Licht: 0,169223,3,7,0,03,12,5,0,0,0,1,0,0,0,0
"POINT (7.006331892000050 51.394511010000002)",Unfall 169255 (2022) Kat:3, Licht: 0,169255,3,1,1,02,16,4,0,0,0,1,0,1,0,0
"POINT (6.940954149000050 51.362538993999998)",Unfall 169293 (2022) Kat:3, Licht: 0,169293,3,7,7,02,09,4,1,0,0,1,0,0,0,0
"POINT (7.003081423000030 51.496263337000102)",Unfall 169321 (2022) Kat:3, Licht: 0,169321,3,3,5,02,14,6,0,0,0,1,0,0,0,0
"POINT (6.981477213000060 51.462127216000098)",Unfall 169384 (2022) Kat:3, Licht: 2,169384,3,2,6,02,20,3,1,2,0,1,1,0,0,0
"POINT (6.935294336000030 51.486197850000103)",Unfall 169399 (2022) Kat:3, Licht: 0,169399,3,4,6,02,13,6,1,0,0,1,1,0,0,0
"POINT (6.936337572000070 51.368614874000102)",Unfall 169448 (2022) Kat:3, Licht: 0,169448,3,7,1,03,17,7,0,0,0,1,0,0,0,1
"POINT (7.016702965000040 51.474995917999998)",Unfall 169493 (2022) Kat:3, Licht: 1,169493,3,3,5,03,17,3,0,1,0,1,0,0,0,0
"POINT (7.088714347000060 51.449056857000102)",Unfall 169499 (2022) Kat:2, Licht: 2,169499,2,7,9,02,18,1,1,2,0,1,0,0,0,0
"POINT (7.033386985000050 51.436134014000103)",Unfall 169547 (2022) Kat:3, Licht: 2,169547,3,7,9,02,05,4,1,2,0,1,0,0,0,0
"POINT (7.008354562000020 51.489930612000101)",Unfall 169570 (2022) Kat:3, Licht: 0,169570,3,4,6,02,06,4,0,0,0,1,1,0,0,0
"POINT (7.002285886000040 51.454661823999999)",Unfall 169603 (2022) Kat:3, Licht: 2,169603,3,3,3,03,19,6,0,2,1,1,0,0,0,0
"POINT (7.006478942000060 51.451528857000000)",Unfall 169605 (2022) Kat:3, Licht: 2,169605,3,2,5,02,23,6,1,2,0,1,0,0,0,0
"POINT (6.981325695000070 51.444378665000002)",Unfall 169607 (2022) Kat:3, Licht: 0,169607,3,3,5,03,13,2,0,0,1,1,0,0,0,0
"POINT (6.973567067000030 51.447895017000100)",Unfall 169625 (2022) Kat:3, Licht: 0,169625,3,3,0,02,10,7,0,0,0,0,0,1,0,0
"POINT (6.982269805000040 51.453246976999999)",Unfall 169634 (2022) Kat:3, Licht: 0,169634,3,2,5,02,12,5,0,0,0,1,0,0,0,0
"POINT (7.024681035000070 51.496643903000098)",Unfall 169745 (2022) Kat:3, Licht: 0,169745,3,6,2,03,18,7,0,0,0,1,0,0,0,0
"POINT (7.002465551000060 51.426776148000002)",Unfall 169749 (2022) Kat:2, Licht: 0,169749,2,7,8,03,16,5,0,0,0,1,0,0,0,0
"POINT (7.003473215000040 51.481617430000000)",Unfall 169754 (2022) Kat:3, Licht: 0,169754,3,4,0,03,10,1,0,0,0,1,1,0,0,0
"POINT (7.005083753000060 51.451423140000003)",Unfall 169756 (2022) Kat:3, Licht: 2,169756,3,5,0,03,05,1,0,2,0,1,0,0,0,1
"POINT (7.012727216000030 51.437947932999997)",Unfall 169850 (2022) Kat:3, Licht: 0,169850,3,7,0,03,16,4,0,0,0,0,0,0,0,1
"POINT (7.015782327000070 51.470556297000002)",Unfall 169861 (2022) Kat:3, Licht: 0,169861,3,3,5,03,14,2,0,0,0,1,0,0,0,1
"POINT (6.971140248000040 51.488402241000102)",Unfall 169891 (2022) Kat:3, Licht: 0,169891,3,3,5,03,14,2,0,0,0,1,0,0,0,0
"POINT (6.999346904000050 51.437873799000002)",Unfall 169893 (2022) Kat:3, Licht: 0,169893,3,5,0,03,12,3,0,0,0,1,0,0,0,0
"POINT (7.014917323000020 51.452382279000098)",Unfall 169908 (2022) Kat:3, Licht: 0,169908,3,7,8,03,11,5,0,0,0,1,0,0,0,0
"POINT (7.117169084000070 51.410613995000098)",Unfall 169981 (2022) Kat:3, Licht: 0,169981,3,2,4,03,16,6,0,0,1,1,0,0,0,0
"POINT (6.961638538000050 51.461897933000003)",Unfall 170034 (2022) Kat:3, Licht: 0,170034,3,1,8,03,13,4,0,0,0,0,0,1,0,0
"POINT (7.007500555000040 51.459493174999999)",Unfall 170215 (2022) Kat:3, Licht: 0,170215,3,7,0,03,15,6,0,0,1,0,0,0,0,0
"POINT (6.922947758000020 51.457646558000100)",Unfall 170217 (2022) Kat:3, Licht: 0,170217,3,7,0,03,11,4,0,0,0,1,0,0,0,0
"POINT (6.980212061000030 51.497854538000098)",Unfall 170319 (2022) Kat:3, Licht: 2,170319,3,3,5,03,22,1,0,2,0,1,0,0,0,0
"POINT (6.981692236000070 51.453349787999997)",Unfall 170324 (2022) Kat:3, Licht: 0,170324,3,1,8,03,10,5,1,0,0,1,0,0,0,0
"POINT (7.004220676000050 51.506617323999997)",Unfall 170359 (2022) Kat:3, Licht: 0,170359,3,3,5,03,12,5,0,0,1,1,0,0,0,0
"POINT (7.030200468000030 51.496703433999997)",Unfall 170367 (2022) Kat:3, Licht: 0,170367,3,7,0,03,12,6,0,0,0,0,0,0,0,1
"POINT (7.001558114000030 51.391417766000103)",Unfall 170419 (2022) Kat:3, Licht: 0,170419,3,5,1,03,09,4,0,0,1,1,0,0,0,0
"POINT (6.976182853000070 51.465806737000001)",Unfall 170422 (2022) Kat:3, Licht: 0,170422,3,6,4,03,14,1,1,0,1,0,0,0,0,0