WKT,Name,OBJECTID,UKATEGORIE,UTYP1,UART,UMONAT,USTUNDE,UWOCHENTAG,STRZUSTAND,ULICHTVERH,ISTRAD,ISTPKW,ISTFUSS,ISTKRAD,ISTGKFZ,ISTSONSTIG
"POINT (7.054093750000050 51.485634322000102)",Unfall 170441 (2022) Kat:3, Licht: 0,170441,3,4,0,03,07,3,0,0,0,1,1,0,0,0
"POINT (7.023617662000050 51.453014374000098)",Unfall 170478 (2022) Kat:2, Licht: 2,170478,2,3,5,03,20,2,0,2,0,1,0,0,0,0
"POINT (7.005687532000020 51.453024841999998)",Unfall 170510 (2022) Kat:3, Licht: 0,170510,3,4,0,03,10,2,0,0,0,0,1,0,0,1
"POINT (6.932579479000030 51.353192489999998)",Unfall 170516 (2022) Kat:2, Licht: 0,170516,2,1,0,03,12,5,0,0,1,0,0,0,0,0
"POINT (6.983107682000020 51.466056739000102)",Unfall 170531 (2022) Kat:3, Licht: 2,170531,3,7,8,03,01,7,0,2,0,1,0,0,0,0
"POINT (6.993150321000030 51.433096297000098)",Unfall 170534 (2022) Kat:3, Licht: 0,170534,3,3,5,03,13,5,0,0,0,1,0,0,0,0
"POINT (7.004881214000020 51.495663794999999)",Unfall 170626 (2022) Kat:3, Licht: 0,170626,3,2,5,03,14,5,0,0,0,1,0,1,0,0
"POINT (7.005715548000070 51.511126376999997)",Unfall 170665 (2022) Kat:3, Licht: 0,170665,3,6,0,03,10,6,0,0,1,0,0,0,0,0
"POINT (6.978806282000050 51.458459670000103)",Unfall 170753 (2022) Kat:3, Licht: 0,170753,3,4,6,04,13,1,0,0,0,1,1,0,0,0
"POINT (7.034173264000060 51.455438487000002)",Unfall 170759 (2022) Kat:3, Licht: 0,170759,3,4,6,04,18,6,0,0,0,1,1,0,0,0
"POINT (7.009285912000050 51.436069347000100)",Unfall 170763 (2022) Kat:3, Licht: 0,170763,3,7,0,04,10,7,1,0,0,0,0,1,0,1
"POINT (7.013016687000060 51.439590345000099)",Unfall 170848 (2022) Kat:3, Licht: 0,170848,3,2,0,04,19,5,0,0,0,1,0,1,0,0
"POINT (7.003493807000040 51.430458969000000)",Unfall 170858 (2022) Kat:3, Licht: 2,170858,3,6,2,04,21,4,0,2,0,1,0,0,0,0
"POINT (7.045003889000040 51.501236067999997)",Unfall 170897 (2022) Kat:3, Licht: 0,170897,3,1,1,03,10,5,0,0,1,1,0,0,0,0
"POINT (6.973570031000070 51.456685805000099)",Unfall 170902 (2022) Kat:3, Licht: 0,170902,3,3,5,04,07,3,0,0,1,1,0,0,0,0
"POINT (6.947447560000060 51.480340550000101)",Unfall 170906 (2022) Kat:3, Licht: 0,170906,3,1,0,04,17,1,0,0,1,0,0,0,0,0
"POINT (7.066859402000030 51.415240412999999)",Unfall 170911 (2022) Kat:2, Licht: 0,170911,2,1,9,04,18,7,0,0,0,1,0,1,0,0
"POINT (7.010517640000050 51.441376392000102)",Unfall 170995 (2022) Kat:3, Licht: 0,170995,3,2,5,04,18,4,0,0,1,1,0,0,0,0
"POINT (7.063874537000060 51.407541686000101)",Unfall 171022 (2022) Kat:3, Licht: 0,171022,3,7,5,04,16,4,0,0,1,1,0,0,0,0
"POINT (6.971140248000040 51.488402241000102)",Unfall 171078 (2022) Kat:3, Licht: 1,171078,3,2,5,04,06,5,1,1,1,0,0,0,1,0
"POINT (7.058450518000030 51.475229107000096)",Unfall 171120 (2022) Kat:3, Licht: 0,171120,3,4,6,04,10,5,0,0,0,1,1,0,0,0
"POINT (7.005917479000060 51.489970721000098)",Unfall 171196 (2022) Kat:3, Licht: 0,171196,3,6,0,04,11,7,1,0,0,0,0,1,0,1
"POINT (7.087874366000050 51.395164889999997)",Unfall 171212 (2022) Kat:3, Licht: 0,171212,3,2,6,04,14,6,0,0,0,1,1,0,0,0
"POINT (7.066185254000060 51.403557244000098)",Unfall 171244 (2022) Kat:3, Licht: 0,171244,3,4,6,04,15,6,0,0,0,1,1,0,0,0
"POINT (6.976488694000070 51.445066261000100)",Unfall 171274 (2022) Kat:3, Licht: 0,171274,3,7,5,04,08,5,0,0,1,1,0,0,0,0
"POINT (7.013695969000030 51.461760572000102)",Unfall 171314 (2022) Kat:3, Licht: 0,171314,3,3,5,03,10,3,0,0,1,1,0,0,0,0
"POINT (6.940117915000030 51.362633412000001)",Unfall 171319 (2022) Kat:3, Licht: 0,171319,3,1,9,04,14,2,0,0,0,1,0,0,0,0
"POINT (6.985549877000040 51.493693039999997)",Unfall 171348 (2022) Kat:3, Licht: 2,171348,3,3,5,04,21,6,1,2,0,1,0,0,0,0
"POINT (7.014149355000030 51.440413901000099)",Unfall 171367 (2022) Kat:3, Licht: 0,171367,3,3,5,04,17,7,0,0,0,1,0,0,0,0
"POINT (7.007113439000020 51.454622911000101)",Unfall 171388 (2022) Kat:2, Licht: 0,171388,2,1,0,03,17,2,0,0,1,0,0,0,0,0
"POINT (6.987589713000030 51.442147685000101)",Unfall 171423 (2022) Kat:3, Licht: 2,171423,3,1,0,04,04,6,1,2,0,0,0,0,0,1
"POINT (7.093463681000060 51.472618509000000)",Unfall 171431 (2022) Kat:3, Licht: 0,171431,3,7,6,04,15,7,0,0,0,0,1,0,0,1
"POINT (7.015893688000060 51.441476369999997)",Unfall 171462 (2022) Kat:3, Licht: 0,171462,3,1,0,04,16,1,0,0,1,0,0,0,0,0
"POINT (7.081343128000070 51.392124461000002)",Unfall 171547 (2022) Kat:3, Licht: 0,171547,3,1,0,03,16,2,0,0,1,0,0,0,0,0
"POINT (7.078369249000050 51.458050494000098)",Unfall 171550 (2022) Kat:3, Licht: 0,171550,3,7,0,04,13,4,0,0,0,1,1,0,0,0
"POINT (7.075471900000030 51.446965685000102)",Unfall 171586 (2022) Kat:2, Licht: 0,171586,2,4,0,04,12,3,0,0,0,0,1,1,0,0
"POINT (7.058162458000030 51.397747670999998)",Unfall 171695 (2022) Kat:3, Licht: 0,171695,3,5,1,04,16,2,0,0,1,1,0,0,0,0
"POINT (6.998717596000060 51.419086037000099)",Unfall 171705 (2022) Kat:2, Licht: 0,171705,2,1,0,04,14,2,1,0,1,0,0,0,0,0
"POINT (7.032895457000050 51.476814316000102)",Unfall 171769 (2022) Kat:3, Licht: 0,171769,3,5,1,04,11,3,0,0,0,1,0,0,0,0
"POINT (6.953379746000050 51.476745168999997)",Unfall 171773 (2022) Kat:1, Licht: 0,171773,1,7,0,04,19,1,0,0,0,1,0,0,0,0
"POINT (7.002754900000070 51.431271000999999)",Unfall 171775 (2022) Kat:2, Licht: 2,171775,2,1,0,04,22,4,0,2,1,0,0,0,0,0
"POINT (7.014303323000040 51.454111730000101)",Unfall 171841 (2022) Kat:3, Licht: 0,171841,3,7,0,04,12,3,0,0,1,1,0,0,0,0
"POINT (7.011685816000070 51.509468995000098)",Unfall 171852 (2022) Kat:3, Licht: 2,171852,3,1,8,05,00,2,0,2,0,1,0,0,0,0
"POINT (7.045920354000030 51.456301502000002)",Unfall 171880 (2022) Kat:3, Licht: 0,171880,3,6,1,05,16,7,0,0,0,1,0,0,0,1
"POINT (7.036582558000020 51.432173523000102)",Unfall 171944 (2022) Kat:3, Licht: 0,171944,3,6,1,05,16,3,0,0,0,1,0,0,0,0
"POINT (7.060392782000060 51.399542898000000)",Unfall 171994 (2022) Kat:3, Licht: 0,171994,3,7,0,05,15,1,0,0,1,0,0,0,0,0
"POINT (7.034359298000030 51.434651569000003)",Unfall 172003 (2022) Kat:3, Licht: 2,172003,3,2,5,05,00,1,0,2,0,1,0,0,0,0
"POINT (6.951277197000020 51.474732430000103)",Unfall 172010 (2022) Kat:3, Licht: 0,172010,3,7,0,05,16,3,0,0,1,0,0,0,0,1
"POINT (7.001773774000070 51.393845145999997)",Unfall 172046 (2022) Kat:2, Licht: 0,172046,2,1,0,05,10,4,0,0,1,0,0,0,0,0
"POINT (6.940639755000060 51.362557379000101)",Unfall 172053 (2022) Kat:2, Licht: 0,172053,2,2,6,05,16,2,0,0,0,1,1,0,0,0
"POINT (6.982914749000030 51.452845082000103)",Unfall 172115 (2022) Kat:3, Licht: 0,172115,3,2,0,05,14,4,0,0,0,1,0,0,0,0
"POINT (7.027849601000070 51.488998583000097)",Unfall 172156 (2022) Kat:3, Licht: 0,172156,3,7,5,05,18,1,0,0,1,0,0,0,0,0
"POINT (7.017873343000080 51.453647183000001)",Unfall 172174 (2022) Kat:3, Licht: 0,172174,3,3,5,05,15,5,0,0,0,1,0,0,0,1
"POINT (7.054494417000060 51.434858568000003)",Unfall 172182 (2022) Kat:3, Licht: 0,172182,3,1,0,05,15,2,0,0,1,0,0,0,0,0
"POINT (6.960716472000060 51.473200887000097)",Unfall 172193 (2022) Kat:2, Licht: 0,172193,2,2,5,05,15,3,0,0,0,1,0,1,0,0
"POINT (7.033664288000070 51.476331554000097)",Unfall 172234 (2022) Kat:3, Licht: 0,172234,3,3,5,04,16,6,0,0,0,1,0,0,0,0
"POINT (7.003227022000030 51.429445754000000)",Unfall 172313 (2022) Kat:2, Licht: 0,172313,2,5,1,04,07,2,1,0,1,1,0,0,0,0
"POINT (7.013254326000040 51.442216851000097)",Unfall 172380 (2022) Kat:2, Licht: 0,172380,2,7,0,05,17,4,0,0,0,0,0,0,0,1
"POINT (7.038856291000060 51.431334413000101)",Unfall 172429 (2022) Kat:3, Licht: 0,172429,3,7,0,05,15,2,0,0,0,1,0,1,0,0
"POINT (7.010949501000030 51.439316675999997)",Unfall 172442 (2022) Kat:3, Licht: 2,172442,3,7,0,05,04,1,0,2,0,0,0,0,0,1
"POINT (7.016391361000050 51.446017605000101)",Unfall 172505 (2022) Kat:3, Licht: 0,172505,3,7,0,05,08,2,0,0,0,0,0,0,0,1
"POINT (7.100817461000080 51.472518344000001)",Unfall 172506 (2022) Kat:3, Licht: 0,172506,3,6,2,04,16,4,0,0,0,1,0,0,0,0
"POINT (6.975812161000020 51.457243937000001)",Unfall 172550 (2022) Kat:3, Licht: 2,172550,3,7,6,05,21,2,0,2,0,1,1,0,0,0
"POINT (7.019790664000030 51.451152663000101)",Unfall 172559 (2022) Kat:3, Licht: 0,172559,3,5,1,05,07,1,0,0,0,1,0,0,0,1
"POINT (7.009714575000030 51.500124472000003)",Unfall 172572 (2022) Kat:3, Licht: 2,172572,3,6,2,05,21,7,1,2,0,1,0,0,0,0
"POINT (7.013725903000020 51.461329346000099)",Unfall 172619 (2022) Kat:3, Licht: 2,172619,3,1,0,05,01,7,0,2,0,0,0,0,0,1
"POINT (7.051830162000040 51.485179162000101)",Unfall 172694 (2022) Kat:3, Licht: 0,172694,3,7,5,05,14,7,0,0,0,1,0,1,0,0
"POINT (7.029009727000070 51.437598406000099)",Unfall 172770 (2022) Kat:3, Licht: 2,172770,3,4,6,05,23,7,1,2,0,1,1,0,0,0
"POINT (7.065552193000030 51.401373767999999)",Unfall 172879 (2022) Kat:3, Licht: 0,172879,3,1,0,05,12,2,0,0,1,0,0,0,0,0
"POINT (7.001615066000060 51.453151495000000)",Unfall 172909 (2022) Kat:3, Licht: 0,172909,3,2,3,05,13,5,0,0,0,1,0,0,0,0
"POINT (7.006087898000030 51.439619495000002)",Unfall 172946 (2022) Kat:3, Licht: 0,172946,3,7,6,05,19,5,0,0,0,1,1,0,0,0
"POINT (6.995534222000060 51.441714771000100)",Unfall 172948 (2022) Kat:2, Licht: 0,172948,2,4,6,05,09,2,0,0,0,1,1,0,0,0
"POINT (7.030705565000060 51.437161932000002)",Unfall 172957 (2022) Kat:3, Licht: 0,172957,3,3,5,05,17,5,1,0,0,1,0,0,0,0
"POINT (7.079958179000070 51.457198880000099)",Unfall 172977 (2022) Kat:3, Licht: 0,172977,3,5,1,05,16,4,0,0,1,1,0,0,0,0
"POINT (7.103400333000020 51.453909055000103)",Unfall 172989 (2022) Kat:3, Licht: 0,172989,3,3,5,05,09,4,0,0,0,1,0,1,0,0
"POINT (7.038192169000070 51.453321312000099)",Unfall 173076 (2022) Kat:3, Licht: 0,173076,3,4,5,05,14,5,0,0,0,1,1,0,0,0
"POINT (7.100817461000080 51.472518344000001)",Unfall 173077 (2022) Kat:3, Licht: 0,173077,3,7,1,05,13,4,0,0,0,1,0,1,0,0
"POINT (7.007241223000050 51.443096830999998)",Unfall 173078 (2022) Kat:3, Licht: 0,173078,3,3,0,05,19,1,0,0,1,1,0,0,0,0
"POINT (6.991901855000040 51.443635223999998)",Unfall 173170 (2022) Kat:3, Licht: 0,173170,3,3,5,05,13,1,0,0,1,1,0,0,0,0
"POINT (6.974200922000020 51.460636428999997)",Unfall 173179 (2022) Kat:3, Licht: 0,173179,3,4,6,05,13,7,0,0,0,1,1,0,0,0
"POINT (7.013551820000030 51.462579443999999)",Unfall 173184 (2022) Kat:3, Licht: 0,173184,3,6,3,05,17,7,0,0,1,0,0,0,0,1
"POINT (6.950325661000020 51.476713443000101)",Unfall 173208 (2022) Kat:3, Licht: 0,173208,3,1,0,05,15,2,1,0,1,0,0,0,0,0
"POINT (6.986900008000020 51.497667186999998)",Unfall 173292 (2022) Kat:3, Licht: 0,173292,3,3,0,05,19,2,1,0,0,1,0,0,0,0
"POINT (7.011192497000020 51.448223484000003)",Unfall 173380 (2022) Kat:3, Licht: 0,173380,3,4,6,05,07,2,0,0,1,0,1,0,0,0
"POINT (6.984004743000070 51.450516088000001)",Unfall 173421 (2022) Kat:3, Licht: 0,173421,3,6,2,05,14,6,0,0,0,1,0,0,0,0
"POINT (7.010723490000030 51.391681800000100)",Unfall 173490 (2022) Kat:3, Licht: 0,173490,3,1,0,05,15,6,0,0,1,0,0,0,0,0
"POINT (7.012844655000040 51.455859402000002)",Unfall 173556 (2022) Kat:3, Licht: 2,173556,3,1,0,05,23,7,0,2,1,0,0,0,0,0
"POINT (6.986211618000030 51.445033346999999)",Unfall 173563 (2022) Kat:3, Licht: 0,173563,3,2,5,05,18,7,0,0,0,1,0,0,0,0
"POINT (7.048080048000030 51.492047523000103)",Unfall 173592 (2022) Kat:3, Licht: 0,173592,3,1,0,05,15,4,0,0,1,0,0,0,0,0
"POINT (7.015801330000040 51.441466136000003)",Unfall 173599 (2022) Kat:3, Licht: 2,173599,3,1,0,05,23,7,0,2,1,0,0,0,0,0
"POINT (7.010430362000020 51.451787453000101)",Unfall 173606 (2022) Kat:3, Licht: 0,173606,3,6,1,05,17,5,0,0,0,1,0,0,0,0
"POINT (6.976630835000040 51.467119866000097)",Unfall 173715 (2022) Kat:3, Licht: 0,173715,3,4,6,05,14,1,0,0,1,0,1,0,0,0
"POINT (7.013245459000070 51.457936295000103)",Unfall 173783 (2022) Kat:3, Licht: 0,173783,3,4,6,05,17,6,0,0,0,1,1,0,0,0
"POINT (6.967123889000050 51.479385819000100)",Unfall 173816 (2022) Kat:3, Licht: 0,173816,3,7,0,05,16,7,0,0,1,0,0,0,0,0
"POINT (7.089544601000060 51.450754131000103)",Unfall 173851 (2022) Kat:3, Licht: 0,173851,3,7,0,05,18,4,0,0,1,0,0,0,0,0
"POINT (6.986491262000070 51.445060662000103)",Unfall 173980 (2022) Kat:3, Licht: 0,173980,3,6,1,06,07,4,0,0,0,1,0,0,0,0
"POINT (7.031754432000070 51.425598857000097)",Unfall 173998 (2022) Kat:3, Licht: 0,173998,3,3,5,06,08,3,0,0,0,1,0,1,0,0
"POINT (6.959242453000060 51.448545907000003)",Unfall 174031 (2022) Kat:3, Licht: 0,174031,3,7,0,06,17,5,1,0,1,0,0,0,0,0
"POINT (7.080744098000030 51.463623706000099)",Unfall 174040 (2022) Kat:2, Licht: 0,174040,2,1,0,06,20,6,0,0,0,1,0,0,0,1
"POINT (7.001621288000020 51.431036789000103)",Unfall 174065 (2022) Kat:3, Licht: 0,174065,3,7,3,06,18,6,0,0,1,0,0,0,0,0
"POINT (7.011214356000040 51.451880754999998)",Unfall 174080 (2022) Kat:3, Licht: 0,174080,3,3,6,06,12,5,0,0,0,1,1,0,0,0
"POINT (6.990856132000030 51.460296298000102)",Unfall 174101 (2022) Kat:3, Licht: 2,174101,3,7,0,05,23,7,0,2,0,0,0,1,0,0
"POINT (7.027866634000080 51.458547409000097)",Unfall 174134 (2022) Kat:3, Licht: 0,174134,3,7,2,06,17,5,0,0,0,1,0,0,0,0
"POINT (7.008540353000060 51.484983878999998)",Unfall 174151 (2022) Kat:3, Licht: 0,174151,3,2,6,06,17,1,1,0,0,1,1,0,0,0
"POINT (7.012821281000070 51.438364196000101)",Unfall 174270 (2022) Kat:3, Licht: 0,174270,3,7,0,06,16,6,0,0,0,0,0,0,0,1
"POINT (7.008275493000040 51.493730042000003)",Unfall 174341 (2022) Kat:3, Licht: 0,174341,3,7,6,05,20,6,0,0,0,1,1,0,0,0
"POINT (7.088167739000030 51.447827304999997)",Unfall 174357 (2022) Kat:3, Licht: 1,174357,3,4,6,06,19,6,0,1,0,1,1,0,0,0
"POINT (7.079762595000030 51.453023752000000)",Unfall 174369 (2022) Kat:2, Licht: 0,174369,2,7,0,05,12,1,1,0,1,0,0,0,0,0
"POINT (7.001035468000050 51.470914266000101)",Unfall 174492 (2022) Kat:3, Licht: 0,174492,3,5,1,06,09,6,0,0,0,1,0,0,0,1
"POINT (7.078347779000070 51.447413088000097)",Unfall 174545 (2022) Kat:3, Licht: 0,174545,3,4,6,06,10,5,0,0,0,1,1,0,0,0
"POINT (7.012774177000040 51.438155746000099)",Unfall 174590 (2022) Kat:3, Licht: 0,174590,3,7,6,06,14,6,0,0,0,0,1,0,0,1
"POINT (6.962166895000050 51.485976555999997)",Unfall 174647 (2022) Kat:3, Licht: 0,174647,3,1,8,05,16,3,1,0,0,1,0,0,0,0
"POINT (7.013487780000050 51.448549969000098)",Unfall 174665 (2022) Kat:3, Licht: 0,174665,3,5,1,06,08,5,0,0,1,1,0,0,0,0
"POINT (7.084573379000060 51.423098048000000)",Unfall 174673 (2022) Kat:3, Licht: 0,174673,3,7,5,05,14,5,0,0,1,1,0,0,0,0
"POINT (7.040030422000030 51.427862321000099)",Unfall 174696 (2022) Kat:3, Licht: 0,174696,3,1,0,06,10,1,0,0,1,0,0,0,0,0
"POINT (7.041539675000020 51.492834936000101)",Unfall 174784 (2022) Kat:3, Licht: 0,174784,3,7,0,06,19,6,0,0,0,1,0,0,0,0
"POINT (7.037655299000050 51.489824607000102)",Unfall 174787 (2022) Kat:3, Licht: 0,174787,3,7,0,05,14,7,1,0,1,0,0,0,0,0
"POINT (7.088523885000030 51.393843898999997)",Unfall 174804 (2022) Kat:2, Licht: 2,174804,2,1,8,06,23,7,0,2,0,1,0,0,0,0
"POINT (7.030293173000080 51.413982954000097)",Unfall 174824 (2022) Kat:3, Licht: 0,174824,3,2,5,06,14,6,0,0,1,1,0,0,0,0
"POINT (7.001621288000020 51.431036789000103)",Unfall 174859 (2022) Kat:3, Licht: 0,174859,3,7,3,06,18,6,0,0,1,0,0,0,0,0
"POINT (6.907379302000040 51.483271447000000)",Unfall 174926 (2022) Kat:3, Licht: 0,174926,3,6,4,06,19,5,1,0,0,1,0,1,0,0
"POINT (6.975999728000030 51.445543137000101)",Unfall 174980 (2022) Kat:3, Licht: 0,174980,3,3,5,06,17,3,0,0,1,0,0,0,0,1
"POINT (7.076759397000050 51.428882620000103)",Unfall 175008 (2022) Kat:3, Licht: 0,175008,3,2,0,07,10,6,0,0,0,1,0,0,0,1
"POINT (7.039352419000070 51.480142571999998)",Unfall 175073 (2022) Kat:3, Licht: 0,175073,3,7,0,06,13,3,0,0,0,1,0,1,0,0
"POINT (6.959143410000020 51.449141709000102)",Unfall 175190 (2022) Kat:3, Licht: 0,175190,3,7,0,06,17,7,0,0,0,1,0,0,0,0
"POINT (7.021009160000060 51.408454427999999)",Unfall 175196 (2022) Kat:3, Licht: 0,175196,3,2,5,06,10,6,1,0,1,1,0,0,0,0
"POINT (6.950814652000080 51.474825483000103)",Unfall 175209 (2022) Kat:3, Licht: 0,175209,3,6,2,07,21,6,0,0,0,1,0,0,0,0
"POINT (7.037116519000050 51.487221982000101)",Unfall 175247 (2022) Kat:3, Licht: 0,175247,3,1,0,06,11,4,0,0,0,0,0,1,0,0
"POINT (7.009124280000040 51.451696527000102)",Unfall 175262 (2022) Kat:3, Licht: 0,175262,3,3,7,06,07,4,0,0,1,1,0,0,0,0
"POINT (6.986491262000070 51.445060662000103)",Unfall 175268 (2022) Kat:3, Licht: 0,175268,3,6,6,06,09,3,0,0,1,0,1,0,0,0
"POINT (6.966476853000070 51.465398709000098)",Unfall 175331 (2022) Kat:3, Licht: 0,175331,3,1,0,06,16,4,0,0,1,0,0,0,0,0
"POINT (7.021203220000070 51.440753405000102)",Unfall 175366 (2022) Kat:3, Licht: 0,175366,3,3,0,06,17,5,0,0,0,1,0,0,0,1
"POINT (7.003718875000060 51.431280184000101)",Unfall 175381 (2022) Kat:3, Licht: 0,175381,3,1,0,06,17,7,0,0,1,0,0,0,0,0
"POINT (7.035195648000070 51.455540919999997)",Unfall 175460 (2022) Kat:3, Licht: 2,175460,3,3,5,07,21,6,0,2,0,1,0,0,0,0
"POINT (7.005419586000070 51.437248329000099)",Unfall 175462 (2022) Kat:3, Licht: 0,175462,3,4,6,06,13,3,0,0,0,1,1,0,0,0
"POINT (7.001105314000030 51.422105602000002)",Unfall 175473 (2022) Kat:3, Licht: 0,175473,3,3,5,06,17,1,0,0,0,1,0,0,0,0
"POINT (6.944595373000030 51.466543424000101)",Unfall 175598 (2022) Kat:3, Licht: 1,175598,3,7,0,06,18,6,1,1,1,0,0,0,0,0
"POINT (7.012902771000030 51.451954258000100)",Unfall 175670 (2022) Kat:3, Licht: 0,175670,3,7,0,06,12,2,0,0,1,0,0,0,0,1
"POINT (7.022576265000050 51.455192625000102)",Unfall 175676 (2022) Kat:3, Licht: 0,175676,3,7,6,06,17,5,0,0,0,0,1,0,0,1
"POINT (6.986780681000030 51.445347660000003)",Unfall 175719 (2022) Kat:3, Licht: 0,175719,3,7,1,06,12,4,0,0,0,1,0,0,1,0
"POINT (6.956943945000030 51.464397034999998)",Unfall 175726 (2022) Kat:3, Licht: 1,175726,3,7,0,06,21,5,0,1,0,0,0,0,0,1
"POINT (6.988416392000030 51.485290702999997)",Unfall 175744 (2022) Kat:3, Licht: 0,175744,3,6,2,06,17,6,0,0,0,1,0,0,0,0
"POINT (6.947447560000060 51.480340550000101)",Unfall 175746 (2022) Kat:3, Licht: 0,175746,3,7,0,06,18,1,0,0,1,0,0,0,0,0
"POINT (7.011771075000070 51.433628333000101)",Unfall 175786 (2022) Kat:3, Licht: 0,175786,3,5,1,06,14,4,0,0,0,1,0,0,0,0
"POINT (6.990929786000040 51.441000546000097)",Unfall 175788 (2022) Kat:3, Licht: 0,175788,3,5,1,06,15,4,0,0,0,1,0,0,0,1
"POINT (7.065896984000060 51.490343102000097)",Unfall 175802 (2022) Kat:3, Licht: 0,175802,3,1,0,06,09,7,0,0,1,0,0,0,0,0
"POINT (6.982705023000050 51.494968059000001)",Unfall 175808 (2022) Kat:3, Licht: 2,175808,3,7,7,06,01,4,0,2,0,0,0,1,0,1
"POINT (6.952573432000070 51.404356055000100)",Unfall 175813 (2022) Kat:3, Licht: 0,175813,3,6,2,06,11,3,0,0,0,1,0,0,1,0
"POINT (7.005514128000070 51.437585173999999)",Unfall 175835 (2022) Kat:3, Licht: 2,175835,3,7,0,06,03,7,0,2,0,0,1,0,0,1
"POINT (6.946337391000040 51.364126449000103)",Unfall 175838 (2022) Kat:3, Licht: 0,175838,3,7,5,06,18,3,0,0,0,1,0,1,0,0
"POINT (7.038276265000040 51.505142747000001)",Unfall 175998 (2022) Kat:3, Licht: 0,175998,3,4,6,07,19,7,0,0,0,1,1,0,0,0
"POINT (6.950515526000060 51.475867051000101)",Unfall 175999 (2022) Kat:3, Licht: 0,175999,3,6,2,07,13,2,0,0,0,1,0,0,0,0
"POINT (7.048333061000050 51.485173643000103)",Unfall 176023 (2022) Kat:3, Licht: 0,176023,3,6,4,07,19,6,0,0,0,0,0,0,0,1
"POINT (6.981476872000030 51.427619956000100)",Unfall 176041 (2022) Kat:3, Licht: 0,176041,3,1,0,07,11,6,2,0,0,0,0,1,0,0
"POINT (7.100817461000080 51.472518344000001)",Unfall 176114 (2022) Kat:3, Licht: 0,176114,3,7,3,07,08,2,0,0,0,1,0,0,0,0
"POINT (6.984267511000040 51.450009602000101)",Unfall 176138 (2022) Kat:3, Licht: 1,176138,3,5,6,07,21,3,0,1,0,0,1,0,0,1
"POINT (6.993007997000060 51.438864593000098)",Unfall 176152 (2022) Kat:3, Licht: 0,176152,3,4,6,07,13,5,0,0,0,1,1,0,0,0
"POINT (6.939611694000060 51.369841081000096)",Unfall 176159 (2022) Kat:3, Licht: 0,176159,3,1,0,07,10,4,0,0,0,0,0,0,0,1
"POINT (7.022110540000030 51.439348455000101)",Unfall 176164 (2022) Kat:3, Licht: 0,176164,3,6,2,07,06,4,0,0,0,1,0,0,0,0
"POINT (6.985614691000020 51.452524609000100)",Unfall 176178 (2022) Kat:3, Licht: 0,176178,3,7,6,07,17,6,0,0,0,0,1,0,0,1
"POINT (6.940407164000020 51.478551619000001)",Unfall 176232 (2022) Kat:2, Licht: 0,176232,2,7,0,07,10,7,0,0,1,0,0,0,0,0
"POINT (7.008548461000030 51.478035298000101)",Unfall 176253 (2022) Kat:3, Licht: 0,176253,3,7,0,07,14,2,0,0,0,1,0,0,0,0
"POINT (7.013481315000040 51.454593691000099)",Unfall 176298 (2022) Kat:3, Licht: 0,176298,3,1,0,07,09,4,0,0,1,0,0,0,0,0
"POINT (7.029009727000070 51.437598406000099)",Unfall 176318 (2022) Kat:2, Licht: 0,176318,2,7,6,07,16,5,1,0,0,1,1,0,0,0
"POINT (7.015351584000030 51.464960211000097)",Unfall 176335 (2022) Kat:3, Licht: 0,176335,3,5,1,07,13,2,0,0,0,1,0,0,0,0
"POINT (6.980782288000060 51.445451431999999)",Unfall 176480 (2022) Kat:3, Licht: 0,176480,3,4,6,07,14,3,0,0,1,0,1,0,0,0
"POINT (6.967098633000030 51.463975185000002)",Unfall 176545 (2022) Kat:3, Licht: 1,176545,3,3,5,07,21,7,0,1,0,1,0,0,0,0
"POINT (7.015609201000070 51.494166888999999)",Unfall 176556 (2022) Kat:3, Licht: 0,176556,3,1,0,07,14,3,0,0,1,0,0,0,0,0
"POINT (7.001061372000040 51.443306526000100)",Unfall 176561 (2022) Kat:3, Licht: 0,176561,3,7,4,07,10,6,0,0,1,0,0,0,0,1
"POINT (6.986491262000070 51.445060662000103)",Unfall 176586 (2022) Kat:3, Licht: 0,176586,3,6,3,07,11,3,0,0,0,1,0,0,1,0
"POINT (7.034819020000040 51.485246104000097)",Unfall 176654 (2022) Kat:3, Licht: 0,176654,3,2,5,07,16,5,0,0,1,1,0,0,0,0
"POINT (7.078983177000050 51.457309305000102)",Unfall 176666 (2022) Kat:3, Licht: 0,176666,3,5,1,07,18,3,0,0,1,1,0,0,0,0
"POINT (7.007945146000050 51.499560845000097)",Unfall 176716 (2022) Kat:3, Licht: 1,176716,3,3,5,07,05,6,0,1,0,1,0,0,0,0
"POINT (7.041539675000020 51.492834936000101)",Unfall 176740 (2022) Kat:3, Licht: 0,176740,3,3,5,07,19,1,0,0,0,1,0,0,0,1