WKT,Name,OBJECTID,UKATEGORIE,UTYP1,UART,UMONAT,USTUNDE,UWOCHENTAG,STRZUSTAND,ULICHTVERH,ISTRAD,ISTPKW,ISTFUSS,ISTKRAD,ISTGKFZ,ISTSONSTIG
"POINT (7.012652663000040 51.451978248000003)",Unfall 176808 (2022) Kat:3, Licht: 0,176808,3,4,6,07,12,2,0,0,0,1,1,0,0,0
"POINT (7.016603114000080 51.441054537000099)",Unfall 176868 (2022) Kat:3, Licht: 2,176868,3,1,0,07,02,7,0,2,0,0,0,0,0,1
"POINT (6.972318859000040 51.454140752999997)",Unfall 176909 (2022) Kat:3, Licht: 2,176909,3,7,0,07,22,7,0,2,0,0,0,0,0,1
"POINT (6.937383510000070 51.350335514000101)",Unfall 176921 (2022) Kat:2, Licht: 2,176921,2,1,0,07,23,4,1,2,1,0,0,0,0,0
"POINT (7.037010615000040 51.426578648000003)",Unfall 177108 (2022) Kat:3, Licht: 0,177108,3,7,0,08,16,3,0,0,1,0,0,0,0,0
"POINT (7.063017399000050 51.480336701000098)",Unfall 177114 (2022) Kat:3, Licht: 0,177114,3,6,2,07,11,6,0,0,0,1,0,0,0,0
"POINT (7.045319256000030 51.405857718000000)",Unfall 177127 (2022) Kat:3, Licht: 0,177127,3,1,0,08,16,1,0,0,1,0,0,0,0,0
"POINT (7.006763726000030 51.384610352000003)",Unfall 177129 (2022) Kat:3, Licht: 0,177129,3,7,8,07,11,7,0,0,1,0,0,1,0,1
"POINT (7.103586929000070 51.431658738000102)",Unfall 177150 (2022) Kat:3, Licht: 0,177150,3,3,1,08,15,2,0,0,1,0,0,0,0,1
"POINT (6.934254396000030 51.352264526000098)",Unfall 177281 (2022) Kat:3, Licht: 0,177281,3,1,1,08,16,5,0,0,1,1,0,0,0,0
"POINT (7.005208289000050 51.436503502999997)",Unfall 177306 (2022) Kat:3, Licht: 0,177306,3,4,0,08,13,4,0,0,0,0,1,0,0,1
"POINT (6.977326992000030 51.444244908000002)",Unfall 177347 (2022) Kat:3, Licht: 0,177347,3,3,4,08,07,2,1,0,0,1,0,0,0,1
"POINT (7.074824665000050 51.446094053000103)",Unfall 177352 (2022) Kat:3, Licht: 0,177352,3,7,0,08,07,2,0,0,0,0,0,0,0,1
"POINT (6.939457101000070 51.477894077000002)",Unfall 177418 (2022) Kat:3, Licht: 0,177418,3,7,0,07,15,1,0,0,0,1,0,0,0,0
"POINT (7.000945122000080 51.479387133000003)",Unfall 177434 (2022) Kat:3, Licht: 0,177434,3,7,6,07,11,2,0,0,0,1,1,0,0,0
"POINT (6.976944928000020 51.444618884000100)",Unfall 177441 (2022) Kat:3, Licht: 0,177441,3,4,6,08,19,3,0,0,0,1,1,0,0,0
"POINT (7.006042655000040 51.439473383000099)",Unfall 177470 (2022) Kat:2, Licht: 0,177470,2,1,0,08,15,5,0,0,0,0,0,0,0,1
"POINT (6.958485124000050 51.419291868000101)",Unfall 177529 (2022) Kat:3, Licht: 0,177529,3,4,6,08,09,3,0,0,0,1,1,0,0,0
"POINT (7.080237545000050 51.422363260000097)",Unfall 177560 (2022) Kat:3, Licht: 0,177560,3,4,0,07,10,6,0,0,0,1,1,0,0,0
"POINT (7.015219051000030 51.454635279999998)",Unfall 177655 (2022) Kat:3, Licht: 0,177655,3,7,0,08,09,4,0,0,1,0,0,0,0,0
"POINT (6.944679424000070 51.376209095000000)",Unfall 177694 (2022) Kat:2, Licht: 0,177694,2,7,0,07,15,2,0,0,1,0,0,0,0,0
"POINT (7.041752858000050 51.486148367000098)",Unfall 177775 (2022) Kat:3, Licht: 0,177775,3,1,8,08,16,2,0,0,0,1,0,0,0,0
"POINT (7.055842329000030 51.430668134000001)",Unfall 177828 (2022) Kat:3, Licht: 0,177828,3,7,0,08,16,4,0,0,1,0,0,0,0,0
"POINT (7.062877632000040 51.473175135000098)",Unfall 177835 (2022) Kat:3, Licht: 0,177835,3,6,2,08,08,5,0,0,0,1,0,1,0,1
"POINT (7.016685715000050 51.452730889000101)",Unfall 177840 (2022) Kat:3, Licht: 0,177840,3,1,0,08,09,3,0,0,1,1,0,0,0,0
"POINT (6.934254410000050 51.352264521000102)",Unfall 177900 (2022) Kat:3, Licht: 0,177900,3,1,1,08,16,5,0,0,1,1,0,0,0,0
"POINT (7.044148200000050 51.499421898999998)",Unfall 177941 (2022) Kat:3, Licht: 0,177941,3,7,6,07,12,7,1,0,1,0,1,0,0,0
"POINT (7.005251983000050 51.388251431000100)",Unfall 177963 (2022) Kat:3, Licht: 0,177963,3,1,8,07,09,2,0,0,0,1,0,0,0,0
"POINT (7.043237170000050 51.426980994000097)",Unfall 177979 (2022) Kat:3, Licht: 0,177979,3,1,0,08,10,1,0,0,1,0,0,0,0,0
"POINT (7.046323272000050 51.438173305000099)",Unfall 177994 (2022) Kat:3, Licht: 0,177994,3,1,0,08,14,3,0,0,1,0,0,0,0,0
"POINT (7.073248041000060 51.428107677000099)",Unfall 178050 (2022) Kat:3, Licht: 0,178050,3,7,0,08,12,6,0,0,0,0,1,0,0,1
"POINT (7.001849224000070 51.446311870000002)",Unfall 178072 (2022) Kat:3, Licht: 0,178072,3,3,5,08,14,5,0,0,1,1,0,0,0,0
"POINT (6.972538296000040 51.452281890000101)",Unfall 178108 (2022) Kat:3, Licht: 0,178108,3,7,1,08,10,3,0,0,0,1,0,0,0,1
"POINT (6.978909190000020 51.458965765000102)",Unfall 178129 (2022) Kat:3, Licht: 0,178129,3,3,5,08,14,2,0,0,0,1,0,1,0,0
"POINT (6.994695137000060 51.413880679000002)",Unfall 178140 (2022) Kat:3, Licht: 0,178140,3,1,0,08,08,6,0,0,1,0,0,0,0,0
"POINT (7.052760973000030 51.500144840000097)",Unfall 178174 (2022) Kat:3, Licht: 0,178174,3,7,0,08,07,2,0,0,1,1,0,0,0,0
"POINT (7.087844684000060 51.449595251000098)",Unfall 178193 (2022) Kat:3, Licht: 0,178193,3,5,1,08,11,4,0,0,0,1,0,0,0,1
"POINT (6.995708508000060 51.492952848000101)",Unfall 178214 (2022) Kat:3, Licht: 0,178214,3,7,0,08,11,5,0,0,1,1,0,0,0,0
"POINT (6.961239904000020 51.427089186000003)",Unfall 178233 (2022) Kat:3, Licht: 0,178233,3,3,0,08,17,6,0,0,1,1,0,0,0,0
"POINT (6.941588629000020 51.358768212000001)",Unfall 178264 (2022) Kat:3, Licht: 0,178264,3,3,0,08,18,3,0,0,1,1,0,0,0,0
"POINT (6.991871443000040 51.442895718000003)",Unfall 178275 (2022) Kat:3, Licht: 0,178275,3,6,4,08,08,3,0,0,1,1,0,0,0,0
"POINT (7.087131812000050 51.456145810000102)",Unfall 178277 (2022) Kat:3, Licht: 0,178277,3,1,7,08,21,5,0,0,1,1,0,0,0,0
"POINT (7.013679610000050 51.467954405999997)",Unfall 178317 (2022) Kat:3, Licht: 0,178317,3,6,4,08,18,4,0,0,0,1,0,0,0,1
"POINT (7.008529849000070 51.522148371000100)",Unfall 178330 (2022) Kat:3, Licht: 2,178330,3,7,0,08,21,6,0,2,0,0,0,0,0,1
"POINT (6.919122518000050 51.469634919999997)",Unfall 178349 (2022) Kat:3, Licht: 0,178349,3,6,1,08,09,6,0,0,0,1,0,0,0,0
"POINT (7.015277724000040 51.436159590999999)",Unfall 178524 (2022) Kat:3, Licht: 0,178524,3,1,0,08,14,6,0,0,0,0,0,0,0,1
"POINT (7.045165335000040 51.443255689000097)",Unfall 178600 (2022) Kat:3, Licht: 0,178600,3,7,0,08,17,4,0,0,1,1,0,0,0,0
"POINT (6.941957627000020 51.359130266000101)",Unfall 178608 (2022) Kat:3, Licht: 0,178608,3,4,6,08,16,7,0,0,0,1,1,0,0,0
"POINT (6.995324752000040 51.438789198000102)",Unfall 178659 (2022) Kat:2, Licht: 0,178659,2,6,0,08,19,3,0,0,1,1,0,0,0,0
"POINT (6.973338955000030 51.450134544000001)",Unfall 178755 (2022) Kat:3, Licht: 0,178755,3,7,6,08,20,3,0,0,0,0,1,0,0,1
"POINT (7.006435580000070 51.390996039000100)",Unfall 178831 (2022) Kat:3, Licht: 0,178831,3,1,0,08,19,2,0,0,1,0,0,0,0,0
"POINT (7.076899592000070 51.436567603000100)",Unfall 178848 (2022) Kat:3, Licht: 1,178848,3,6,0,08,21,5,0,1,0,1,0,0,0,0
"POINT (6.950939156000060 51.474224141000001)",Unfall 178862 (2022) Kat:3, Licht: 2,178862,3,7,0,08,01,3,0,2,0,0,0,0,0,1
"POINT (6.941518021000040 51.472383768000000)",Unfall 178922 (2022) Kat:3, Licht: 0,178922,3,7,0,08,06,2,0,0,0,1,0,1,0,0
"POINT (7.019997121000070 51.385863108000102)",Unfall 178927 (2022) Kat:3, Licht: 0,178927,3,3,5,08,18,3,0,0,1,1,0,0,0,0
"POINT (7.045670685000060 51.417034291999997)",Unfall 178944 (2022) Kat:3, Licht: 0,178944,3,7,0,08,18,1,0,0,1,0,0,0,0,0
"POINT (7.029360457000050 51.437498291000097)",Unfall 178955 (2022) Kat:3, Licht: 0,178955,3,2,6,08,11,5,0,0,0,1,1,0,0,0
"POINT (7.014272784000070 51.440503433000103)",Unfall 179011 (2022) Kat:3, Licht: 0,179011,3,5,0,08,17,4,0,0,1,1,0,0,0,0
"POINT (6.982914749000030 51.452845082000103)",Unfall 179014 (2022) Kat:3, Licht: 0,179014,3,3,0,08,16,1,0,0,0,1,0,0,0,1
"POINT (7.006218942000030 51.440072208000103)",Unfall 179042 (2022) Kat:3, Licht: 0,179042,3,6,2,08,11,2,0,0,1,1,0,0,0,0
"POINT (6.973024967000070 51.430717633000000)",Unfall 179058 (2022) Kat:3, Licht: 2,179058,3,6,0,08,17,1,0,2,0,1,0,1,0,0
"POINT (6.963091148000050 51.461270405999997)",Unfall 179131 (2022) Kat:3, Licht: 2,179131,3,1,1,08,04,1,0,2,0,1,0,0,0,0
"POINT (7.017371371000020 51.436018290000000)",Unfall 179132 (2022) Kat:3, Licht: 0,179132,3,3,5,09,14,2,0,0,1,1,0,0,0,0
"POINT (7.009508128000050 51.461585565000100)",Unfall 179202 (2022) Kat:3, Licht: 0,179202,3,7,4,08,17,7,0,0,1,0,0,0,0,1
"POINT (6.985645218000060 51.411588805000100)",Unfall 179217 (2022) Kat:3, Licht: 0,179217,3,7,1,09,19,6,0,0,0,1,0,0,0,0
"POINT (7.084062901000040 51.445921847000101)",Unfall 179218 (2022) Kat:3, Licht: 2,179218,3,1,1,09,22,6,1,2,1,1,0,0,0,0
"POINT (7.063655720000040 51.403564373999998)",Unfall 179282 (2022) Kat:3, Licht: 0,179282,3,3,5,08,11,7,0,0,0,1,0,1,0,0
"POINT (6.974989006000040 51.447860716000001)",Unfall 179301 (2022) Kat:3, Licht: 0,179301,3,4,0,09,10,2,0,0,0,1,1,0,0,0
"POINT (6.963961101000050 51.456374260000104)",Unfall 179421 (2022) Kat:3, Licht: 0,179421,3,4,6,09,14,7,0,0,0,0,1,0,0,1
"POINT (6.978243181000040 51.461557767999999)",Unfall 179499 (2022) Kat:3, Licht: 0,179499,3,7,0,08,12,1,0,0,0,0,1,0,0,1
"POINT (6.979454046000060 51.483258141000100)",Unfall 179548 (2022) Kat:3, Licht: 0,179548,3,1,3,09,08,4,1,0,0,1,0,0,1,0
"POINT (7.004640205000040 51.438730358999997)",Unfall 179562 (2022) Kat:3, Licht: 0,179562,3,4,6,09,18,6,0,0,0,1,1,0,0,0
"POINT (7.028429565000070 51.460993652000099)",Unfall 179573 (2022) Kat:3, Licht: 0,179573,3,4,6,09,13,1,0,0,0,1,1,0,0,0
"POINT (6.993972327000050 51.412665742999998)",Unfall 179592 (2022) Kat:3, Licht: 0,179592,3,5,1,08,15,3,0,0,1,0,0,0,0,1
"POINT (7.079882759000040 51.417979371999998)",Unfall 179626 (2022) Kat:3, Licht: 0,179626,3,7,0,08,10,3,0,0,0,1,0,0,0,1
"POINT (6.973005276000040 51.460775136999999)",Unfall 179634 (2022) Kat:3, Licht: 0,179634,3,7,0,09,19,6,0,0,1,0,0,0,0,0
"POINT (7.100383335000060 51.443482078000002)",Unfall 179657 (2022) Kat:3, Licht: 0,179657,3,3,0,09,13,3,0,0,0,1,0,0,0,1
"POINT (7.007346948000080 51.466703897999999)",Unfall 179683 (2022) Kat:3, Licht: 0,179683,3,7,0,09,16,6,0,0,1,1,0,0,0,0
"POINT (7.005785820000030 51.492538043000103)",Unfall 179719 (2022) Kat:3, Licht: 2,179719,3,3,5,09,05,2,0,2,0,1,0,0,0,0
"POINT (7.012870239000050 51.454728197000101)",Unfall 179749 (2022) Kat:3, Licht: 0,179749,3,7,6,08,15,3,0,0,0,0,1,0,0,1
"POINT (7.077218867000060 51.447589547000099)",Unfall 179753 (2022) Kat:3, Licht: 0,179753,3,7,0,08,14,1,0,0,0,0,0,0,0,1
"POINT (7.065925290000050 51.403765120999999)",Unfall 179758 (2022) Kat:2, Licht: 0,179758,2,1,1,08,13,4,0,0,0,1,0,0,0,0
"POINT (7.031248225000070 51.498526064000004)",Unfall 179779 (2022) Kat:3, Licht: 0,179779,3,1,9,09,09,6,0,0,0,1,0,0,0,0
"POINT (7.013708334000060 51.446270985000098)",Unfall 179874 (2022) Kat:3, Licht: 0,179874,3,1,0,09,13,7,0,0,1,0,0,0,0,0
"POINT (7.002777048000040 51.389258452000000)",Unfall 179876 (2022) Kat:3, Licht: 0,179876,3,4,6,08,15,7,0,0,0,1,1,0,0,0
"POINT (7.015809220000050 51.441202353000101)",Unfall 179964 (2022) Kat:3, Licht: 0,179964,3,1,0,09,14,7,0,0,1,0,0,0,0,0
"POINT (6.969655100000070 51.499111694000099)",Unfall 179987 (2022) Kat:3, Licht: 0,179987,3,3,5,09,14,5,0,0,1,1,0,0,0,0
"POINT (7.047594123000070 51.420086218000101)",Unfall 179993 (2022) Kat:3, Licht: 0,179993,3,7,3,08,15,7,0,0,0,1,0,1,0,0
"POINT (6.974707219000040 51.456577480000099)",Unfall 180079 (2022) Kat:3, Licht: 1,180079,3,3,5,09,20,2,0,1,0,1,0,0,0,0
"POINT (7.053924781000030 51.441780806000097)",Unfall 180167 (2022) Kat:3, Licht: 0,180167,3,6,4,09,08,4,1,0,1,1,0,0,0,0
"POINT (6.909431431000030 51.484324950000001)",Unfall 180202 (2022) Kat:3, Licht: 0,180202,3,5,1,09,15,6,0,0,0,1,0,0,0,0
"POINT (6.912003502000060 51.468870795999997)",Unfall 180255 (2022) Kat:3, Licht: 0,180255,3,7,5,09,10,1,0,0,0,1,0,0,0,0
"POINT (6.998586429000060 51.449325741999999)",Unfall 180277 (2022) Kat:3, Licht: 1,180277,3,6,5,09,18,3,1,1,0,1,0,0,0,0
"POINT (6.947333128000030 51.487693446999998)",Unfall 180279 (2022) Kat:3, Licht: 0,180279,3,1,0,09,14,7,0,0,0,1,0,0,0,0
"POINT (7.018344972000020 51.508532113999998)",Unfall 180307 (2022) Kat:3, Licht: 0,180307,3,6,2,09,15,5,0,0,0,1,0,1,0,0
"POINT (6.978874628000030 51.462661244000103)",Unfall 180319 (2022) Kat:3, Licht: 0,180319,3,7,0,09,17,7,0,0,0,0,0,0,0,1
"POINT (6.948212943000040 51.472427758999999)",Unfall 180393 (2022) Kat:3, Licht: 0,180393,3,7,0,09,12,6,0,0,0,0,0,0,0,1
"POINT (7.074125931000030 51.394721017999998)",Unfall 180458 (2022) Kat:3, Licht: 0,180458,3,1,4,09,18,3,0,0,0,1,0,1,0,0
"POINT (7.038079002000070 51.476880175000097)",Unfall 180526 (2022) Kat:2, Licht: 0,180526,2,1,8,09,15,6,0,0,0,1,0,0,0,0
"POINT (7.079959750000060 51.455281325000001)",Unfall 180558 (2022) Kat:3, Licht: 0,180558,3,7,6,09,16,5,0,0,0,1,1,0,0,0
"POINT (7.041646008000040 51.499846471000097)",Unfall 180628 (2022) Kat:3, Licht: 0,180628,3,4,6,09,11,6,0,0,0,1,1,0,0,0
"POINT (7.014142848000060 51.452194003999999)",Unfall 180703 (2022) Kat:3, Licht: 0,180703,3,6,2,09,15,4,1,0,0,1,0,0,0,0
"POINT (6.979831474000040 51.502089738000102)",Unfall 180717 (2022) Kat:3, Licht: 2,180717,3,3,5,09,21,3,0,2,0,0,0,1,1,0
"POINT (6.977987268000050 51.481031997999999)",Unfall 180748 (2022) Kat:3, Licht: 0,180748,3,5,1,09,12,6,0,0,0,1,0,1,0,0
"POINT (7.039098971000040 51.482037130000002)",Unfall 180803 (2022) Kat:3, Licht: 0,180803,3,5,1,09,16,2,0,0,0,1,0,0,0,1
"POINT (7.006460216000050 51.457093751000102)",Unfall 180822 (2022) Kat:3, Licht: 0,180822,3,6,2,09,13,5,0,0,0,1,0,0,0,0
"POINT (6.981072258000040 51.462206919000003)",Unfall 180828 (2022) Kat:3, Licht: 0,180828,3,2,5,09,10,3,0,0,0,1,0,0,0,0
"POINT (7.011214356000040 51.451880754999998)",Unfall 180861 (2022) Kat:3, Licht: 0,180861,3,2,5,09,17,1,1,0,0,1,0,0,0,0
"POINT (7.023750107000070 51.495714896999999)",Unfall 180868 (2022) Kat:3, Licht: 2,180868,3,7,0,09,21,1,0,2,1,1,0,0,0,0
"POINT (6.989327246000070 51.452085593000000)",Unfall 180908 (2022) Kat:2, Licht: 0,180908,2,1,6,09,07,1,0,0,0,1,1,0,0,0
"POINT (7.006248617000040 51.440180283000103)",Unfall 180918 (2022) Kat:3, Licht: 2,180918,3,7,0,09,03,7,0,2,1,0,0,0,0,0
"POINT (7.009186231000060 51.465049722000103)",Unfall 180937 (2022) Kat:3, Licht: 0,180937,3,6,1,10,12,7,1,0,0,1,0,0,0,0
"POINT (7.012087925000060 51.439451896000001)",Unfall 181007 (2022) Kat:3, Licht: 0,181007,3,1,0,09,10,4,1,0,1,0,0,0,0,0
"POINT (6.973618391000060 51.447342780000000)",Unfall 181095 (2022) Kat:3, Licht: 0,181095,3,1,0,09,11,6,0,0,1,0,0,0,0,0
"POINT (6.927129709000040 51.485650463000098)",Unfall 181096 (2022) Kat:3, Licht: 0,181096,3,7,0,09,14,6,0,0,0,0,0,0,0,1
"POINT (7.018699964000060 51.502721700999999)",Unfall 181116 (2022) Kat:3, Licht: 0,181116,3,5,1,09,13,7,1,0,0,0,0,1,1,0
"POINT (7.068757378000040 51.402943553000100)",Unfall 181284 (2022) Kat:3, Licht: 0,181284,3,3,1,10,15,4,0,0,1,1,0,0,0,0
"POINT (7.013598725000070 51.456772542000103)",Unfall 181297 (2022) Kat:3, Licht: 0,181297,3,7,0,10,15,4,0,0,0,0,0,0,0,1
"POINT (7.003641675000040 51.431038374000103)",Unfall 181343 (2022) Kat:3, Licht: 2,181343,3,2,0,10,20,6,1,2,0,0,0,1,0,0
"POINT (6.993723150000050 51.445103366000097)",Unfall 181382 (2022) Kat:3, Licht: 0,181382,3,4,6,10,17,3,0,0,0,1,1,0,0,0
"POINT (6.983284022000020 51.489706480000102)",Unfall 181431 (2022) Kat:3, Licht: 0,181431,3,3,5,10,11,3,0,0,1,1,0,0,0,0
"POINT (7.079795674000020 51.446007355000098)",Unfall 181557 (2022) Kat:3, Licht: 0,181557,3,7,6,10,09,3,1,0,0,1,1,0,0,0
"POINT (7.008929516000020 51.454456536000102)",Unfall 181579 (2022) Kat:2, Licht: 0,181579,2,7,6,10,16,1,0,0,0,0,1,0,0,1
"POINT (7.034566041000060 51.450256664999998)",Unfall 181651 (2022) Kat:3, Licht: 2,181651,3,6,5,10,20,2,0,2,1,1,0,0,0,0
"POINT (6.995013521000030 51.414341334000000)",Unfall 181661 (2022) Kat:3, Licht: 0,181661,3,7,0,10,08,6,1,0,1,0,0,0,0,0
"POINT (7.047788060000070 51.499199767000100)",Unfall 181778 (2022) Kat:3, Licht: 2,181778,3,7,0,10,20,2,1,2,0,0,0,1,0,0
"POINT (7.074822686000060 51.467507040999998)",Unfall 181862 (2022) Kat:2, Licht: 2,181862,2,3,5,10,18,1,1,2,0,1,0,1,0,0
"POINT (7.002465551000060 51.426776148000002)",Unfall 181889 (2022) Kat:2, Licht: 0,181889,2,1,0,10,14,4,0,0,0,0,0,0,0,1
"POINT (7.031902488000070 51.450061751000099)",Unfall 181924 (2022) Kat:3, Licht: 0,181924,3,7,0,10,16,3,0,0,0,1,1,0,0,0
"POINT (6.932680372000050 51.353483170000104)",Unfall 181937 (2022) Kat:2, Licht: 0,181937,2,1,0,10,14,4,0,0,1,0,0,0,0,0
"POINT (7.074046184000050 51.456036164000103)",Unfall 181992 (2022) Kat:3, Licht: 0,181992,3,4,6,10,16,1,0,0,0,1,1,0,0,0
"POINT (6.972349822000070 51.455293204999997)",Unfall 182004 (2022) Kat:3, Licht: 0,182004,3,1,8,10,17,5,1,0,1,0,0,0,0,0
"POINT (7.087656790000040 51.395402062000102)",Unfall 182017 (2022) Kat:3, Licht: 0,182017,3,7,0,10,17,6,0,0,1,1,0,0,0,0
"POINT (7.049966815000060 51.495326490000103)",Unfall 182068 (2022) Kat:3, Licht: 2,182068,3,1,8,10,19,6,1,2,0,0,0,0,0,1
"POINT (6.993751021000040 51.443144955999998)",Unfall 182076 (2022) Kat:2, Licht: 0,182076,2,3,5,10,16,5,1,0,1,1,0,0,0,0
"POINT (7.013867705000050 51.454600024999998)",Unfall 182114 (2022) Kat:3, Licht: 0,182114,3,7,0,10,17,6,1,0,1,0,0,0,0,0
"POINT (6.960123614000050 51.479588102999998)",Unfall 182118 (2022) Kat:3, Licht: 0,182118,3,7,5,10,10,7,1,0,0,1,0,1,0,0
"POINT (7.013550926000050 51.462594549000102)",Unfall 182190 (2022) Kat:3, Licht: 2,182190,3,7,8,11,01,7,1,2,0,0,0,1,0,0
"POINT (7.011192497000020 51.448223484000003)",Unfall 182297 (2022) Kat:2, Licht: 1,182297,2,2,5,11,17,4,0,1,1,1,0,0,0,0
"POINT (6.986638732000070 51.440159734000098)",Unfall 182315 (2022) Kat:2, Licht: 2,182315,2,4,6,11,19,3,0,2,0,1,1,0,0,0
"POINT (7.093549017000040 51.463875433000098)",Unfall 182349 (2022) Kat:3, Licht: 2,182349,3,7,0,11,18,5,0,2,0,0,0,0,0,1
"POINT (7.079882759000040 51.417979371999998)",Unfall 182358 (2022) Kat:3, Licht: 2,182358,3,4,6,11,22,7,0,2,0,1,1,0,0,0
"POINT (7.012554361000070 51.460552350000100)",Unfall 182359 (2022) Kat:3, Licht: 0,182359,3,2,4,10,15,4,0,0,1,1,0,0,0,0
"POINT (7.034173264000060 51.455438487000002)",Unfall 182389 (2022) Kat:3, Licht: 2,182389,3,1,0,11,03,3,0,2,0,1,0,0,0,0
"POINT (6.991901855000040 51.443635223999998)",Unfall 182402 (2022) Kat:3, Licht: 0,182402,3,3,5,11,10,4,0,0,0,1,0,0,0,0
"POINT (6.979454046000060 51.483258141000100)",Unfall 182431 (2022) Kat:3, Licht: 0,182431,3,6,2,11,15,6,0,0,0,1,0,0,0,0
"POINT (7.012728035000070 51.453936440000099)",Unfall 182444 (2022) Kat:3, Licht: 2,182444,3,7,6,11,19,5,1,2,0,0,1,0,0,1
"POINT (6.993751021000040 51.443144955999998)",Unfall 182470 (2022) Kat:3, Licht: 2,182470,3,1,0,11,23,6,0,2,0,0,0,0,0,1
"POINT (7.028457932000040 51.436275633000001)",Unfall 182473 (2022) Kat:3, Licht: 0,182473,3,1,0,11,15,6,0,0,0,0,0,1,0,0
"POINT (7.012652654000020 51.451978247000099)",Unfall 182511 (2022) Kat:3, Licht: 2,182511,3,7,0,11,21,5,1,2,0,0,0,0,0,1
"POINT (6.973027423000080 51.451064371000001)",Unfall 182543 (2022) Kat:3, Licht: 0,182543,3,1,1,11,16,6,0,0,1,1,0,0,0,0
"POINT (7.027981344000070 51.495134356999998)",Unfall 182546 (2022) Kat:3, Licht: 0,182546,3,3,0,11,16,4,0,0,0,1,0,0,0,0
"POINT (6.989709360000060 51.441620551000000)",Unfall 182569 (2022) Kat:3, Licht: 0,182569,3,1,0,10,13,7,1,0,0,0,0,0,0,1
"POINT (7.108280074000050 51.446294551999998)",Unfall 182645 (2022) Kat:3, Licht: 0,182645,3,2,0,10,14,7,0,0,0,1,0,0,0,1
"POINT (6.937079083000070 51.366079826000004)",Unfall 182658 (2022) Kat:3, Licht: 1,182658,3,6,2,11,07,5,0,1,0,1,0,1,0,0
"POINT (7.011214356000040 51.451880754999998)",Unfall 182684 (2022) Kat:3, Licht: 2,182684,3,3,5,11,18,5,1,2,0,1,0,0,0,0
"POINT (6.939610318000060 51.365433929000098)",Unfall 182745 (2022) Kat:3, Licht: 0,182745,3,4,6,11,15,6,0,0,0,1,1,0,0,0
"POINT (7.001587675000050 51.423852818999997)",Unfall 182765 (2022) Kat:3, Licht: 1,182765,3,7,3,11,16,3,0,1,0,1,0,0,0,1
"POINT (7.021418822000040 51.459430257000101)",Unfall 182766 (2022) Kat:3, Licht: 2,182766,3,1,0,11,06,3,0,2,1,0,0,0,0,0
"POINT (6.921308930000070 51.471446106000002)",Unfall 182778 (2022) Kat:3, Licht: 0,182778,3,7,0,10,17,4,0,0,1,0,0,0,0,0
"POINT (7.035483067000030 51.485579108000103)",Unfall 183034 (2022) Kat:3, Licht: 2,183034,3,1,9,11,21,5,1,2,0,1,0,0,0,0
"POINT (7.054628328000040 51.402277034000100)",Unfall 183081 (2022) Kat:3, Licht: 2,183081,3,1,0,10,18,5,0,2,0,1,0,0,0,0
"POINT (7.024722060000040 51.467697467000100)",Unfall 183116 (2022) Kat:3, Licht: 0,183116,3,7,0,10,08,4,0,0,1,1,0,0,0,0
"POINT (7.052910329000040 51.434075528000101)",Unfall 183125 (2022) Kat:3, Licht: 0,183125,3,6,2,11,11,4,0,0,0,1,0,0,0,0
"POINT (6.986853181000070 51.444134479000098)",Unfall 183134 (2022) Kat:3, Licht: 0,183134,3,2,4,11,14,6,0,0,0,1,0,0,0,0
"POINT (7.003493807000040 51.430458969000000)",Unfall 183163 (2022) Kat:3, Licht: 0,183163,3,2,6,10,17,4,0,0,0,1,1,0,0,0
"POINT (6.995120633000060 51.414496010000100)",Unfall 183190 (2022) Kat:2, Licht: 1,183190,2,1,0,11,17,3,1,1,1,0,0,0,0,0
"POINT (7.033762805000040 51.447781120999998)",Unfall 183203 (2022) Kat:3, Licht: 0,183203,3,3,5,11,09,4,0,0,1,1,0,0,0,0
"POINT (7.042934747000060 51.500581440000097)",Unfall 183336 (2022) Kat:3, Licht: 0,183336,3,3,5,11,08,3,1,0,0,1,0,0,0,0
"POINT (6.989327246000070 51.452085593000000)",Unfall 183346 (2022) Kat:3, Licht: 1,183346,3,3,5,11,18,6,0,1,0,1,0,0,0,0
"POINT (7.013771241000030 51.460605540000103)",Unfall 183403 (2022) Kat:3, Licht: 2,183403,3,7,5,11,22,7,0,2,1,1,0,0,0,0
"POINT (7.008407370000040 51.456012870999999)",Unfall 183437 (2022) Kat:3, Licht: 2,183437,3,3,1,12,16,7,0,2,0,1,0,0,0,1
"POINT (7.007653063000020 51.485063842999999)",Unfall 183473 (2022) Kat:3, Licht: 0,183473,3,3,5,11,15,7,0,0,0,1,0,0,0,1