WKT,Name,OBJECTID,UKATEGORIE,UTYP1,UART,UMONAT,USTUNDE,UWOCHENTAG,STRZUSTAND,ULICHTVERH,ISTRAD,ISTPKW,ISTFUSS,ISTKRAD,ISTGKFZ,ISTSONSTIG
"POINT (7.024722060000040 51.467697467000100)",Unfall 183595 (2022) Kat:2, Licht: 2,183595,2,1,0,11,21,7,0,2,0,0,0,0,0,1
"POINT (7.090170111000020 51.459356810000003)",Unfall 183637 (2022) Kat:2, Licht: 2,183637,2,1,1,11,16,7,0,2,0,1,0,1,0,0
"POINT (6.981087118000060 51.453780500000100)",Unfall 183677 (2022) Kat:3, Licht: 2,183677,3,1,8,11,00,4,1,2,0,1,0,0,0,0
"POINT (6.998495400000020 51.472441247000098)",Unfall 183682 (2022) Kat:3, Licht: 2,183682,3,1,0,11,17,4,1,2,0,0,0,1,0,0
"POINT (6.939055678000050 51.362890089000103)",Unfall 183751 (2022) Kat:2, Licht: 0,183751,2,7,0,12,11,7,2,0,0,0,0,0,0,1
"POINT (6.983192041000050 51.456929941000098)",Unfall 183771 (2022) Kat:3, Licht: 2,183771,3,6,3,11,17,4,1,2,1,0,0,1,0,0
"POINT (6.949361894000050 51.471200508999999)",Unfall 183822 (2022) Kat:3, Licht: 0,183822,3,1,2,11,15,4,0,0,1,1,0,0,0,0
"POINT (7.012868556000060 51.454348269000000)",Unfall 183828 (2022) Kat:3, Licht: 0,183828,3,7,6,11,10,2,0,0,0,0,1,0,0,1
"POINT (6.941561644000050 51.473034183999999)",Unfall 183879 (2022) Kat:3, Licht: 0,183879,3,7,6,11,12,3,1,0,0,0,1,0,0,1
"POINT (6.995363792000030 51.441697029000103)",Unfall 183927 (2022) Kat:3, Licht: 2,183927,3,1,0,11,17,2,1,2,1,0,0,0,0,0
"POINT (7.073944598000030 51.448032718000000)",Unfall 183930 (2022) Kat:3, Licht: 1,183930,3,2,4,12,18,6,1,1,0,1,0,0,0,1
"POINT (7.067319752000060 51.402427228000100)",Unfall 183973 (2022) Kat:3, Licht: 0,183973,3,4,6,11,12,4,0,0,0,1,1,0,0,0
"POINT (7.060741699000060 51.443864519000002)",Unfall 184025 (2022) Kat:3, Licht: 0,184025,3,6,0,11,08,5,0,0,1,1,0,0,0,0
"POINT (7.033176428000050 51.476388614000001)",Unfall 184109 (2022) Kat:3, Licht: 0,184109,3,7,6,11,15,3,1,0,0,1,1,0,0,0
"POINT (7.014733254000020 51.452421493000003)",Unfall 184110 (2022) Kat:3, Licht: 0,184110,3,4,6,11,15,2,1,0,0,1,1,0,0,0
"POINT (7.014917323000020 51.452382279000098)",Unfall 184201 (2022) Kat:3, Licht: 0,184201,3,7,0,11,08,6,0,0,0,0,1,0,0,1
"POINT (7.011214356000040 51.451880754999998)",Unfall 184264 (2022) Kat:3, Licht: 1,184264,3,7,0,11,09,2,1,1,0,0,0,1,0,0
"POINT (7.010011417000040 51.525686638000103)",Unfall 184266 (2022) Kat:3, Licht: 0,184266,3,5,3,12,14,6,0,0,1,1,0,0,0,0
"POINT (6.930390305000060 51.457464195000099)",Unfall 184341 (2022) Kat:2, Licht: 2,184341,2,7,1,12,19,6,0,2,0,1,0,0,0,0
"POINT (7.006531249000030 51.436367197000003)",Unfall 184360 (2022) Kat:3, Licht: 1,184360,3,3,5,12,15,2,1,1,0,1,0,1,0,0
"POINT (7.000971283000070 51.421630352000101)",Unfall 184377 (2022) Kat:3, Licht: 0,184377,3,7,9,12,14,1,0,0,0,1,0,0,0,0
"POINT (6.957386540000070 51.472482597000102)",Unfall 184478 (2022) Kat:3, Licht: 1,184478,3,1,1,12,17,6,1,1,0,1,0,0,0,0
"POINT (7.000198598000050 51.442561460000000)",Unfall 184542 (2022) Kat:3, Licht: 2,184542,3,7,0,12,16,6,0,2,1,0,0,0,0,0
"POINT (7.079795674000020 51.446007355000098)",Unfall 184557 (2022) Kat:3, Licht: 2,184557,3,6,1,12,19,3,0,2,0,0,0,0,0,1
"POINT (6.933471543000050 51.470078194999999)",Unfall 184601 (2022) Kat:3, Licht: 0,184601,3,7,0,12,13,7,1,0,1,0,0,0,0,0
"POINT (7.006458356000050 51.465333085000097)",Unfall 184641 (2022) Kat:3, Licht: 0,184641,3,7,6,12,09,7,0,0,0,1,1,0,0,0
"POINT (6.982914749000030 51.452845082000103)",Unfall 184644 (2022) Kat:3, Licht: 2,184644,3,4,6,12,00,3,1,2,0,1,1,0,0,0
"POINT (7.002532664000060 51.427017970000101)",Unfall 184650 (2022) Kat:3, Licht: 2,184650,3,4,6,12,16,5,1,2,0,1,1,0,0,0
"POINT (7.003635317000030 51.433765568000098)",Unfall 184681 (2022) Kat:3, Licht: 0,184681,3,2,6,12,08,2,1,0,0,1,1,0,0,0
"POINT (6.987718120000070 51.453840186000001)",Unfall 184738 (2022) Kat:3, Licht: 0,184738,3,7,0,12,14,4,1,0,0,1,0,0,0,0
"POINT (6.970146806000060 51.455082935000100)",Unfall 184753 (2022) Kat:3, Licht: 2,184753,3,1,0,12,19,6,1,2,0,1,0,0,0,0
"POINT (7.013612878000060 51.447480779999999)",Unfall 184802 (2022) Kat:3, Licht: 2,184802,3,2,6,12,20,6,1,2,0,1,1,0,0,0
"POINT (7.065356662000060 51.458135926000097)",Unfall 184805 (2022) Kat:3, Licht: 0,184805,3,6,2,12,11,3,0,0,0,1,0,0,0,0
"POINT (7.108263538000070 51.445255623000001)",Unfall 184813 (2022) Kat:3, Licht: 0,184813,3,1,4,12,11,1,1,0,1,1,0,0,0,0
"POINT (7.006663889000040 51.457459175000103)",Unfall 184824 (2022) Kat:3, Licht: 1,184824,3,7,6,12,14,3,1,1,0,1,1,0,0,0
"POINT (7.009338165000030 51.456760650000000)",Unfall 184825 (2022) Kat:3, Licht: 2,184825,3,7,0,12,16,4,0,2,0,1,0,1,0,1
"POINT (6.996205863000060 51.444447228999998)",Unfall 184875 (2022) Kat:3, Licht: 2,184875,3,7,0,12,17,1,1,2,0,0,0,0,0,1
"POINT (7.028492615000060 51.458103273000098)",Unfall 184886 (2022) Kat:3, Licht: 2,184886,3,1,8,12,23,6,1,2,0,1,0,0,0,0
"POINT (7.077410130000030 51.448922603000000)",Unfall 184966 (2022) Kat:3, Licht: 2,184966,3,4,6,12,07,2,1,2,0,1,1,0,0,0
"POINT (6.982491667000030 51.452119262000103)",Unfall 184990 (2022) Kat:2, Licht: 2,184990,2,6,8,12,16,4,0,2,0,1,1,0,0,0
"POINT (6.921363324000030 51.473062619000103)",Unfall 185025 (2022) Kat:2, Licht: 2,185025,2,1,1,12,17,3,1,2,0,1,0,0,0,0
"POINT (7.005364509000060 51.437053327000100)",Unfall 185141 (2022) Kat:3, Licht: 2,185141,3,7,6,12,19,3,0,2,0,1,1,0,0,0
"POINT (7.013549855000060 51.463471433000102)",Unfall 185208 (2022) Kat:3, Licht: 2,185208,3,3,5,12,23,3,1,2,0,1,0,0,0,0
"POINT (7.010700818000030 51.463282796999998)",Unfall 185223 (2022) Kat:3, Licht: 1,185223,3,6,2,12,16,3,1,1,0,1,0,0,0,0
"POINT (6.991240707000030 51.423869484000100)",Unfall 185257 (2022) Kat:3, Licht: 0,185257,3,7,2,12,14,5,0,0,0,1,0,0,0,1
"POINT (7.012082144000030 51.459241202999998)",Unfall 185283 (2022) Kat:3, Licht: 2,185283,3,7,0,12,18,3,0,2,1,0,0,0,0,0
"POINT (7.042065637000064 51.481363553000051)",Unfall 22290 (2023) Kat:3, Licht: 2,22290,3,6,0,01,07,4,1,2,1,1,0,0,0,0
"POINT (6.981406588000027 51.442651278000028)",Unfall 22291 (2023) Kat:3, Licht: 2,22291,3,1,0,01,00,4,0,2,0,0,0,1,0,0
"POINT (7.060901990000048 51.462338783000064)",Unfall 22381 (2023) Kat:3, Licht: 0,22381,3,6,2,01,14,2,1,0,0,1,0,0,0,0
"POINT (6.983026559000052 51.476806817000067)",Unfall 22788 (2023) Kat:3, Licht: 1,22788,3,2,6,01,08,2,1,1,0,1,1,0,0,0
"POINT (6.993400338000072 51.454664395000066)",Unfall 22926 (2023) Kat:3, Licht: 2,22926,3,7,6,01,01,1,0,2,0,1,1,0,0,0
"POINT (7.015873606000071 51.453493698000045)",Unfall 23519 (2023) Kat:3, Licht: 0,23519,3,7,6,01,14,2,1,0,0,1,1,0,0,0
"POINT (7.028887727000040 51.472181745000057)",Unfall 25262 (2023) Kat:3, Licht: 2,25262,3,1,8,01,01,3,1,2,0,1,0,0,0,0
"POINT (7.010759790000066 51.493733619000068)",Unfall 25669 (2023) Kat:3, Licht: 0,25669,3,2,2,01,11,2,1,0,0,1,0,0,0,0
"POINT (7.031363141000043 51.440130027000066)",Unfall 25670 (2023) Kat:3, Licht: 2,25670,3,4,6,01,17,2,1,2,0,1,1,0,0,0
"POINT (7.011525844000062 51.442920571000059)",Unfall 25671 (2023) Kat:3, Licht: 1,25671,3,2,6,01,16,2,1,1,0,1,1,0,0,0
"POINT (7.004800107000051 51.440772994000042)",Unfall 25672 (2023) Kat:3, Licht: 0,25672,3,1,0,01,12,2,1,0,0,0,0,0,0,1
"POINT (6.951871589000064 51.495217030000049)",Unfall 25751 (2023) Kat:3, Licht: 2,25751,3,3,5,01,23,1,1,2,0,1,0,0,0,0
"POINT (6.921679384000072 51.358820596000044)",Unfall 25752 (2023) Kat:2, Licht: 0,25752,2,1,0,01,11,1,1,0,1,0,0,0,0,0
"POINT (7.003052746000037 51.447355683000069)",Unfall 25753 (2023) Kat:3, Licht: 2,25753,3,3,5,01,00,1,1,2,0,1,0,0,0,0
"POINT (7.007324930000038 51.452754342000048)",Unfall 25816 (2023) Kat:3, Licht: 2,25816,3,7,1,01,02,7,0,2,0,1,0,0,0,0
"POINT (7.032461066000053 51.473225079000031)",Unfall 25909 (2023) Kat:3, Licht: 1,25909,3,4,6,01,18,6,1,1,0,1,1,0,0,0
"POINT (7.007154993000029 51.510270727000034)",Unfall 25910 (2023) Kat:3, Licht: 2,25910,3,6,3,01,19,6,1,2,0,1,0,0,0,1
"POINT (6.905534332000059 51.479194242000062)",Unfall 25911 (2023) Kat:2, Licht: 0,25911,2,7,8,01,15,6,1,0,0,1,0,0,0,0
"POINT (7.002137341000036 51.434408520000034)",Unfall 25912 (2023) Kat:3, Licht: 2,25912,3,2,6,01,05,6,1,2,0,1,1,0,0,0
"POINT (7.018034951000061 51.465522089000046)",Unfall 25913 (2023) Kat:3, Licht: 2,25913,3,3,5,01,06,6,0,2,1,1,0,0,0,0
"POINT (7.091691870000034 51.467760973000054)",Unfall 25917 (2023) Kat:3, Licht: 2,25917,3,6,2,01,17,6,1,2,0,1,0,0,0,0
"POINT (7.058356451000066 51.461618878000081)",Unfall 25918 (2023) Kat:3, Licht: 0,25918,3,6,2,01,12,6,1,0,0,1,0,0,1,0
"POINT (7.030955170000027 51.424088008000069)",Unfall 26044 (2023) Kat:3, Licht: 0,26044,3,4,6,01,15,5,1,0,0,1,1,0,0,0
"POINT (7.119889741000065 51.436694936000038)",Unfall 26045 (2023) Kat:3, Licht: 2,26045,3,4,6,01,08,5,1,2,0,1,1,0,0,0
"POINT (7.047513020000054 51.446743660000038)",Unfall 26046 (2023) Kat:3, Licht: 0,26046,3,2,0,01,11,5,1,0,0,1,0,0,0,0
"POINT (7.034931052000047 51.444521169000041)",Unfall 26047 (2023) Kat:3, Licht: 2,26047,3,2,6,01,19,5,1,2,0,1,1,0,0,0
"POINT (7.022306545000049 51.443529357000045)",Unfall 26048 (2023) Kat:3, Licht: 0,26048,3,2,4,01,08,5,1,0,0,1,0,0,0,0
"POINT (7.048745146000044 51.427587125000059)",Unfall 26168 (2023) Kat:3, Licht: 0,26168,3,7,0,01,15,4,0,0,0,0,0,0,0,1
"POINT (6.975896773000045 51.449740221000070)",Unfall 26169 (2023) Kat:3, Licht: 0,26169,3,6,0,01,13,4,0,0,0,1,0,0,0,1
"POINT (7.037450681000053 51.447993915000040)",Unfall 26170 (2023) Kat:3, Licht: 2,26170,3,4,6,01,07,4,1,2,0,1,1,0,0,0
"POINT (7.009467041000050 51.486447929000065)",Unfall 26304 (2023) Kat:3, Licht: 2,26304,3,2,6,01,18,3,1,2,0,0,1,0,0,1
"POINT (7.022536675000026 51.387915520000035)",Unfall 26306 (2023) Kat:3, Licht: 0,26306,3,6,2,01,12,3,0,0,0,1,0,0,1,0
"POINT (6.967071466000050 51.417604960000062)",Unfall 26308 (2023) Kat:3, Licht: 2,26308,3,3,5,01,17,3,1,2,1,1,0,0,0,0
"POINT (7.015726655000037 51.419114048000040)",Unfall 26309 (2023) Kat:3, Licht: 0,26309,3,7,1,01,10,3,0,0,0,1,1,0,0,0
"POINT (6.996678167000027 51.423278179000079)",Unfall 26313 (2023) Kat:3, Licht: 2,26313,3,6,2,01,17,3,1,2,0,1,0,0,0,0
"POINT (6.980187509000075 51.460672789000057)",Unfall 26406 (2023) Kat:3, Licht: 2,26406,3,4,6,01,07,2,1,2,0,1,1,0,0,0
"POINT (6.959957517000021 51.420988444000045)",Unfall 26407 (2023) Kat:3, Licht: 0,26407,3,7,0,01,08,2,0,0,0,1,0,0,0,0
"POINT (6.959070700000041 51.419974930000080)",Unfall 26408 (2023) Kat:3, Licht: 2,26408,3,4,6,01,18,2,1,2,0,1,1,0,0,0
"POINT (7.086402297000063 51.465566350000074)",Unfall 26413 (2023) Kat:2, Licht: 0,26413,2,1,8,01,14,2,1,0,0,1,0,0,0,0
"POINT (7.048041969000053 51.495705440000052)",Unfall 26484 (2023) Kat:3, Licht: 0,26484,3,1,4,01,15,1,1,0,0,0,0,0,1,1
"POINT (6.935023495000053 51.496412577000058)",Unfall 26485 (2023) Kat:3, Licht: 0,26485,3,7,0,01,10,1,0,0,1,1,0,0,0,0
"POINT (6.913716868000051 51.361911907000035)",Unfall 26486 (2023) Kat:3, Licht: 2,26486,3,1,8,01,20,1,1,2,0,1,0,0,0,0
"POINT (6.999337006000076 51.423126924000030)",Unfall 26490 (2023) Kat:3, Licht: 0,26490,3,6,0,01,12,1,0,0,0,1,0,0,0,0
"POINT (6.992736085000047 51.445666575000075)",Unfall 26491 (2023) Kat:3, Licht: 0,26491,3,6,2,01,14,1,1,0,0,1,0,0,0,1
"POINT (7.004483619000041 51.434125572000028)",Unfall 26541 (2023) Kat:3, Licht: 2,26541,3,2,0,01,22,7,1,2,0,1,1,0,0,0
"POINT (7.047423209000044 51.457325962000027)",Unfall 26544 (2023) Kat:3, Licht: 2,26544,3,6,2,01,16,7,0,2,0,1,0,0,0,0
"POINT (6.984411730000033 51.475754734000077)",Unfall 26619 (2023) Kat:3, Licht: 0,26619,3,3,0,01,14,6,1,0,0,1,0,0,0,1
"POINT (6.951863654000022 51.495222790000071)",Unfall 26620 (2023) Kat:3, Licht: 2,26620,3,3,5,01,03,6,1,2,0,1,0,0,0,0
"POINT (7.005476223000073 51.388457783000035)",Unfall 26621 (2023) Kat:3, Licht: 1,26621,3,4,6,01,07,6,0,1,0,1,1,0,0,0
"POINT (7.083515426000076 51.444769810000082)",Unfall 26698 (2023) Kat:3, Licht: 0,26698,3,6,2,01,10,1,0,0,0,1,0,0,0,0
"POINT (6.997608454000044 51.492662505000055)",Unfall 26703 (2023) Kat:3, Licht: 2,26703,3,2,6,01,07,5,1,2,0,0,1,0,0,1
"POINT (6.966325929000050 51.448780436000050)",Unfall 26704 (2023) Kat:3, Licht: 2,26704,3,2,9,01,23,5,1,2,0,1,0,0,0,0
"POINT (6.963574244000029 51.427437178000048)",Unfall 26822 (2023) Kat:3, Licht: 2,26822,3,2,5,02,17,2,0,2,1,1,0,0,0,0
"POINT (7.037418215000059 51.448355579000065)",Unfall 26823 (2023) Kat:3, Licht: 0,26823,3,4,6,02,14,2,0,0,0,1,1,0,0,0
"POINT (6.955943625000032 51.472515055000031)",Unfall 26873 (2023) Kat:3, Licht: 0,26873,3,2,5,02,15,1,1,0,0,1,0,0,0,0
"POINT (7.027612316000045 51.458755383000039)",Unfall 26874 (2023) Kat:3, Licht: 0,26874,3,1,0,02,17,1,1,0,0,0,0,0,0,1
"POINT (6.978519967000068 51.476412189000030)",Unfall 26924 (2023) Kat:3, Licht: 0,26924,3,2,5,02,17,7,0,0,0,1,0,0,0,0
"POINT (6.983026559000052 51.476806817000067)",Unfall 26925 (2023) Kat:3, Licht: 0,26925,3,6,1,02,11,7,0,0,0,1,0,0,0,0
"POINT (7.093104850000032 51.463534410000079)",Unfall 26926 (2023) Kat:3, Licht: 0,26926,3,2,6,02,15,7,0,0,0,1,1,0,0,0
"POINT (7.017306068000039 51.423090722000040)",Unfall 26989 (2023) Kat:3, Licht: 0,26989,3,2,2,02,14,6,1,0,0,1,0,0,0,0
"POINT (7.009469272000047 51.486431065000033)",Unfall 27167 (2023) Kat:3, Licht: 2,27167,3,3,5,02,18,4,1,2,0,1,0,0,0,1
"POINT (7.097711739000033 51.437601334000078)",Unfall 27168 (2023) Kat:3, Licht: 2,27168,3,1,1,02,19,4,1,2,0,1,0,0,0,0
"POINT (7.023023249000062 51.469075508000060)",Unfall 27239 (2023) Kat:3, Licht: 2,27239,3,3,5,01,05,3,0,2,1,1,0,0,0,0
"POINT (7.013793609000061 51.474457542000039)",Unfall 27336 (2023) Kat:3, Licht: 2,27336,3,4,6,01,07,2,1,2,0,1,1,0,0,0
"POINT (6.979415432000053 51.484142936000069)",Unfall 27337 (2023) Kat:3, Licht: 2,27337,3,3,4,01,06,2,1,2,1,1,0,0,0,0
"POINT (6.984818764000067 51.381977660000075)",Unfall 27338 (2023) Kat:3, Licht: 0,27338,3,3,5,01,08,2,1,0,0,1,0,0,0,0
"POINT (7.006121778000022 51.444692358000054)",Unfall 27362 (2023) Kat:3, Licht: 0,27362,3,6,2,01,13,3,1,0,0,1,0,0,0,0
"POINT (7.001874410000028 51.388222446000043)",Unfall 27434 (2023) Kat:3, Licht: 2,27434,3,4,6,01,11,7,0,2,0,1,1,0,0,0
"POINT (6.988969468000050 51.403915930000039)",Unfall 27435 (2023) Kat:3, Licht: 0,27435,3,1,0,01,14,7,0,0,0,0,0,1,0,0
"POINT (7.055724263000059 51.428521934000059)",Unfall 27501 (2023) Kat:3, Licht: 0,27501,3,6,1,01,13,6,1,0,0,1,0,0,0,0
"POINT (7.001507015000072 51.506815791000065)",Unfall 27504 (2023) Kat:3, Licht: 0,27504,3,1,9,01,13,6,0,0,0,1,0,0,0,0
"POINT (7.037518420000026 51.448338473000035)",Unfall 27588 (2023) Kat:3, Licht: 2,27588,3,4,6,01,07,5,1,2,0,1,1,0,0,0
"POINT (7.104279661000021 51.472164944000042)",Unfall 27591 (2023) Kat:3, Licht: 2,27591,3,6,8,01,06,5,1,2,0,0,0,0,0,1
"POINT (7.106338868000023 51.471878449000030)",Unfall 27610 (2023) Kat:3, Licht: 2,27610,3,1,1,01,06,5,2,2,0,1,0,0,0,0
"POINT (7.009687494000048 51.492514547000042)",Unfall 27667 (2023) Kat:3, Licht: 0,27667,3,2,1,01,13,4,0,0,0,1,0,1,0,0
"POINT (7.074105347000057 51.419334955000068)",Unfall 27668 (2023) Kat:3, Licht: 0,27668,3,7,1,01,09,4,0,0,0,1,0,0,0,0
"POINT (7.054443838000054 51.466889116000061)",Unfall 27669 (2023) Kat:3, Licht: 2,27669,3,2,5,01,17,4,1,2,0,1,0,0,0,0
"POINT (7.009467846000064 51.486441843000080)",Unfall 27738 (2023) Kat:3, Licht: 1,27738,3,4,6,02,18,5,0,1,0,1,1,0,0,0
"POINT (6.916568461000054 51.487305462000052)",Unfall 27767 (2023) Kat:3, Licht: 2,27767,3,7,2,01,17,3,0,2,0,1,0,0,0,1
"POINT (7.016375541000059 51.428403397000068)",Unfall 27768 (2023) Kat:3, Licht: 0,27768,3,6,1,01,10,3,0,0,0,1,0,0,0,1
"POINT (6.973037572000067 51.443207759000074)",Unfall 27769 (2023) Kat:3, Licht: 2,27769,3,2,5,01,17,3,0,2,0,1,0,0,0,0
"POINT (6.975696677000030 51.442306576000078)",Unfall 27770 (2023) Kat:3, Licht: 0,27770,3,3,5,01,07,3,1,0,0,1,0,0,0,0
"POINT (7.034044390000076 51.449575874000061)",Unfall 27771 (2023) Kat:3, Licht: 0,27771,3,2,6,01,12,3,0,0,0,1,1,0,0,0
"POINT (7.007980157000077 51.440676626000027)",Unfall 27772 (2023) Kat:3, Licht: 0,27772,3,4,6,01,12,3,0,0,1,0,1,0,0,0
"POINT (6.979025468000032 51.419356566000033)",Unfall 27944 (2023) Kat:3, Licht: 0,27944,3,2,0,01,12,7,2,0,0,1,0,0,0,0
"POINT (7.049232337000035 51.503040904000045)",Unfall 28035 (2023) Kat:3, Licht: 2,28035,3,3,5,01,23,6,1,2,0,1,0,0,0,0
"POINT (7.080162193000035 51.475825909000037)",Unfall 28036 (2023) Kat:3, Licht: 2,28036,3,7,0,01,20,6,0,2,0,0,0,1,0,0
"POINT (7.007332465000047 51.509886825000081)",Unfall 28163 (2023) Kat:3, Licht: 2,28163,3,7,0,01,23,3,0,2,0,1,1,0,0,0
"POINT (7.047829378000074 51.466260194000029)",Unfall 28179 (2023) Kat:3, Licht: 1,28179,3,2,6,01,07,5,2,1,0,1,1,0,0,0
"POINT (7.027018570000052 51.446378761000062)",Unfall 28180 (2023) Kat:3, Licht: 0,28180,3,6,2,01,08,5,2,0,0,1,0,0,0,0
"POINT (7.058869575000074 51.445526999000037)",Unfall 28181 (2023) Kat:3, Licht: 2,28181,3,6,3,01,07,5,2,2,0,1,0,0,1,0
"POINT (7.004164717000037 51.482383346000063)",Unfall 28325 (2023) Kat:3, Licht: 0,28325,3,1,2,01,12,4,2,0,0,1,0,0,0,0
"POINT (6.977306071000044 51.478290314000049)",Unfall 28369 (2023) Kat:3, Licht: 2,28369,3,4,6,01,19,4,0,2,0,1,1,0,0,0
"POINT (6.978142700000035 51.477358911000067)",Unfall 28452 (2023) Kat:3, Licht: 0,28452,3,6,3,01,12,3,1,0,0,1,0,0,0,0
"POINT (6.935023495000053 51.496412577000058)",Unfall 28453 (2023) Kat:3, Licht: 0,28453,3,3,5,01,15,3,0,0,1,1,0,0,0,0
"POINT (7.078678403000026 51.462322016000030)",Unfall 28454 (2023) Kat:3, Licht: 1,28454,3,4,6,01,18,3,1,1,0,1,1,0,0,0
"POINT (7.018828984000038 51.445945661000053)",Unfall 28455 (2023) Kat:2, Licht: 2,28455,2,7,6,01,07,3,1,2,0,1,1,0,0,0
"POINT (7.028705505000062 51.437407602000064)",Unfall 28457 (2023) Kat:2, Licht: 1,28457,2,4,6,01,07,3,1,1,0,1,1,0,0,0
"POINT (7.046475351000026 51.456622182000046)",Unfall 28474 (2023) Kat:3, Licht: 1,28474,3,6,3,03,18,3,1,1,0,1,0,0,1,0
"POINT (6.999746000000073 51.446822301000054)",Unfall 28475 (2023) Kat:3, Licht: 0,28475,3,6,2,03,14,3,1,0,0,1,0,0,0,0
"POINT (7.093128552000053 51.463527723000027)",Unfall 28548 (2023) Kat:2, Licht: 1,28548,2,2,5,03,18,2,1,1,0,1,0,1,0,0
"POINT (7.005355961000021 51.456933954000078)",Unfall 28549 (2023) Kat:2, Licht: 2,28549,2,3,5,03,19,2,1,2,0,1,0,0,0,0
"POINT (7.077844475000063 51.466412803000026)",Unfall 28550 (2023) Kat:3, Licht: 0,28550,3,1,2,03,11,2,0,0,0,1,0,0,0,0
"POINT (7.013981734000026 51.450043468000047)",Unfall 28586 (2023) Kat:3, Licht: 0,28586,3,3,3,03,14,1,0,0,0,1,0,0,0,0
"POINT (6.999042204000034 51.423234047000051)",Unfall 28618 (2023) Kat:3, Licht: 0,28618,3,4,6,03,11,7,0,0,0,1,1,0,0,0
"POINT (6.995812956000066 51.498442462000071)",Unfall 28676 (2023) Kat:3, Licht: 0,28676,3,1,2,03,13,6,0,0,0,1,0,0,0,1
"POINT (7.007501442000034 51.508830271000079)",Unfall 28677 (2023) Kat:3, Licht: 0,28677,3,2,4,03,16,6,0,0,0,1,0,0,0,0
"POINT (7.003054949000045 51.447353519000046)",Unfall 28678 (2023) Kat:3, Licht: 0,28678,3,2,5,03,12,6,0,0,0,1,0,0,0,1
"POINT (7.015912658000047 51.462531735000027)",Unfall 28679 (2023) Kat:3, Licht: 0,28679,3,6,2,03,12,6,0,0,0,1,0,0,0,0
"POINT (7.008812397000042 51.494621534000032)",Unfall 28756 (2023) Kat:3, Licht: 1,28756,3,7,5,03,18,5,0,1,0,1,0,0,0,0
"POINT (7.026579497000057 51.421410117000050)",Unfall 28757 (2023) Kat:2, Licht: 0,28757,2,5,1,03,11,5,0,0,1,1,0,0,0,0
"POINT (7.026056534000077 51.449296419000063)",Unfall 28758 (2023) Kat:3, Licht: 0,28758,3,3,5,03,16,5,0,0,0,1,0,0,0,0
"POINT (7.016463779000048 51.450738080000065)",Unfall 28834 (2023) Kat:3, Licht: 0,28834,3,6,3,03,06,4,0,0,0,1,0,0,0,0
"POINT (7.005083936000062 51.457642380000038)",Unfall 28835 (2023) Kat:3, Licht: 0,28835,3,6,2,03,08,4,0,0,0,1,0,0,0,0
"POINT (7.093272967000075 51.468693844000029)",Unfall 28842 (2023) Kat:3, Licht: 0,28842,3,6,2,03,12,4,0,0,0,1,0,0,0,0
"POINT (7.054808358000059 51.431326349000074)",Unfall 28921 (2023) Kat:3, Licht: 2,28921,3,7,5,02,19,3,0,2,1,1,0,0,0,0
"POINT (7.024532124000075 51.437149748000081)",Unfall 29004 (2023) Kat:3, Licht: 0,29004,3,3,0,02,12,2,0,0,1,1,0,0,0,0
"POINT (7.048636575000046 51.446569836000037)",Unfall 29005 (2023) Kat:3, Licht: 0,29005,3,5,2,02,08,2,0,0,0,1,0,0,0,0
"POINT (7.015099402000033 51.460464819000038)",Unfall 29006 (2023) Kat:3, Licht: 0,29006,3,1,2,02,08,2,0,0,0,1,0,0,0,0
"POINT (7.068288515000063 51.473021441000071)",Unfall 29049 (2023) Kat:3, Licht: 0,29049,3,7,5,02,14,1,0,0,1,1,0,0,0,0
"POINT (7.067000518000043 51.442711067000062)",Unfall 29050 (2023) Kat:3, Licht: 0,29050,3,3,5,02,13,1,0,0,0,1,0,0,0,0
"POINT (6.943471887000044 51.395070491000070)",Unfall 29053 (2023) Kat:3, Licht: 2,29053,3,7,0,02,19,1,0,2,0,1,0,0,0,0
"POINT (6.937050790000058 51.486226617000057)",Unfall 29101 (2023) Kat:3, Licht: 2,29101,3,1,0,02,04,7,1,2,0,0,0,0,0,1
"POINT (7.038899158000049 51.454227572000036)",Unfall 29103 (2023) Kat:3, Licht: 0,29103,3,6,2,02,09,7,1,0,0,1,0,0,0,0
"POINT (7.018337358000053 51.469860045000075)",Unfall 29184 (2023) Kat:3, Licht: 0,29184,3,4,6,02,08,6,0,0,0,0,1,0,0,1
"POINT (7.107317044000069 51.414856157000031)",Unfall 29229 (2023) Kat:3, Licht: 0,29229,3,7,0,02,08,3,0,0,0,1,0,0,0,0
"POINT (7.107335664000061 51.414853860000051)",Unfall 29269 (2023) Kat:3, Licht: 0,29269,3,7,0,02,16,5,0,0,0,1,1,0,0,0
"POINT (7.073126579000075 51.422258371000055)",Unfall 29270 (2023) Kat:2, Licht: 2,29270,2,3,6,02,18,5,1,2,0,1,1,0,0,0
"POINT (7.055724263000059 51.428521934000059)",Unfall 29272 (2023) Kat:3, Licht: 2,29272,3,6,1,02,05,5,1,2,0,1,0,1,0,0
"POINT (7.015464282000039 51.461929752000060)",Unfall 29274 (2023) Kat:3, Licht: 0,29274,3,6,1,02,10,5,1,0,0,1,0,0,0,0