WKT,Name,OBJECTID,UKATEGORIE,UTYP1,UART,UMONAT,USTUNDE,UWOCHENTAG,STRZUSTAND,ULICHTVERH,ISTRAD,ISTPKW,ISTFUSS,ISTKRAD,ISTGKFZ,ISTSONSTIG
"POINT (7.021628895000049 51.510670569000069)",Unfall 33838 (2023) Kat:3, Licht: 0,33838,3,6,2,05,08,4,0,0,0,1,0,0,0,1
"POINT (7.056417337000028 51.458419128000060)",Unfall 33913 (2023) Kat:3, Licht: 0,33913,3,7,0,05,19,3,0,0,0,0,0,1,0,0
"POINT (7.003567786000076 51.439584990000071)",Unfall 33976 (2023) Kat:3, Licht: 0,33976,3,3,5,05,19,2,0,0,1,1,0,0,0,0
"POINT (7.085719297000026 51.465486315000078)",Unfall 33977 (2023) Kat:3, Licht: 0,33977,3,1,3,05,17,2,1,0,0,1,0,0,0,0
"POINT (7.022731806000024 51.432506773000057)",Unfall 33978 (2023) Kat:3, Licht: 0,33978,3,6,2,05,14,2,0,0,0,1,0,0,0,0
"POINT (6.966761496000061 51.473550765000027)",Unfall 34075 (2023) Kat:3, Licht: 0,34075,3,3,4,04,17,1,0,0,1,1,0,0,0,0
"POINT (7.036194208000040 51.383974060000071)",Unfall 34076 (2023) Kat:3, Licht: 0,34076,3,1,9,04,16,1,0,0,1,0,0,0,0,0
"POINT (7.035538638000048 51.449018675000048)",Unfall 34077 (2023) Kat:3, Licht: 0,34077,3,2,6,05,13,3,0,0,0,1,1,0,0,0
"POINT (6.998002064000048 51.455047457000035)",Unfall 34078 (2023) Kat:3, Licht: 2,34078,3,1,0,04,01,1,0,2,0,0,0,0,0,1
"POINT (7.051012735000029 51.458810087000074)",Unfall 34081 (2023) Kat:2, Licht: 0,34081,2,1,0,04,18,1,0,0,0,1,0,1,0,1
"POINT (7.049410206000061 51.503485358000034)",Unfall 34142 (2023) Kat:3, Licht: 0,34142,3,7,0,04,19,7,0,0,0,1,0,0,0,0
"POINT (7.033868643000062 51.442662627000061)",Unfall 34143 (2023) Kat:3, Licht: 0,34143,3,6,2,04,12,7,0,0,0,1,0,0,0,0
"POINT (7.005388284000048 51.456893073000060)",Unfall 34144 (2023) Kat:3, Licht: 0,34144,3,3,5,04,16,7,0,0,0,1,0,0,0,0
"POINT (6.942020423000031 51.366997535000053)",Unfall 34226 (2023) Kat:3, Licht: 0,34226,3,6,1,04,15,6,0,0,0,1,0,0,0,0
"POINT (6.954363928000021 51.399674414000060)",Unfall 34227 (2023) Kat:3, Licht: 0,34227,3,6,2,04,17,6,0,0,0,1,0,0,0,0
"POINT (7.057297937000044 51.409857833000046)",Unfall 34326 (2023) Kat:3, Licht: 0,34326,3,4,6,04,12,5,0,0,0,1,1,0,0,0
"POINT (7.122746397000071 51.418351605000055)",Unfall 34327 (2023) Kat:2, Licht: 0,34327,2,7,5,04,19,5,0,0,1,1,0,0,0,0
"POINT (6.991740399000037 51.472006824000061)",Unfall 34412 (2023) Kat:3, Licht: 0,34412,3,6,2,04,12,4,0,0,0,1,0,0,0,0
"POINT (7.009468274000028 51.486438608000071)",Unfall 34592 (2023) Kat:3, Licht: 0,34592,3,6,2,04,16,2,1,0,0,1,0,0,0,0
"POINT (6.956517630000064 51.468434996000042)",Unfall 34593 (2023) Kat:3, Licht: 0,34593,3,3,5,04,08,2,1,0,0,1,0,0,0,1
"POINT (6.978578319000064 51.476414071000079)",Unfall 34595 (2023) Kat:3, Licht: 0,34595,3,3,5,04,12,2,1,0,0,1,0,0,1,0
"POINT (6.931414917000041 51.353350508000062)",Unfall 34596 (2023) Kat:3, Licht: 0,34596,3,1,0,04,19,2,0,0,1,0,0,0,0,0
"POINT (7.073134948000074 51.423199984000064)",Unfall 34597 (2023) Kat:3, Licht: 0,34597,3,3,0,04,12,2,1,0,0,1,0,0,0,1
"POINT (7.005083936000062 51.457642380000038)",Unfall 34598 (2023) Kat:3, Licht: 1,34598,3,6,3,04,20,2,1,1,0,1,0,0,0,0
"POINT (7.048953884000071 51.500831701000038)",Unfall 34764 (2023) Kat:3, Licht: 0,34764,3,4,6,04,14,7,0,0,0,1,1,0,0,0
"POINT (6.989001229000053 51.490566841000032)",Unfall 34765 (2023) Kat:3, Licht: 0,34765,3,7,0,04,13,7,0,0,1,0,1,0,0,0
"POINT (7.074941872000068 51.450185878000070)",Unfall 34766 (2023) Kat:3, Licht: 0,34766,3,2,0,04,09,7,0,0,0,1,0,0,0,0
"POINT (7.075980568000034 51.399530923000043)",Unfall 34870 (2023) Kat:3, Licht: 0,34870,3,3,0,04,07,6,0,0,1,1,0,0,0,0
"POINT (6.976963993000027 51.478643909000027)",Unfall 34991 (2023) Kat:3, Licht: 0,34991,3,7,0,04,11,5,1,0,0,0,0,0,0,1
"POINT (7.020181093000076 51.388332479000042)",Unfall 34992 (2023) Kat:3, Licht: 0,34992,3,3,5,04,10,5,0,0,0,1,0,1,0,0
"POINT (7.076033586000051 51.449862495000048)",Unfall 34993 (2023) Kat:3, Licht: 0,34993,3,1,5,04,13,5,0,0,0,1,0,1,0,0
"POINT (7.006182386000035 51.448867161000067)",Unfall 34994 (2023) Kat:3, Licht: 0,34994,3,6,0,04,09,5,0,0,0,1,0,0,0,0
"POINT (7.006235905000040 51.455900916000076)",Unfall 35030 (2023) Kat:3, Licht: 0,35030,3,6,2,04,13,1,0,0,0,1,0,0,0,0
"POINT (6.957381535000025 51.477949855000077)",Unfall 35112 (2023) Kat:3, Licht: 0,35112,3,7,0,04,07,4,0,0,0,0,0,0,0,1
"POINT (6.913716868000051 51.361911907000035)",Unfall 35113 (2023) Kat:3, Licht: 0,35113,3,3,5,04,11,4,0,0,1,0,0,1,0,0
"POINT (7.054747702000043 51.431460586000071)",Unfall 35181 (2023) Kat:3, Licht: 0,35181,3,6,2,05,07,5,0,0,0,1,0,0,0,1
"POINT (7.018312155000046 51.449305058000050)",Unfall 35217 (2023) Kat:3, Licht: 0,35217,3,6,3,04,13,2,1,0,0,1,0,0,0,0
"POINT (7.055817244000025 51.497713072000067)",Unfall 35249 (2023) Kat:3, Licht: 0,35249,3,5,1,04,11,3,0,0,0,1,1,0,0,0
"POINT (6.931529939000029 51.357281083000032)",Unfall 35250 (2023) Kat:3, Licht: 0,35250,3,1,0,04,08,3,0,0,1,1,0,0,0,0
"POINT (6.965509055000041 51.437336935000076)",Unfall 35251 (2023) Kat:2, Licht: 0,35251,2,3,5,04,14,3,0,0,1,1,0,0,0,0
"POINT (7.017628769000055 51.454901110000037)",Unfall 35252 (2023) Kat:3, Licht: 0,35252,3,7,6,04,13,3,0,0,0,0,1,0,0,1
"POINT (7.010480944000051 51.461076108000043)",Unfall 35253 (2023) Kat:3, Licht: 0,35253,3,6,2,04,19,3,0,0,0,1,0,0,0,0
"POINT (6.996267121000074 51.492335749000063)",Unfall 35380 (2023) Kat:3, Licht: 0,35380,3,4,6,04,06,2,0,0,1,0,1,0,0,0
"POINT (6.951865340000040 51.495221565000065)",Unfall 35381 (2023) Kat:3, Licht: 1,35381,3,7,3,04,07,2,0,1,0,0,0,0,0,1
"POINT (6.959004930000049 51.419993742000031)",Unfall 35382 (2023) Kat:3, Licht: 0,35382,3,2,0,04,12,2,0,0,0,1,0,1,0,0
"POINT (7.007379731000071 51.449367313000039)",Unfall 35383 (2023) Kat:3, Licht: 0,35383,3,7,0,04,12,2,0,0,0,1,1,0,0,0
"POINT (7.041513746000021 51.447671363000040)",Unfall 35504 (2023) Kat:3, Licht: 0,35504,3,7,0,05,07,3,1,0,1,0,0,0,0,0
"POINT (6.962732374000041 51.462223170000073)",Unfall 35507 (2023) Kat:3, Licht: 0,35507,3,1,8,04,17,7,1,0,0,1,0,0,0,0
"POINT (7.002156028000059 51.480640953000034)",Unfall 35509 (2023) Kat:3, Licht: 0,35509,3,3,1,04,13,7,0,0,1,1,0,0,0,0
"POINT (6.978598751000050 51.434621042000060)",Unfall 35510 (2023) Kat:3, Licht: 0,35510,3,1,8,04,18,7,1,0,0,0,0,1,0,0
"POINT (7.004473128000029 51.434127178000040)",Unfall 35511 (2023) Kat:3, Licht: 2,35511,3,6,2,04,21,7,1,2,1,1,0,0,0,0
"POINT (7.015465926000047 51.461996619000047)",Unfall 35512 (2023) Kat:3, Licht: 2,35512,3,6,2,04,23,7,1,2,0,1,0,0,0,0
"POINT (7.004213008000022 51.459203273000071)",Unfall 35614 (2023) Kat:3, Licht: 0,35614,3,6,3,04,09,6,0,0,0,1,0,0,1,0
"POINT (7.007302125000024 51.452074621000065)",Unfall 35615 (2023) Kat:3, Licht: 0,35615,3,1,1,04,08,6,0,0,0,1,0,0,0,0
"POINT (6.973079250000069 51.449672897000028)",Unfall 35706 (2023) Kat:3, Licht: 1,35706,3,5,1,04,20,5,0,1,1,1,0,0,0,0
"POINT (6.977585700000020 51.446977655000069)",Unfall 35707 (2023) Kat:2, Licht: 0,35707,2,7,0,04,08,5,1,0,1,0,0,0,0,0
"POINT (7.019171459000063 51.443006650000029)",Unfall 35708 (2023) Kat:3, Licht: 0,35708,3,3,5,04,08,5,1,0,1,1,0,0,0,0
"POINT (7.010574652000059 51.460979650000070)",Unfall 35709 (2023) Kat:3, Licht: 0,35709,3,1,1,04,19,5,0,0,0,1,0,0,0,0
"POINT (6.946392885000023 51.397056478000081)",Unfall 35713 (2023) Kat:3, Licht: 0,35713,3,6,3,04,14,5,0,0,0,1,0,0,0,0
"POINT (6.979433969000070 51.482625178000035)",Unfall 35766 (2023) Kat:2, Licht: 0,35766,2,3,5,04,13,7,0,0,0,1,0,0,0,0
"POINT (7.031600113000025 51.450479285000029)",Unfall 35771 (2023) Kat:3, Licht: 0,35771,3,1,3,04,11,6,0,0,0,1,0,0,0,0
"POINT (7.027161423000052 51.471378326000035)",Unfall 35805 (2023) Kat:3, Licht: 0,35805,3,7,0,04,16,4,1,0,1,0,0,0,0,0
"POINT (7.060194819000060 51.484467802000040)",Unfall 35806 (2023) Kat:3, Licht: 0,35806,3,1,8,04,11,4,1,0,0,1,0,0,0,0
"POINT (7.076034111000070 51.449863498000070)",Unfall 35807 (2023) Kat:3, Licht: 0,35807,3,7,0,04,12,4,1,0,0,0,0,0,0,1
"POINT (7.018337358000053 51.469860045000075)",Unfall 35808 (2023) Kat:3, Licht: 0,35808,3,4,6,04,13,4,1,0,0,1,1,0,0,0
"POINT (6.981602995000060 51.444341387000065)",Unfall 35812 (2023) Kat:3, Licht: 0,35812,3,3,3,04,11,4,1,0,0,1,0,0,1,0
"POINT (7.116883166000036 51.437437487000068)",Unfall 35821 (2023) Kat:3, Licht: 0,35821,3,4,6,04,16,4,0,0,0,1,1,0,0,0
"POINT (7.018473775000075 51.466223205000063)",Unfall 35918 (2023) Kat:3, Licht: 0,35918,3,6,2,04,13,3,0,0,0,1,0,0,0,0
"POINT (7.011506790000055 51.479933355000071)",Unfall 36030 (2023) Kat:3, Licht: 0,36030,3,1,0,05,20,2,1,0,0,0,0,1,0,0
"POINT (6.957668746000024 51.462871881000069)",Unfall 36031 (2023) Kat:3, Licht: 0,36031,3,7,0,05,15,2,0,0,0,0,0,0,0,1
"POINT (7.035659650000071 51.454973866000046)",Unfall 36032 (2023) Kat:3, Licht: 1,36032,3,4,6,05,20,2,1,1,0,1,1,0,0,0
"POINT (6.988786967000067 51.459453860000053)",Unfall 36033 (2023) Kat:3, Licht: 0,36033,3,3,5,05,14,2,0,0,0,1,0,0,0,0
"POINT (7.016376189000027 51.428409100000067)",Unfall 36127 (2023) Kat:3, Licht: 0,36127,3,2,5,05,17,1,0,0,1,1,0,0,0,0
"POINT (7.030644971000072 51.450946678000037)",Unfall 36128 (2023) Kat:3, Licht: 0,36128,3,1,0,05,15,1,0,0,1,1,0,0,0,0
"POINT (7.031800516000033 51.444108958000072)",Unfall 36217 (2023) Kat:2, Licht: 0,36217,2,4,6,05,11,7,0,0,0,0,1,0,0,1
"POINT (7.001757306000059 51.448815085000035)",Unfall 36218 (2023) Kat:3, Licht: 0,36218,3,6,2,05,14,7,0,0,0,1,0,1,0,0
"POINT (6.963767743000062 51.454078886000048)",Unfall 36332 (2023) Kat:3, Licht: 0,36332,3,6,2,05,15,6,0,0,0,1,0,0,0,1
"POINT (7.012870992000046 51.450009594000051)",Unfall 36333 (2023) Kat:3, Licht: 0,36333,3,6,2,05,18,6,0,0,0,1,0,0,0,1
"POINT (7.078366988000028 51.464603346000047)",Unfall 36338 (2023) Kat:2, Licht: 2,36338,2,6,3,05,21,6,0,2,0,1,0,0,0,0
"POINT (6.993980713000042 51.504783523000071)",Unfall 36340 (2023) Kat:3, Licht: 0,36340,3,6,2,05,15,6,0,0,0,1,0,0,0,1
"POINT (7.031733326000051 51.499568691000036)",Unfall 36450 (2023) Kat:3, Licht: 0,36450,3,2,2,05,11,5,0,0,0,1,0,1,0,0
"POINT (7.071688976000075 51.450400138000077)",Unfall 36451 (2023) Kat:3, Licht: 0,36451,3,7,0,05,20,5,1,0,1,0,0,0,0,0
"POINT (7.009679724000023 51.500227827000060)",Unfall 36555 (2023) Kat:3, Licht: 2,36555,3,2,2,05,23,4,0,2,0,1,0,0,0,0
"POINT (6.970842562000030 51.478468668000062)",Unfall 36556 (2023) Kat:3, Licht: 0,36556,3,3,5,05,11,4,0,0,0,1,0,1,0,0
"POINT (7.022413271000062 51.442615233000026)",Unfall 36557 (2023) Kat:3, Licht: 0,36557,3,1,0,05,08,4,0,0,0,0,0,0,0,1
"POINT (7.094294262000062 51.449135197000032)",Unfall 36558 (2023) Kat:3, Licht: 0,36558,3,2,5,05,08,4,0,0,0,1,0,0,0,0
"POINT (6.999189237000053 51.485666982000055)",Unfall 36660 (2023) Kat:3, Licht: 0,36660,3,6,2,05,17,3,1,0,0,1,0,0,0,1
"POINT (6.998856544000034 51.422578932000079)",Unfall 36661 (2023) Kat:3, Licht: 0,36661,3,7,9,05,08,3,0,0,0,1,0,0,0,0
"POINT (7.033133254000063 51.449913081000034)",Unfall 36663 (2023) Kat:3, Licht: 0,36663,3,1,0,05,19,3,1,0,0,0,0,1,0,0
"POINT (7.001596292000045 51.481729891000043)",Unfall 36767 (2023) Kat:3, Licht: 0,36767,3,2,5,05,19,2,0,0,0,1,0,1,0,0
"POINT (6.918689053000037 51.452125107000029)",Unfall 36768 (2023) Kat:3, Licht: 0,36768,3,1,2,05,15,2,0,0,0,1,0,0,0,0
"POINT (7.003567786000076 51.439584990000071)",Unfall 36769 (2023) Kat:3, Licht: 0,36769,3,1,5,05,06,2,0,0,0,1,0,0,0,1
"POINT (7.032738049000045 51.459162536000065)",Unfall 36770 (2023) Kat:3, Licht: 0,36770,3,4,6,05,11,2,0,0,0,1,1,0,0,0
"POINT (7.004894553000042 51.459582168000054)",Unfall 36771 (2023) Kat:3, Licht: 0,36771,3,1,0,05,12,2,0,0,1,0,0,0,0,0
"POINT (7.078190172000063 51.458453398000074)",Unfall 36772 (2023) Kat:3, Licht: 0,36772,3,7,2,05,17,2,0,0,0,1,0,0,0,0
"POINT (7.023134524000056 51.437010805000057)",Unfall 36773 (2023) Kat:3, Licht: 0,36773,3,6,2,05,17,2,1,0,0,1,0,0,0,1
"POINT (7.017897792000042 51.435490999000081)",Unfall 36845 (2023) Kat:2, Licht: 1,36845,2,1,8,05,20,1,0,1,0,1,0,0,0,0
"POINT (6.980353434000051 51.436074754000060)",Unfall 36846 (2023) Kat:3, Licht: 0,36846,3,7,0,05,17,1,1,0,1,0,0,0,0,0
"POINT (7.078734617000066 51.459370117000049)",Unfall 36847 (2023) Kat:3, Licht: 0,36847,3,1,0,05,15,1,0,0,0,0,0,1,0,0
"POINT (6.981254053000043 51.444090607000078)",Unfall 36850 (2023) Kat:2, Licht: 0,36850,2,6,2,05,14,1,0,0,0,1,0,0,0,0
"POINT (7.063321934000044 51.485807525000041)",Unfall 36957 (2023) Kat:3, Licht: 0,36957,3,4,6,05,11,7,0,0,0,1,1,0,0,0
"POINT (7.041801285000076 51.437995010000066)",Unfall 36958 (2023) Kat:3, Licht: 0,36958,3,1,1,05,09,7,0,0,0,1,0,0,0,0
"POINT (7.041453698000055 51.473790716000053)",Unfall 37055 (2023) Kat:3, Licht: 0,37055,3,1,2,05,11,1,0,0,1,1,0,0,0,0
"POINT (7.040530771000022 51.476762930000064)",Unfall 37086 (2023) Kat:3, Licht: 1,37086,3,6,2,05,20,6,1,1,0,1,0,1,0,0
"POINT (7.119098123000072 51.416524105000065)",Unfall 37087 (2023) Kat:3, Licht: 0,37087,3,7,6,05,18,6,1,0,0,1,1,0,0,0
"POINT (7.031139887000052 51.450657767000052)",Unfall 37088 (2023) Kat:3, Licht: 0,37088,3,1,0,05,15,6,1,0,1,0,0,0,0,0
"POINT (7.006121778000022 51.444692358000054)",Unfall 37089 (2023) Kat:3, Licht: 0,37089,3,7,4,05,08,6,0,0,0,1,0,1,0,0
"POINT (7.048412603000031 51.498618423000039)",Unfall 37347 (2023) Kat:3, Licht: 0,37347,3,1,0,05,14,1,0,0,0,0,0,0,0,1
"POINT (7.024602246000029 51.418656531000067)",Unfall 37348 (2023) Kat:3, Licht: 0,37348,3,2,5,05,11,1,0,0,0,1,0,0,0,0
"POINT (7.008448266000073 51.449487174000069)",Unfall 37349 (2023) Kat:3, Licht: 0,37349,3,1,0,05,11,1,0,0,0,0,0,1,0,0
"POINT (7.008829628000058 51.403852234000055)",Unfall 37375 (2023) Kat:3, Licht: 0,37375,3,5,3,05,14,1,0,0,1,1,0,0,0,0
"POINT (6.935702346000028 51.486602521000066)",Unfall 37453 (2023) Kat:3, Licht: 0,37453,3,1,0,05,12,7,0,0,0,0,0,1,0,0
"POINT (6.997080519000065 51.458803938000074)",Unfall 37455 (2023) Kat:2, Licht: 0,37455,2,2,5,05,10,7,0,0,1,1,0,0,0,0
"POINT (7.003055503000041 51.447352975000058)",Unfall 37456 (2023) Kat:2, Licht: 0,37456,2,7,2,05,14,7,0,0,0,1,0,0,0,0
"POINT (6.972370623000074 51.413633068000081)",Unfall 37460 (2023) Kat:3, Licht: 0,37460,3,1,8,05,05,7,0,0,0,1,0,0,0,0
"POINT (7.049312642000075 51.409935494000081)",Unfall 37582 (2023) Kat:2, Licht: 0,37582,2,1,0,05,17,6,0,0,1,0,0,0,0,0
"POINT (7.083054710000056 51.445944526000062)",Unfall 37583 (2023) Kat:3, Licht: 0,37583,3,2,4,05,15,6,0,0,0,1,0,0,0,0
"POINT (7.008705386000031 51.460156055000027)",Unfall 37584 (2023) Kat:3, Licht: 0,37584,3,7,0,05,09,6,0,0,0,0,0,0,0,1
"POINT (7.002075098000034 51.517466800000079)",Unfall 37694 (2023) Kat:3, Licht: 0,37694,3,3,1,05,14,5,0,0,1,1,0,0,0,0
"POINT (7.050354319000064 51.490041682000026)",Unfall 37695 (2023) Kat:3, Licht: 0,37695,3,1,6,05,13,5,0,0,0,1,1,0,0,0
"POINT (6.995813309000027 51.498427728000081)",Unfall 37696 (2023) Kat:3, Licht: 0,37696,3,6,1,05,08,5,0,0,0,1,0,0,0,0
"POINT (7.020641297000054 51.446706073000030)",Unfall 37697 (2023) Kat:3, Licht: 0,37697,3,3,5,05,18,5,0,0,0,1,0,0,0,0
"POINT (7.007040168000060 51.511949141000059)",Unfall 37719 (2023) Kat:3, Licht: 0,37719,3,2,0,05,12,7,0,0,1,1,0,0,0,0
"POINT (7.033976107000058 51.511660922000033)",Unfall 37781 (2023) Kat:3, Licht: 2,37781,3,6,6,05,02,4,0,2,0,1,1,0,0,0
"POINT (6.963574244000029 51.427437178000048)",Unfall 37782 (2023) Kat:3, Licht: 0,37782,3,3,5,05,10,4,0,0,0,1,0,0,0,0
"POINT (7.055724263000059 51.428521934000059)",Unfall 37783 (2023) Kat:3, Licht: 0,37783,3,7,0,05,07,4,0,0,0,0,0,0,0,1
"POINT (7.017415725000035 51.450821241000028)",Unfall 37784 (2023) Kat:3, Licht: 0,37784,3,7,0,05,09,4,0,0,0,1,0,0,0,0
"POINT (6.933625509000024 51.487157824000064)",Unfall 37877 (2023) Kat:3, Licht: 0,37877,3,7,6,05,16,3,0,0,0,1,1,0,0,0
"POINT (7.048571811000045 51.457881897000050)",Unfall 37880 (2023) Kat:3, Licht: 0,37880,3,6,2,05,19,3,0,0,0,1,0,0,1,0
"POINT (6.974229924000042 51.479257763000078)",Unfall 37968 (2023) Kat:3, Licht: 0,37968,3,3,5,05,20,2,0,0,0,1,0,0,0,0
"POINT (7.003088519000073 51.437886544000037)",Unfall 37969 (2023) Kat:3, Licht: 0,37969,3,6,3,05,09,2,0,0,0,1,0,0,0,0
"POINT (7.007820451000043 51.433694688000060)",Unfall 37970 (2023) Kat:2, Licht: 2,37970,2,1,0,05,00,2,0,2,1,0,0,0,0,0
"POINT (7.109041927000021 51.442770981000081)",Unfall 37971 (2023) Kat:3, Licht: 0,37971,3,3,0,05,15,2,0,0,0,1,0,0,0,1
"POINT (6.930054733000077 51.481291291000048)",Unfall 38068 (2023) Kat:3, Licht: 0,38068,3,3,5,05,14,1,0,0,0,1,0,0,0,0
"POINT (7.014825435000034 51.494933203000073)",Unfall 38148 (2023) Kat:3, Licht: 2,38148,3,3,5,05,23,7,0,2,0,1,0,0,0,0
"POINT (7.029807060000053 51.445577622000030)",Unfall 38149 (2023) Kat:3, Licht: 0,38149,3,2,0,05,14,7,0,0,0,1,0,1,0,0
"POINT (7.031321135000042 51.460518808000074)",Unfall 38259 (2023) Kat:2, Licht: 0,38259,2,7,5,05,16,6,0,0,0,1,0,0,0,1
"POINT (6.899466876000076 51.480836245000035)",Unfall 38276 (2023) Kat:3, Licht: 0,38276,3,7,0,05,16,2,0,0,1,0,0,0,0,0
"POINT (7.006738415000029 51.471131850000063)",Unfall 38376 (2023) Kat:3, Licht: 0,38376,3,1,0,05,12,5,0,0,1,0,0,0,0,0
"POINT (7.052242879000062 51.411604582000052)",Unfall 38377 (2023) Kat:3, Licht: 2,38377,3,1,8,05,00,5,0,2,0,1,0,0,0,0
"POINT (7.074948802000051 51.450184286000081)",Unfall 38378 (2023) Kat:3, Licht: 0,38378,3,2,5,05,09,5,0,0,0,1,0,0,0,0
"POINT (7.007708640000033 51.474990399000035)",Unfall 38380 (2023) Kat:3, Licht: 0,38380,3,7,6,05,10,5,0,0,0,0,0,1,0,1
"POINT (7.082509820000041 51.472692119000044)",Unfall 38381 (2023) Kat:3, Licht: 0,38381,3,6,2,05,09,5,0,0,0,1,0,0,0,0
"POINT (7.098166069000058 51.471286922000047)",Unfall 38387 (2023) Kat:2, Licht: 2,38387,2,1,8,05,00,5,0,2,0,1,0,0,0,0
"POINT (6.995813309000027 51.498427728000081)",Unfall 38521 (2023) Kat:2, Licht: 0,38521,2,6,1,05,09,4,0,0,0,1,0,1,0,0
"POINT (7.012666315000047 51.531519144000072)",Unfall 38522 (2023) Kat:3, Licht: 0,38522,3,6,1,05,17,4,0,0,0,1,0,0,0,0
"POINT (6.963094249000051 51.471711352000057)",Unfall 38532 (2023) Kat:3, Licht: 0,38532,3,6,2,05,16,4,0,0,0,1,0,0,0,0
"POINT (7.080750082000066 51.465003154000044)",Unfall 38533 (2023) Kat:3, Licht: 0,38533,3,6,2,05,19,4,0,0,0,1,0,0,0,0
"POINT (6.960518372000024 51.404646235000030)",Unfall 38534 (2023) Kat:3, Licht: 0,38534,3,6,2,05,15,4,0,0,0,1,0,0,0,0
"POINT (7.010177587000044 51.481576309000047)",Unfall 38674 (2023) Kat:3, Licht: 0,38674,3,3,5,05,05,3,0,0,0,1,0,0,0,0
"POINT (6.925236766000069 51.475817898000059)",Unfall 38675 (2023) Kat:3, Licht: 0,38675,3,7,0,05,16,3,0,0,0,1,0,0,0,0
"POINT (6.946573932000035 51.362135238000064)",Unfall 38676 (2023) Kat:2, Licht: 1,38676,2,2,6,05,21,3,0,1,0,1,1,0,0,0
"POINT (7.003317771000070 51.388272267000048)",Unfall 38677 (2023) Kat:2, Licht: 2,38677,2,4,6,05,23,3,0,2,0,1,1,0,0,0
"POINT (7.109041927000021 51.442770981000081)",Unfall 38678 (2023) Kat:2, Licht: 0,38678,2,3,5,05,16,3,0,0,1,1,0,0,0,0
"POINT (7.073319925000021 51.459040337000033)",Unfall 38679 (2023) Kat:3, Licht: 0,38679,3,7,5,05,17,3,0,0,0,1,0,0,0,1
"POINT (7.004127947000029 51.447755225000037)",Unfall 38680 (2023) Kat:3, Licht: 0,38680,3,7,0,05,07,3,0,0,1,1,0,0,0,0
"POINT (7.054888812000058 51.458614099000044)",Unfall 38780 (2023) Kat:3, Licht: 2,38780,3,1,0,06,00,5,0,2,1,0,0,0,0,0
"POINT (7.003190099000051 51.462393558000031)",Unfall 38781 (2023) Kat:3, Licht: 0,38781,3,6,2,06,10,5,0,0,0,1,0,0,0,0
"POINT (6.999463129000048 51.493126691000043)",Unfall 38902 (2023) Kat:3, Licht: 0,38902,3,5,1,06,11,4,0,0,1,1,0,0,0,0
"POINT (6.985948409000059 51.450461060000066)",Unfall 38903 (2023) Kat:3, Licht: 0,38903,3,4,0,06,14,4,0,0,0,0,1,0,0,1
"POINT (7.017433807000032 51.445360508000078)",Unfall 38904 (2023) Kat:3, Licht: 0,38904,3,6,1,06,11,4,0,0,0,1,0,0,0,0
"POINT (6.962154132000023 51.403975734000028)",Unfall 39030 (2023) Kat:3, Licht: 0,39030,3,3,5,06,15,3,0,0,1,1,0,0,0,0
"POINT (7.044702424000036 51.436748522000073)",Unfall 39031 (2023) Kat:2, Licht: 0,39031,2,2,5,06,07,3,0,0,1,1,0,0,0,0
"POINT (7.078186166000023 51.458441299000071)",Unfall 39032 (2023) Kat:3, Licht: 0,39032,3,6,2,06,18,3,0,0,0,1,0,0,0,0
"POINT (7.033872344000031 51.442666362000068)",Unfall 39033 (2023) Kat:3, Licht: 0,39033,3,3,5,06,10,3,0,0,0,1,0,0,0,1
"POINT (7.003190099000051 51.462393558000031)",Unfall 39034 (2023) Kat:3, Licht: 0,39034,3,6,3,06,11,3,0,0,0,1,0,0,1,0
"POINT (7.006928146000064 51.516377924000039)",Unfall 39162 (2023) Kat:3, Licht: 1,39162,3,1,0,06,21,2,0,1,1,0,0,0,0,0
"POINT (6.935057745000051 51.496547594000049)",Unfall 39163 (2023) Kat:3, Licht: 0,39163,3,2,5,06,06,2,0,0,1,1,0,0,0,0
"POINT (6.954376087000071 51.399680801000045)",Unfall 39164 (2023) Kat:3, Licht: 0,39164,3,7,0,06,06,2,0,0,1,1,0,0,0,0
"POINT (7.023805981000066 51.419688320000034)",Unfall 39165 (2023) Kat:3, Licht: 0,39165,3,6,3,06,12,2,0,0,0,1,0,1,0,0
"POINT (6.997080752000045 51.458802697000067)",Unfall 39166 (2023) Kat:3, Licht: 0,39166,3,3,5,06,12,2,0,0,0,1,0,0,1,0
"POINT (7.007253441000046 51.453123475000041)",Unfall 39167 (2023) Kat:3, Licht: 0,39167,3,4,6,06,10,2,0,0,0,1,1,0,0,0
"POINT (6.982261830000027 51.444476132000034)",Unfall 39172 (2023) Kat:3, Licht: 0,39172,3,6,2,06,15,2,0,0,0,1,0,1,0,0
"POINT (7.080072034000068 51.464830504000076)",Unfall 39194 (2023) Kat:3, Licht: 0,39194,3,3,5,06,07,4,0,0,0,1,0,0,0,0
"POINT (6.957059679000054 51.466014422000057)",Unfall 39343 (2023) Kat:3, Licht: 2,39343,3,3,5,06,23,7,0,2,0,1,0,0,0,0
"POINT (7.001231336000046 51.517424268000070)",Unfall 39456 (2023) Kat:3, Licht: 0,39456,3,4,6,06,17,6,0,0,0,1,1,0,0,0
"POINT (7.007364656000050 51.449362299000029)",Unfall 39457 (2023) Kat:3, Licht: 0,39457,3,7,5,06,08,6,0,0,0,1,0,0,0,1