WKT,Name,OBJECTID,UKATEGORIE,UTYP1,UART,UMONAT,USTUNDE,UWOCHENTAG,STRZUSTAND,ULICHTVERH,ISTRAD,ISTPKW,ISTFUSS,ISTKRAD,ISTGKFZ,ISTSONSTIG
"POINT (6.979025468000032 51.419356566000033)",Unfall 57008 (2023) Kat:2, Licht: 0,57008,2,3,0,10,15,1,1,0,0,1,0,1,0,0
"POINT (7.085993528000074 51.465516712000067)",Unfall 57011 (2023) Kat:3, Licht: 0,57011,3,1,9,10,13,1,1,0,0,1,0,0,0,0
"POINT (6.972756362000041 51.475280857000030)",Unfall 57089 (2023) Kat:3, Licht: 0,57089,3,7,6,10,12,7,1,0,0,1,1,0,0,0
"POINT (6.955038853000076 51.462976571000070)",Unfall 57090 (2023) Kat:3, Licht: 0,57090,3,3,4,10,17,7,0,0,0,1,0,0,0,0
"POINT (6.948470281000027 51.482185014000038)",Unfall 57091 (2023) Kat:3, Licht: 0,57091,3,7,0,10,16,7,1,0,1,0,0,0,0,0
"POINT (6.973110119000069 51.461571598000035)",Unfall 57092 (2023) Kat:3, Licht: 0,57092,3,4,6,10,15,7,1,0,0,1,1,0,0,0
"POINT (6.935717854000075 51.381217732000039)",Unfall 57093 (2023) Kat:3, Licht: 1,57093,3,6,2,10,18,7,1,1,0,1,0,0,0,0
"POINT (7.015911351000057 51.453159794000044)",Unfall 57094 (2023) Kat:3, Licht: 0,57094,3,7,6,10,16,7,1,0,0,0,1,0,0,1
"POINT (7.004378856000073 51.458367060000057)",Unfall 57095 (2023) Kat:3, Licht: 0,57095,3,6,3,10,09,7,1,0,0,1,0,0,0,0
"POINT (7.055269076000059 51.491401538000048)",Unfall 57176 (2023) Kat:3, Licht: 0,57176,3,6,2,11,14,7,0,0,0,1,0,0,0,0
"POINT (6.943830189000039 51.462868788000037)",Unfall 57177 (2023) Kat:3, Licht: 2,57177,3,2,6,11,23,7,1,2,0,0,1,0,0,1
"POINT (7.002130484000077 51.434386253000071)",Unfall 57178 (2023) Kat:3, Licht: 0,57178,3,6,2,11,09,7,1,0,0,1,0,0,1,0
"POINT (6.980260527000041 51.443942892000052)",Unfall 57181 (2023) Kat:3, Licht: 0,57181,3,6,2,11,13,7,1,0,0,1,0,0,0,0
"POINT (6.980122936000043 51.486924360000046)",Unfall 57274 (2023) Kat:3, Licht: 0,57274,3,6,1,11,13,6,1,0,0,1,0,0,0,0
"POINT (7.010165550000067 51.481591067000068)",Unfall 57275 (2023) Kat:3, Licht: 2,57275,3,7,6,11,18,6,1,2,0,1,1,0,0,0
"POINT (6.995813309000027 51.498427728000081)",Unfall 57276 (2023) Kat:3, Licht: 0,57276,3,7,3,11,12,6,1,0,0,1,0,0,0,0
"POINT (6.940392720000034 51.485390421000034)",Unfall 57277 (2023) Kat:3, Licht: 1,57277,3,7,0,11,16,6,1,1,0,0,0,1,0,0
"POINT (6.980187509000075 51.460672789000057)",Unfall 57278 (2023) Kat:3, Licht: 0,57278,3,2,2,11,07,6,0,0,0,1,0,0,0,0
"POINT (6.995788739000034 51.417821499000070)",Unfall 57279 (2023) Kat:3, Licht: 2,57279,3,7,8,11,21,6,1,2,0,1,0,0,0,0
"POINT (6.962799026000027 51.448330966000071)",Unfall 57280 (2023) Kat:3, Licht: 0,57280,3,1,0,11,15,6,1,0,0,0,0,1,0,0
"POINT (6.933345917000054 51.488973475000080)",Unfall 57390 (2023) Kat:3, Licht: 0,57390,3,1,2,11,15,7,1,0,0,1,0,0,0,0
"POINT (6.985866583000075 51.489803483000060)",Unfall 57398 (2023) Kat:3, Licht: 0,57398,3,7,0,11,15,5,0,0,0,0,1,0,0,1
"POINT (6.999227265000059 51.485147584000060)",Unfall 57400 (2023) Kat:3, Licht: 2,57400,3,1,2,11,18,5,1,2,0,1,0,0,0,0
"POINT (7.031487022000022 51.483568247000051)",Unfall 57489 (2023) Kat:3, Licht: 0,57489,3,3,5,11,08,4,1,0,0,1,0,0,0,1
"POINT (7.012524633000055 51.531336270000054)",Unfall 57490 (2023) Kat:3, Licht: 0,57490,3,3,0,11,11,4,0,0,1,1,0,0,0,0
"POINT (7.007546563000062 51.475335151000081)",Unfall 57491 (2023) Kat:3, Licht: 0,57491,3,5,1,11,13,4,0,0,0,1,0,0,0,0
"POINT (7.083054710000056 51.445944526000062)",Unfall 57492 (2023) Kat:3, Licht: 0,57492,3,2,4,11,09,4,0,0,0,1,0,0,0,0
"POINT (6.983026559000052 51.476806817000067)",Unfall 57582 (2023) Kat:3, Licht: 2,57582,3,3,6,11,19,3,1,2,0,1,1,0,0,0
"POINT (7.025848581000048 51.385606963000043)",Unfall 57583 (2023) Kat:3, Licht: 0,57583,3,3,6,11,07,3,0,0,0,1,1,0,0,0
"POINT (7.046971573000064 51.435562594000032)",Unfall 57584 (2023) Kat:3, Licht: 1,57584,3,7,2,11,16,3,1,1,0,1,0,1,0,0
"POINT (6.988039712000045 51.452505064000036)",Unfall 57585 (2023) Kat:3, Licht: 2,57585,3,1,2,11,18,3,1,2,1,1,0,0,0,0
"POINT (7.054405490000022 51.466890969000076)",Unfall 57586 (2023) Kat:3, Licht: 2,57586,3,2,6,11,06,3,1,2,0,1,1,0,0,0
"POINT (7.007752084000060 51.468229969000049)",Unfall 57587 (2023) Kat:3, Licht: 0,57587,3,3,0,11,14,3,1,0,1,1,0,0,0,0
"POINT (7.001280555000051 51.465042293000067)",Unfall 57588 (2023) Kat:3, Licht: 2,57588,3,2,5,11,19,3,1,2,0,1,0,0,0,0
"POINT (7.048422092000067 51.497471857000050)",Unfall 57682 (2023) Kat:3, Licht: 1,57682,3,6,0,11,16,2,0,1,0,1,0,0,0,1
"POINT (6.959004063000066 51.419938305000073)",Unfall 57683 (2023) Kat:3, Licht: 2,57683,3,1,2,11,22,2,0,2,0,1,0,0,0,0
"POINT (7.087496054000042 51.466747675000079)",Unfall 57685 (2023) Kat:3, Licht: 0,57685,3,6,6,11,15,2,0,0,0,1,1,0,0,0
"POINT (6.928471482000020 51.479274190000069)",Unfall 57774 (2023) Kat:2, Licht: 2,57774,2,4,6,11,21,1,1,2,0,0,1,1,0,0
"POINT (6.959135422000031 51.420010501000036)",Unfall 57775 (2023) Kat:3, Licht: 2,57775,3,4,6,11,17,1,1,2,0,1,1,0,0,0
"POINT (7.068288515000063 51.473021441000071)",Unfall 57776 (2023) Kat:3, Licht: 0,57776,3,7,0,11,14,1,0,0,0,0,0,0,0,1
"POINT (7.068116322000037 51.474475376000044)",Unfall 57863 (2023) Kat:3, Licht: 1,57863,3,1,1,11,15,7,1,1,0,1,0,0,0,0
"POINT (6.913657460000024 51.474965531000066)",Unfall 57864 (2023) Kat:3, Licht: 0,57864,3,7,6,11,08,7,0,0,0,1,1,0,0,0
"POINT (6.998911788000044 51.422165406000033)",Unfall 57866 (2023) Kat:2, Licht: 0,57866,2,6,1,11,14,7,1,0,0,1,0,0,0,0
"POINT (7.023140832000024 51.447813354000061)",Unfall 57867 (2023) Kat:3, Licht: 2,57867,3,6,3,11,21,7,1,2,0,1,0,0,0,0
"POINT (7.009943143000044 51.449885863000077)",Unfall 57964 (2023) Kat:2, Licht: 2,57964,2,1,9,11,00,1,0,2,0,1,0,0,0,0
"POINT (6.987841376000063 51.441570697000031)",Unfall 57975 (2023) Kat:3, Licht: 0,57975,3,6,2,11,13,6,1,0,1,1,0,0,0,0
"POINT (7.032772517000069 51.450046653000072)",Unfall 57984 (2023) Kat:3, Licht: 2,57984,3,7,0,11,23,6,0,2,0,1,0,0,0,1
"POINT (7.045820057000071 51.447012294000046)",Unfall 58077 (2023) Kat:3, Licht: 1,58077,3,3,1,11,16,5,0,1,1,1,0,0,0,0
"POINT (7.000391561000072 51.455471024000076)",Unfall 58078 (2023) Kat:3, Licht: 0,58078,3,7,0,11,11,5,0,0,0,0,0,0,0,1
"POINT (7.000249289000067 51.466293672000063)",Unfall 58079 (2023) Kat:3, Licht: 0,58079,3,3,5,11,14,5,0,0,0,1,0,0,0,1
"POINT (6.977033476000031 51.446689792000029)",Unfall 58191 (2023) Kat:2, Licht: 0,58191,2,7,0,11,12,4,1,0,1,0,0,0,0,0
"POINT (6.942013048000035 51.367005145000064)",Unfall 58192 (2023) Kat:3, Licht: 0,58192,3,6,2,11,16,6,1,0,0,1,0,0,0,0
"POINT (7.007870574000037 51.440651642000034)",Unfall 58193 (2023) Kat:3, Licht: 0,58193,3,3,5,11,15,4,1,0,1,1,0,0,0,0
"POINT (7.007802140000024 51.433696831000077)",Unfall 58194 (2023) Kat:3, Licht: 0,58194,3,6,3,11,08,4,1,0,0,1,0,1,0,0
"POINT (7.104122373000052 51.472177374000069)",Unfall 58197 (2023) Kat:2, Licht: 0,58197,2,1,8,11,10,4,1,0,0,0,0,0,0,1
"POINT (7.055759755000054 51.460710821000077)",Unfall 58198 (2023) Kat:3, Licht: 0,58198,3,6,2,11,15,4,1,0,0,1,0,0,0,1
"POINT (7.015470413000060 51.461941777000050)",Unfall 58333 (2023) Kat:2, Licht: 0,58333,2,3,5,11,11,2,0,0,0,1,0,0,0,1
"POINT (7.025848581000048 51.385606963000043)",Unfall 58338 (2023) Kat:3, Licht: 2,58338,3,4,6,11,18,3,1,2,0,1,1,0,0,0
"POINT (7.077858827000057 51.457436634000032)",Unfall 58339 (2023) Kat:2, Licht: 2,58339,2,4,6,11,20,3,1,2,0,1,1,0,0,0
"POINT (7.003190099000051 51.462393558000031)",Unfall 58340 (2023) Kat:3, Licht: 2,58340,3,3,0,11,17,3,1,2,1,1,0,0,0,0
"POINT (7.006738334000033 51.471135684000046)",Unfall 58341 (2023) Kat:3, Licht: 2,58341,3,3,3,11,18,3,1,2,1,1,0,0,0,0
"POINT (7.007494176000023 51.451624266000067)",Unfall 58342 (2023) Kat:3, Licht: 2,58342,3,4,6,11,17,3,1,2,0,1,1,0,0,0
"POINT (6.973125108000033 51.414234398000076)",Unfall 58348 (2023) Kat:3, Licht: 2,58348,3,6,2,11,21,3,1,2,0,1,0,0,0,1
"POINT (7.002993157000049 51.437014435000037)",Unfall 58416 (2023) Kat:3, Licht: 0,58416,3,5,1,11,15,4,1,0,0,1,0,0,0,0
"POINT (6.979900244000021 51.476473277000082)",Unfall 58487 (2023) Kat:3, Licht: 2,58487,3,6,0,11,17,2,1,2,0,1,0,1,0,0
"POINT (7.044976425000073 51.447142109000026)",Unfall 58488 (2023) Kat:3, Licht: 1,58488,3,6,2,11,07,2,1,1,0,1,0,0,0,0
"POINT (7.012185809000073 51.441268365000042)",Unfall 58489 (2023) Kat:3, Licht: 2,58489,3,2,6,11,06,2,1,2,0,1,1,0,0,0
"POINT (7.007752084000060 51.468229969000049)",Unfall 58490 (2023) Kat:3, Licht: 1,58490,3,3,5,11,07,2,1,1,0,1,0,0,0,0
"POINT (6.968954226000051 51.442294818000050)",Unfall 58498 (2023) Kat:3, Licht: 0,58498,3,6,2,11,14,2,1,0,0,1,0,0,0,0
"POINT (6.997876522000070 51.436338134000039)",Unfall 58770 (2023) Kat:3, Licht: 2,58770,3,3,5,11,23,6,1,2,0,1,0,0,0,0
"POINT (7.084026377000043 51.470643348000067)",Unfall 58771 (2023) Kat:3, Licht: 2,58771,3,2,5,11,18,6,1,2,0,1,0,0,0,0
"POINT (7.078142264000064 51.467006347000051)",Unfall 58772 (2023) Kat:3, Licht: 0,58772,3,6,0,11,07,6,1,0,1,0,0,0,0,0
"POINT (7.078685741000072 51.462335140000050)",Unfall 58773 (2023) Kat:3, Licht: 0,58773,3,7,4,11,15,6,1,0,0,1,0,0,0,0
"POINT (7.007015334000073 51.469995321000056)",Unfall 58774 (2023) Kat:3, Licht: 0,58774,3,4,6,11,11,6,0,0,0,1,1,0,0,0
"POINT (7.031733326000051 51.499568691000036)",Unfall 58775 (2023) Kat:3, Licht: 0,58775,3,2,5,11,13,6,1,0,0,1,0,0,0,0
"POINT (7.039302090000035 51.476507305000041)",Unfall 58938 (2023) Kat:3, Licht: 1,58938,3,3,5,12,15,3,1,1,0,1,0,0,0,0
"POINT (6.989059448000035 51.436566210000080)",Unfall 58939 (2023) Kat:3, Licht: 0,58939,3,4,6,12,14,3,1,0,0,1,1,0,0,0
"POINT (7.009142454000028 51.484727323000072)",Unfall 58940 (2023) Kat:3, Licht: 0,58940,3,2,5,12,14,3,0,0,0,1,0,0,0,1
"POINT (7.017650507000042 51.509072737000054)",Unfall 58941 (2023) Kat:3, Licht: 2,58941,3,6,2,12,17,3,1,2,0,1,0,0,0,1
"POINT (7.037518420000026 51.448338473000035)",Unfall 59021 (2023) Kat:3, Licht: 2,59021,3,6,2,12,07,2,0,2,0,1,0,0,0,0
"POINT (7.084026377000043 51.470643348000067)",Unfall 59132 (2023) Kat:3, Licht: 2,59132,3,2,4,12,17,7,1,2,0,1,0,0,0,0
"POINT (6.939967291000073 51.368560016000060)",Unfall 59190 (2023) Kat:3, Licht: 1,59190,3,2,6,12,07,6,1,1,0,0,1,0,0,1
"POINT (6.985558346000062 51.437609776000045)",Unfall 59191 (2023) Kat:3, Licht: 2,59191,3,2,5,12,07,6,0,2,1,1,0,0,0,0
"POINT (6.989801115000034 51.436426869000059)",Unfall 59192 (2023) Kat:3, Licht: 0,59192,3,3,5,12,14,6,1,0,0,1,0,0,0,1
"POINT (7.030548048000071 51.499265103000027)",Unfall 59265 (2023) Kat:3, Licht: 2,59265,3,3,5,12,06,5,1,2,1,0,0,0,0,1
"POINT (7.121499328000027 51.416872981000040)",Unfall 59266 (2023) Kat:3, Licht: 2,59266,3,4,6,12,16,5,1,2,0,1,1,0,0,0
"POINT (6.992886205000048 51.413241503000052)",Unfall 59267 (2023) Kat:3, Licht: 0,59267,3,2,5,12,15,5,1,0,0,1,0,0,0,0
"POINT (7.000261894000062 51.466277385000069)",Unfall 59268 (2023) Kat:3, Licht: 2,59268,3,2,5,12,21,5,0,2,0,1,0,0,0,0
"POINT (7.065088657000047 51.464059150000026)",Unfall 59271 (2023) Kat:3, Licht: 2,59271,3,6,2,12,00,5,1,2,0,1,0,0,0,0
"POINT (7.010523215000035 51.483285972000033)",Unfall 59378 (2023) Kat:3, Licht: 2,59378,3,2,0,12,20,4,1,2,0,1,1,0,0,0
"POINT (7.055863335000026 51.432545144000073)",Unfall 59379 (2023) Kat:2, Licht: 0,59379,2,7,6,12,10,4,1,0,0,1,1,0,0,0
"POINT (7.044702424000036 51.436748522000073)",Unfall 59380 (2023) Kat:3, Licht: 2,59380,3,2,6,12,21,4,1,2,0,1,1,0,0,0
"POINT (6.988351831000045 51.440498549000040)",Unfall 59381 (2023) Kat:3, Licht: 0,59381,3,2,4,12,15,4,1,0,0,1,0,1,0,0
"POINT (7.046887567000056 51.456849095000052)",Unfall 59383 (2023) Kat:3, Licht: 2,59383,3,6,3,12,18,4,1,2,0,1,0,0,1,0
"POINT (6.951862101000074 51.495223916000043)",Unfall 59405 (2023) Kat:3, Licht: 0,59405,3,6,2,12,13,4,1,0,0,1,0,0,0,0
"POINT (7.079849590000038 51.464727497000069)",Unfall 59471 (2023) Kat:3, Licht: 0,59471,3,6,3,12,13,5,1,0,0,1,0,0,1,0
"POINT (7.009088791000067 51.489923394000073)",Unfall 59494 (2023) Kat:2, Licht: 2,59494,2,1,7,12,18,3,1,2,0,1,0,0,0,0
"POINT (6.958442836000074 51.469594041000050)",Unfall 59495 (2023) Kat:3, Licht: 1,59495,3,2,4,12,07,3,1,1,0,1,0,0,0,0
"POINT (7.042065637000064 51.481363553000051)",Unfall 59496 (2023) Kat:3, Licht: 2,59496,3,4,6,12,17,3,1,2,0,1,1,0,0,0
"POINT (7.010196091000068 51.493602292000048)",Unfall 59497 (2023) Kat:3, Licht: 2,59497,3,6,2,12,19,3,0,2,0,1,0,0,0,0
"POINT (7.022646874000031 51.436931408000078)",Unfall 59498 (2023) Kat:3, Licht: 0,59498,3,7,0,12,11,3,0,0,0,0,0,0,0,1
"POINT (7.005355961000021 51.456933954000078)",Unfall 59499 (2023) Kat:3, Licht: 0,59499,3,1,0,12,14,3,1,0,0,0,0,1,0,0
"POINT (7.006399094000074 51.455905873000063)",Unfall 59500 (2023) Kat:3, Licht: 0,59500,3,3,0,12,15,3,1,0,0,1,0,0,0,1
"POINT (7.039758273000075 51.476602215000071)",Unfall 59586 (2023) Kat:2, Licht: 0,59586,2,5,1,12,11,2,1,0,0,1,0,0,0,0
"POINT (7.006738331000065 51.471135817000061)",Unfall 59587 (2023) Kat:3, Licht: 2,59587,3,3,5,12,20,2,1,2,1,1,0,0,0,0
"POINT (7.023023249000062 51.469075508000060)",Unfall 59588 (2023) Kat:3, Licht: 0,59588,3,6,1,12,11,2,0,0,0,1,0,0,0,0
"POINT (7.035540175000051 51.439832648000049)",Unfall 59598 (2023) Kat:3, Licht: 0,59598,3,6,2,12,13,2,1,0,0,1,0,0,0,0
"POINT (7.040817065000056 51.452910183000029)",Unfall 59626 (2023) Kat:3, Licht: 0,59626,3,6,2,12,13,1,0,0,0,1,0,0,0,0
"POINT (7.009677723000038 51.500233761000061)",Unfall 59651 (2023) Kat:3, Licht: 2,59651,3,3,0,12,18,1,1,2,0,1,0,0,0,0
"POINT (7.003486168000052 51.479029746000037)",Unfall 59724 (2023) Kat:3, Licht: 2,59724,3,2,6,12,18,7,1,2,0,1,1,0,0,0
"POINT (6.980431625000051 51.412203839000028)",Unfall 59726 (2023) Kat:3, Licht: 0,59726,3,2,5,12,15,7,1,0,0,1,0,0,0,1
"POINT (7.046984077000047 51.435556931000065)",Unfall 59727 (2023) Kat:3, Licht: 2,59727,3,6,2,12,17,7,1,2,0,1,0,0,0,0
"POINT (7.048979535000058 51.446506979000048)",Unfall 59728 (2023) Kat:3, Licht: 2,59728,3,2,6,12,16,7,1,2,0,1,1,0,0,0
"POINT (7.109041927000021 51.442770981000081)",Unfall 59729 (2023) Kat:3, Licht: 2,59729,3,4,6,12,17,7,1,2,0,1,1,0,0,0
"POINT (7.100078329000041 51.471908216000031)",Unfall 59731 (2023) Kat:3, Licht: 2,59731,3,1,9,12,23,7,1,2,0,1,0,0,0,0
"POINT (7.062927028000047 51.485624123000036)",Unfall 59828 (2023) Kat:3, Licht: 2,59828,3,4,6,12,17,6,1,2,0,1,1,0,0,0
"POINT (6.948491835000027 51.482178454000064)",Unfall 59964 (2023) Kat:3, Licht: 0,59964,3,2,6,12,15,5,0,0,0,1,1,0,0,0
"POINT (6.974943999000061 51.461542584000028)",Unfall 59965 (2023) Kat:3, Licht: 2,59965,3,7,4,12,19,5,0,2,0,1,0,0,0,0
"POINT (6.996208255000056 51.436629509000056)",Unfall 59966 (2023) Kat:3, Licht: 1,59966,3,4,6,12,07,5,1,1,0,1,1,0,0,0
"POINT (7.108513620000053 51.471708798000066)",Unfall 59969 (2023) Kat:3, Licht: 1,59969,3,6,2,12,17,5,0,1,0,1,0,0,0,0
"POINT (7.023272947000066 51.432789922000040)",Unfall 59970 (2023) Kat:3, Licht: 0,59970,3,6,2,12,14,5,0,0,0,1,0,0,1,0
"POINT (6.977360998000051 51.472876819000078)",Unfall 60201 (2023) Kat:3, Licht: 2,60201,3,1,0,12,16,3,1,2,0,0,0,0,0,1
"POINT (6.939967291000073 51.368560016000060)",Unfall 60203 (2023) Kat:3, Licht: 0,60203,3,2,6,12,09,3,0,0,0,1,1,0,0,0
"POINT (7.007613452000044 51.519887332000053)",Unfall 60222 (2023) Kat:3, Licht: 2,60222,3,6,2,12,19,2,1,2,0,1,0,0,0,0
"POINT (7.048041969000053 51.495705440000052)",Unfall 60292 (2023) Kat:3, Licht: 2,60292,3,3,6,12,18,3,1,2,0,1,1,0,0,0
"POINT (7.008820920000062 51.494603517000030)",Unfall 60342 (2023) Kat:3, Licht: 1,60342,3,3,1,12,16,2,1,1,0,1,0,1,0,0
"POINT (6.959091924000063 51.420041439000045)",Unfall 60344 (2023) Kat:3, Licht: 0,60344,3,4,6,12,10,2,0,0,0,1,1,0,0,0
"POINT (6.988842886000043 51.453484730000071)",Unfall 60345 (2023) Kat:3, Licht: 0,60345,3,2,4,12,13,2,0,0,0,1,0,0,0,0
"POINT (6.989041213000064 51.465688539000041)",Unfall 60347 (2023) Kat:3, Licht: 0,60347,3,1,0,12,14,2,0,0,0,0,0,0,0,1
"POINT (7.076207850000060 51.444199867000066)",Unfall 60348 (2023) Kat:3, Licht: 0,60348,3,2,4,12,14,2,2,0,0,1,0,0,0,0
"POINT (7.008281185000044 51.523540259000072)",Unfall 60420 (2023) Kat:3, Licht: 2,60420,3,3,5,12,17,1,0,2,0,1,0,0,0,0
"POINT (6.928264492000039 51.356739819000040)",Unfall 60421 (2023) Kat:3, Licht: 0,60421,3,7,6,12,16,1,1,0,0,1,1,0,0,0
"POINT (7.083468792000076 51.444865524000079)",Unfall 60422 (2023) Kat:3, Licht: 0,60422,3,7,6,12,12,1,0,0,0,1,1,0,0,0
"POINT (6.920104870000046 51.471125394000069)",Unfall 60481 (2023) Kat:3, Licht: 0,60481,3,4,0,12,15,7,0,0,0,1,1,0,0,0
"POINT (7.032120503000044 51.450288141000044)",Unfall 60482 (2023) Kat:3, Licht: 2,60482,3,3,9,12,21,7,2,2,0,1,0,0,0,0
"POINT (7.007613621000075 51.443788773000051)",Unfall 60484 (2023) Kat:3, Licht: 2,60484,3,3,5,12,19,7,0,2,0,1,0,0,0,0
"POINT (6.982962590000056 51.459748325000078)",Unfall 60485 (2023) Kat:3, Licht: 1,60485,3,3,5,12,15,7,2,1,0,1,0,0,0,0
"POINT (6.929431615000055 51.464835528000037)",Unfall 60584 (2023) Kat:3, Licht: 2,60584,3,4,6,12,07,6,0,2,0,1,1,0,0,0
"POINT (6.996191035000038 51.436498783000047)",Unfall 60585 (2023) Kat:3, Licht: 0,60585,3,3,5,12,11,6,0,0,0,1,0,0,0,0
"POINT (7.007794774000047 51.450510690000044)",Unfall 60586 (2023) Kat:3, Licht: 0,60586,3,7,0,12,10,6,0,0,0,1,0,0,0,1
"POINT (6.933935558000030 51.491644569000073)",Unfall 60672 (2023) Kat:3, Licht: 2,60672,3,4,6,12,06,5,1,2,0,1,1,0,0,0
"POINT (7.039040263000061 51.479012710000063)",Unfall 60688 (2023) Kat:3, Licht: 0,60688,3,7,1,11,12,5,0,0,0,1,0,0,0,0
"POINT (6.985604931000069 51.411796092000031)",Unfall 60689 (2023) Kat:3, Licht: 0,60689,3,6,2,11,11,5,0,0,0,1,0,0,0,0
"POINT (7.109041927000021 51.442770981000081)",Unfall 60758 (2023) Kat:3, Licht: 2,60758,3,4,6,12,17,7,0,2,0,1,1,0,0,0
"POINT (6.971437003000062 51.444428261000041)",Unfall 60830 (2023) Kat:3, Licht: 0,60830,3,2,4,11,15,4,1,0,0,1,0,0,0,0
"POINT (6.972200020000059 51.461558754000066)",Unfall 60889 (2023) Kat:3, Licht: 2,60889,3,4,0,12,16,5,0,2,0,0,1,0,0,1
"POINT (7.046951961000048 51.465627395000070)",Unfall 60921 (2023) Kat:3, Licht: 2,60921,3,4,6,11,17,5,1,2,0,1,1,0,0,0
"POINT (7.017868441000076 51.435477350000042)",Unfall 60929 (2023) Kat:3, Licht: 0,60929,3,3,5,12,12,6,0,0,0,1,0,0,0,1
"POINT (7.000737176000030 51.423089279000067)",Unfall 60961 (2023) Kat:3, Licht: 0,60961,3,6,2,12,07,2,1,0,0,1,0,0,0,0
"POINT (6.966994739000029 51.476547412000059)",Unfall 60971 (2023) Kat:3, Licht: 2,60971,3,5,0,11,21,3,0,2,1,1,0,0,0,0
"POINT (6.971395882000024 51.444434197000078)",Unfall 60972 (2023) Kat:3, Licht: 2,60972,3,2,6,11,07,3,1,2,0,1,1,0,0,0
"POINT (7.014246976000038 51.450044287000026)",Unfall 60978 (2023) Kat:3, Licht: 0,60978,3,6,2,11,08,3,1,0,0,1,0,0,0,0
"POINT (6.996770718000050 51.392445881000071)",Unfall 61090 (2023) Kat:2, Licht: 2,61090,2,1,0,12,00,7,1,2,0,0,0,0,0,1
"POINT (6.948461733000045 51.482187616000033)",Unfall 61159 (2023) Kat:3, Licht: 0,61159,3,2,6,11,08,2,1,0,0,1,1,0,0,0
"POINT (6.950601183000060 51.402877040000078)",Unfall 61160 (2023) Kat:3, Licht: 2,61160,3,2,4,11,16,2,1,2,0,1,0,0,0,0
"POINT (7.094294262000062 51.449135197000032)",Unfall 61161 (2023) Kat:3, Licht: 1,61161,3,2,5,11,07,2,1,1,0,1,0,0,0,0
"POINT (7.033872609000070 51.442666628000040)",Unfall 61163 (2023) Kat:3, Licht: 2,61163,3,2,2,11,05,2,1,2,0,1,0,0,0,0
"POINT (7.017985911000039 51.456637738000040)",Unfall 61164 (2023) Kat:3, Licht: 2,61164,3,6,3,11,16,2,1,2,0,1,0,0,0,1
"POINT (7.017202936000047 51.454126400000064)",Unfall 61165 (2023) Kat:3, Licht: 0,61165,3,6,2,11,16,2,1,0,0,1,0,0,0,0
"POINT (7.058541419000051 51.461448409000070)",Unfall 61177 (2023) Kat:3, Licht: 0,61177,3,6,2,11,14,2,1,0,0,1,0,0,0,0
"POINT (7.004482045000032 51.434014492000074)",Unfall 61299 (2023) Kat:3, Licht: 2,61299,3,2,6,11,19,2,1,2,0,1,1,0,0,0
"POINT (7.094630589000076 51.439276637000034)",Unfall 61605 (2023) Kat:3, Licht: 1,61605,3,1,1,12,07,1,0,1,0,1,0,0,0,0
"POINT (7.001280555000051 51.465042293000067)",Unfall 61606 (2023) Kat:2, Licht: 2,61606,2,4,6,12,17,1,1,2,0,1,1,0,0,0
"POINT (7.004505984000048 51.434122151000054)",Unfall 61702 (2023) Kat:3, Licht: 2,61702,3,2,6,12,22,6,1,2,0,1,1,0,0,0
"POINT (7.063761918000068 51.463678591000075)",Unfall 61706 (2023) Kat:3, Licht: 0,61706,3,6,2,12,13,6,0,0,0,1,0,0,0,0
"POINT (7.052228705000061 51.459283058000040)",Unfall 61707 (2023) Kat:3, Licht: 2,61707,3,1,8,12,19,6,0,2,0,1,0,0,0,0
"POINT (6.998286714000074 51.488668551000046)",Unfall 61766 (2023) Kat:3, Licht: 0,61766,3,3,5,12,14,5,0,0,1,1,0,0,0,0
"POINT (7.028776524000023 51.451674539000066)",Unfall 61767 (2023) Kat:3, Licht: 0,61767,3,7,6,12,11,5,0,0,0,0,1,0,0,1
"POINT (7.077911013000062 51.464759590000028)",Unfall 61774 (2023) Kat:3, Licht: 2,61774,3,6,0,12,19,5,0,2,0,1,0,0,0,0
"POINT (7.008690218000027 51.525609144000043)",Unfall 61822 (2023) Kat:3, Licht: 0,61822,3,1,6,12,09,4,1,0,0,1,1,0,0,0
"POINT (7.056986779000056 51.434304686000075)",Unfall 61823 (2023) Kat:3, Licht: 0,61823,3,6,1,12,13,4,0,0,0,1,0,0,0,0
"POINT (6.976231898000037 51.391484556000080)",Unfall 61824 (2023) Kat:3, Licht: 0,61824,3,1,4,12,11,4,1,0,0,1,0,1,0,0
"POINT (7.049098113000070 51.434770389000050)",Unfall 61900 (2023) Kat:3, Licht: 2,61900,3,1,8,12,18,3,1,2,0,1,0,0,0,0
"POINT (7.016077710000047 51.454711007000071)",Unfall 61962 (2023) Kat:2, Licht: 2,61962,2,6,3,12,17,1,1,2,0,1,0,0,0,0
"POINT (7.008963452000046 51.484013151000056)",Unfall 62030 (2023) Kat:3, Licht: 2,62030,3,6,3,12,22,7,1,2,0,1,0,0,0,0
"POINT (7.046359291000044 51.465233351000052)",Unfall 62031 (2023) Kat:3, Licht: 2,62031,3,2,6,12,19,7,1,2,0,1,1,0,0,0