WKT,Name,OBJECTID,UKATEGORIE,UTYP1,UART,UMONAT,USTUNDE,UWOCHENTAG,STRZUSTAND,ULICHTVERH,ISTRAD,ISTPKW,ISTFUSS,ISTKRAD,ISTGKFZ,ISTSONSTIG
"POINT (7.074716124000076 51.459290428000031)",Unfall 62032 (2023) Kat:3, Licht: 2,62032,3,4,6,12,18,7,1,2,0,1,1,0,0,0
"POINT (6.996178379000071 51.436500538000075)",Unfall 62126 (2023) Kat:3, Licht: 0,62126,3,7,0,12,11,6,0,0,0,1,0,0,0,1
"POINT (6.988346584000055 51.440509467000027)",Unfall 62128 (2023) Kat:3, Licht: 2,62128,3,7,2,12,18,6,1,2,1,1,0,0,0,0
"POINT (6.998002064000048 51.455047457000035)",Unfall 62129 (2023) Kat:3, Licht: 1,62129,3,7,6,12,16,6,1,1,0,1,1,0,0,0
"POINT (7.015471886000057 51.461994163000043)",Unfall 62191 (2023) Kat:3, Licht: 0,62191,3,3,3,12,14,5,0,0,0,1,0,0,0,1
"POINT (7.011506790000055 51.479933355000071)",Unfall 62267 (2023) Kat:3, Licht: 2,62267,3,2,6,12,21,5,1,2,0,1,1,0,0,0
"POINT (7.003147810000030 51.388296404000073)",Unfall 62268 (2023) Kat:3, Licht: 2,62268,3,2,6,12,16,5,0,2,0,1,1,0,0,0
"POINT (6.984418525000024 51.449673953000058)",Unfall 62269 (2023) Kat:3, Licht: 2,62269,3,4,6,12,07,5,1,2,0,1,1,0,0,0
"POINT (7.054437271000040 51.466889434000052)",Unfall 62270 (2023) Kat:3, Licht: 2,62270,3,3,5,12,18,5,1,2,0,1,0,0,0,0
"POINT (7.022322923000047 51.447416787000066)",Unfall 62271 (2023) Kat:2, Licht: 0,62271,2,7,0,12,12,5,1,0,0,0,0,0,0,1
"POINT (6.991122247000021 51.459484890000056)",Unfall 62272 (2023) Kat:3, Licht: 2,62272,3,6,2,12,20,5,1,2,0,1,0,0,0,0
"POINT (6.999671238000076 51.474000663000027)",Unfall 62273 (2023) Kat:3, Licht: 2,62273,3,4,0,12,16,5,1,2,0,1,1,0,0,0
"POINT (6.975981168000033 51.443510367000044)",Unfall 62276 (2023) Kat:3, Licht: 2,62276,3,7,7,12,22,5,1,2,0,1,0,0,0,0
"POINT (6.983026559000052 51.476806817000067)",Unfall 62391 (2023) Kat:3, Licht: 0,62391,3,7,0,12,10,4,1,0,0,1,0,0,0,1
"POINT (6.946580620000020 51.362136063000037)",Unfall 62392 (2023) Kat:3, Licht: 2,62392,3,7,5,12,20,4,1,2,0,1,0,0,0,1
"POINT (6.939967291000073 51.368560016000060)",Unfall 62393 (2023) Kat:2, Licht: 2,62393,2,2,6,12,17,4,0,2,0,1,1,0,0,0
"POINT (6.960276358000044 51.448216844000058)",Unfall 62394 (2023) Kat:3, Licht: 2,62394,3,7,0,12,22,4,1,2,1,0,0,0,0,0
"POINT (7.033897390000050 51.442691634000028)",Unfall 62395 (2023) Kat:3, Licht: 0,62395,3,4,6,12,13,4,0,0,0,1,1,0,0,0
"POINT (7.001555831000076 51.449468482000043)",Unfall 62396 (2023) Kat:3, Licht: 0,62396,3,6,2,12,15,4,1,0,0,1,0,0,0,0
"POINT (6.956183505000070 51.474188930000082)",Unfall 62397 (2023) Kat:3, Licht: 2,62397,3,2,5,12,16,4,0,2,0,1,0,0,0,0
"POINT (6.940233116000059 51.469304193000028)",Unfall 170349 (2023) Kat:3, Licht: 0,170349,3,5,0,01,11,4,0,0,1,1,0,0,0,0
"POINT (7.041765269000052 51.428017205000060)",Unfall 170350 (2023) Kat:2, Licht: 0,170350,2,6,4,01,13,4,0,0,0,1,0,0,0,1
"POINT (7.010320383000021 51.525717513000075)",Unfall 170424 (2023) Kat:3, Licht: 0,170424,3,7,6,01,10,3,0,0,0,1,1,0,0,0
"POINT (7.019306193000034 51.469993781000028)",Unfall 170425 (2023) Kat:3, Licht: 0,170425,3,3,5,01,12,3,1,0,0,1,0,0,0,0
"POINT (6.979258638000033 51.452481642000066)",Unfall 170426 (2023) Kat:3, Licht: 0,170426,3,1,0,01,13,3,0,0,0,0,0,0,0,1
"POINT (6.912882842000045 51.473568637000028)",Unfall 170481 (2023) Kat:3, Licht: 0,170481,3,5,6,01,10,2,1,0,0,1,1,0,0,0
"POINT (7.059449769000025 51.440566934000060)",Unfall 170506 (2023) Kat:2, Licht: 0,170506,2,1,0,01,10,1,1,0,1,0,0,0,0,0
"POINT (7.020502087000068 51.441109172000040)",Unfall 170538 (2023) Kat:3, Licht: 0,170538,3,6,2,01,15,7,1,0,0,1,0,0,0,0
"POINT (6.978797847000067 51.480848006000031)",Unfall 170591 (2023) Kat:3, Licht: 0,170591,3,6,2,01,13,6,1,0,1,0,0,0,1,0
"POINT (7.116156943000021 51.435564070000055)",Unfall 170592 (2023) Kat:3, Licht: 2,170592,3,2,6,01,05,6,1,2,0,1,1,0,0,0
"POINT (7.013550483000074 51.463427973000080)",Unfall 170593 (2023) Kat:2, Licht: 0,170593,2,2,4,01,14,6,0,0,1,1,0,0,0,0
"POINT (7.027507156000070 51.478087230000028)",Unfall 170654 (2023) Kat:3, Licht: 1,170654,3,2,5,01,07,5,1,1,0,1,0,0,0,0
"POINT (6.970031480000046 51.487491856000076)",Unfall 170655 (2023) Kat:3, Licht: 0,170655,3,6,2,01,12,5,1,0,0,1,0,0,0,0
"POINT (6.987321949000034 51.442761568000037)",Unfall 170732 (2023) Kat:3, Licht: 0,170732,3,2,6,01,15,4,0,0,0,1,1,0,0,0
"POINT (7.030080692000070 51.458990525000047)",Unfall 170733 (2023) Kat:3, Licht: 0,170733,3,7,0,01,14,4,0,0,0,0,1,0,0,1
"POINT (7.116545664000057 51.436308209000060)",Unfall 170759 (2023) Kat:3, Licht: 0,170759,3,7,0,01,14,3,0,0,0,0,1,0,0,1
"POINT (6.998621836000041 51.435573550000072)",Unfall 170803 (2023) Kat:3, Licht: 2,170803,3,6,2,01,07,3,1,2,0,1,0,1,0,0
"POINT (6.970764147000068 51.446782549000034)",Unfall 170804 (2023) Kat:3, Licht: 2,170804,3,1,0,01,20,3,1,2,1,0,0,0,0,0
"POINT (7.008341718000054 51.523873206000076)",Unfall 170928 (2023) Kat:3, Licht: 2,170928,3,6,2,01,06,7,1,2,0,1,0,0,0,0
"POINT (7.047815726000067 51.469259317000081)",Unfall 171039 (2023) Kat:3, Licht: 2,171039,3,7,9,01,18,4,1,2,0,1,0,0,0,0
"POINT (7.066708576000053 51.403150093000079)",Unfall 171072 (2023) Kat:3, Licht: 0,171072,3,7,0,01,11,1,1,0,1,1,0,0,0,0
"POINT (7.008936747000064 51.465810921000070)",Unfall 171087 (2023) Kat:3, Licht: 2,171087,3,7,0,01,16,3,0,2,1,1,0,0,0,0
"POINT (7.026357308000058 51.481962498000030)",Unfall 171473 (2023) Kat:2, Licht: 2,171473,2,7,0,02,19,6,0,2,0,1,0,0,0,0
"POINT (7.021183861000054 51.440763228000037)",Unfall 171474 (2023) Kat:3, Licht: 0,171474,3,7,1,02,16,6,0,0,0,1,0,0,0,0
"POINT (7.003859988000045 51.470097317000068)",Unfall 171475 (2023) Kat:3, Licht: 0,171475,3,2,5,02,12,6,0,0,0,1,0,0,0,0
"POINT (7.006357854000044 51.440575962000082)",Unfall 171530 (2023) Kat:3, Licht: 0,171530,3,6,2,02,14,5,0,0,1,1,0,0,0,0
"POINT (7.079905287000031 51.446087124000030)",Unfall 171633 (2023) Kat:3, Licht: 0,171633,3,7,0,02,12,3,0,0,0,0,0,0,0,1
"POINT (7.027707623000026 51.489304994000065)",Unfall 171705 (2023) Kat:3, Licht: 2,171705,3,6,2,02,20,1,1,2,0,1,0,0,0,0
"POINT (7.077689238000062 51.430328440000039)",Unfall 171706 (2023) Kat:3, Licht: 2,171706,3,5,6,02,17,1,0,2,0,0,1,0,0,1
"POINT (7.065661185000067 51.457769329000030)",Unfall 171781 (2023) Kat:3, Licht: 2,171781,3,7,3,02,18,6,0,2,1,1,0,0,0,0
"POINT (6.927629445000036 51.471973213000069)",Unfall 171829 (2023) Kat:3, Licht: 1,171829,3,4,6,02,08,5,1,1,0,1,1,0,0,0
"POINT (7.076931919000060 51.461692708000044)",Unfall 171830 (2023) Kat:3, Licht: 2,171830,3,2,6,02,17,5,1,2,0,1,1,0,0,0
"POINT (7.079905199000052 51.446086277000063)",Unfall 171881 (2023) Kat:3, Licht: 0,171881,3,7,0,02,15,4,1,0,0,0,0,0,0,1
"POINT (7.002947524000035 51.455669263000061)",Unfall 171882 (2023) Kat:3, Licht: 2,171882,3,3,5,02,20,4,1,2,1,1,0,0,0,0
"POINT (6.986819445000037 51.443738087000042)",Unfall 171929 (2023) Kat:3, Licht: 0,171929,3,6,0,01,15,3,1,0,0,1,0,0,0,0
"POINT (7.105738666000036 51.463891103000037)",Unfall 171978 (2023) Kat:2, Licht: 2,171978,2,2,6,01,06,2,1,2,0,1,1,0,0,0
"POINT (7.102866803000040 51.451909051000030)",Unfall 171979 (2023) Kat:3, Licht: 1,171979,3,2,4,01,17,2,0,1,0,1,0,0,0,1
"POINT (7.016873349000036 51.503296755000065)",Unfall 172028 (2023) Kat:3, Licht: 0,172028,3,4,0,01,14,7,0,0,0,1,1,0,0,0
"POINT (6.972326879000036 51.454460173000029)",Unfall 172068 (2023) Kat:3, Licht: 0,172068,3,1,3,01,14,6,1,0,0,1,0,1,0,0
"POINT (7.061748236000028 51.481282166000028)",Unfall 172133 (2023) Kat:3, Licht: 0,172133,3,1,6,01,09,5,1,0,0,1,1,0,0,0
"POINT (6.999363451000022 51.461139961000072)",Unfall 172134 (2023) Kat:2, Licht: 0,172134,2,2,5,01,08,5,2,0,0,0,0,0,1,1
"POINT (6.944761344000028 51.362268715000027)",Unfall 172185 (2023) Kat:3, Licht: 0,172185,3,7,6,01,09,4,0,0,0,1,1,0,0,0
"POINT (7.076163889000043 51.448764798000070)",Unfall 172280 (2023) Kat:3, Licht: 0,172280,3,1,6,01,14,2,0,0,0,0,1,0,0,1
"POINT (6.965555705000043 51.486019263000060)",Unfall 172324 (2023) Kat:3, Licht: 0,172324,3,6,4,01,15,7,0,0,0,1,0,0,0,0
"POINT (6.981497668000031 51.462987161000058)",Unfall 172433 (2023) Kat:3, Licht: 2,172433,3,2,4,01,18,5,1,2,0,1,0,0,0,0
"POINT (7.069685669000023 51.472984549000046)",Unfall 172434 (2023) Kat:3, Licht: 0,172434,3,6,2,01,08,5,1,0,0,1,0,0,0,0
"POINT (6.930593441000042 51.455258298000047)",Unfall 172532 (2023) Kat:3, Licht: 0,172532,3,1,0,03,08,5,0,0,0,0,0,1,0,0
"POINT (7.013823205000051 51.469821297000067)",Unfall 172533 (2023) Kat:3, Licht: 2,172533,3,4,6,03,19,5,0,2,0,1,1,0,0,0
"POINT (7.012908549000031 51.459158717000037)",Unfall 172534 (2023) Kat:3, Licht: 0,172534,3,7,6,03,17,5,0,0,1,0,1,0,0,0
"POINT (7.087326553000025 51.450492627000074)",Unfall 172634 (2023) Kat:3, Licht: 0,172634,3,3,5,02,16,3,0,0,0,1,0,0,0,0
"POINT (7.073734710000053 51.455454761000055)",Unfall 172691 (2023) Kat:3, Licht: 0,172691,3,5,4,02,12,2,0,0,0,1,0,0,0,0
"POINT (7.080728202000046 51.475048568000034)",Unfall 172736 (2023) Kat:3, Licht: 2,172736,3,7,0,02,19,1,0,2,0,1,0,0,0,1
"POINT (7.040260743000033 51.435677176000070)",Unfall 172748 (2023) Kat:3, Licht: 0,172748,3,5,1,02,15,2,0,0,1,1,0,0,0,0
"POINT (7.009537140000020 51.518345664000037)",Unfall 172761 (2023) Kat:3, Licht: 0,172761,3,2,4,02,15,7,0,0,0,1,0,0,0,0
"POINT (6.967382599000075 51.485804522000080)",Unfall 172762 (2023) Kat:3, Licht: 0,172762,3,7,0,02,12,7,1,0,0,1,0,0,0,0
"POINT (7.031257457000038 51.440141055000026)",Unfall 172778 (2023) Kat:3, Licht: 0,172778,3,7,5,02,16,7,0,0,1,1,0,0,0,0
"POINT (7.007945146000054 51.499560845000076)",Unfall 172820 (2023) Kat:3, Licht: 0,172820,3,4,6,02,07,6,0,0,0,1,1,0,0,0
"POINT (6.980187509000075 51.460672789000057)",Unfall 172821 (2023) Kat:3, Licht: 0,172821,3,2,6,02,12,6,1,0,0,1,1,0,0,0
"POINT (7.013550483000074 51.463427973000080)",Unfall 172822 (2023) Kat:3, Licht: 2,172822,3,3,5,02,21,6,1,2,0,1,0,0,0,0
"POINT (6.965841927000042 51.451230255000041)",Unfall 172882 (2023) Kat:3, Licht: 1,172882,3,2,6,02,07,5,1,1,0,1,1,0,0,0
"POINT (7.029946939000070 51.432739469000069)",Unfall 172937 (2023) Kat:2, Licht: 0,172937,2,7,0,02,07,4,0,0,0,1,0,0,0,0
"POINT (7.058127447000061 51.456858341000043)",Unfall 173010 (2023) Kat:3, Licht: 0,173010,3,7,6,02,13,2,0,0,0,1,1,0,0,0
"POINT (7.011780562000069 51.442226603000051)",Unfall 173011 (2023) Kat:3, Licht: 0,173011,3,7,6,02,13,2,0,0,0,1,1,0,0,0
"POINT (6.914416541000037 51.485029428000075)",Unfall 173012 (2023) Kat:3, Licht: 2,173012,3,4,6,02,23,2,0,2,0,1,1,0,0,0
"POINT (7.079704802000037 51.452119894000077)",Unfall 173031 (2023) Kat:3, Licht: 0,173031,3,7,0,02,14,1,0,0,1,1,0,0,0,0
"POINT (7.019241307000073 51.488006031000054)",Unfall 173157 (2023) Kat:3, Licht: 0,173157,3,4,6,02,07,5,0,0,0,0,1,1,0,0
"POINT (6.989640520000023 51.460964849000050)",Unfall 173158 (2023) Kat:2, Licht: 2,173158,2,7,8,02,20,5,0,2,0,1,0,0,0,0
"POINT (6.970929781000052 51.475992642000051)",Unfall 173220 (2023) Kat:3, Licht: 2,173220,3,1,0,02,19,4,0,2,0,0,0,0,0,1
"POINT (6.994713900000022 51.469351301000074)",Unfall 173222 (2023) Kat:3, Licht: 1,173222,3,3,5,02,06,4,0,1,0,1,0,0,0,1
"POINT (6.985078367000028 51.448193468000056)",Unfall 173298 (2023) Kat:2, Licht: 0,173298,2,1,2,02,14,3,0,0,0,1,0,0,0,0
"POINT (7.065948472000059 51.401598747000037)",Unfall 173381 (2023) Kat:3, Licht: 0,173381,3,6,1,02,10,2,0,0,0,1,0,0,0,1
"POINT (6.947024548000059 51.464232183000036)",Unfall 173423 (2023) Kat:3, Licht: 0,173423,3,3,5,02,17,1,0,0,0,1,0,0,0,0
"POINT (7.068328829000052 51.396808933000045)",Unfall 173459 (2023) Kat:3, Licht: 0,173459,3,4,6,02,13,7,0,0,0,1,1,0,0,0
"POINT (7.087689044000058 51.476082698000027)",Unfall 173485 (2023) Kat:3, Licht: 0,173485,3,6,1,02,12,2,0,0,1,0,0,0,0,1
"POINT (7.028008915000044 51.495126457000026)",Unfall 173567 (2023) Kat:3, Licht: 1,173567,3,7,6,03,06,6,0,1,0,1,1,0,0,0
"POINT (6.996801058000074 51.416965535000031)",Unfall 173568 (2023) Kat:3, Licht: 0,173568,3,1,0,03,18,6,1,0,1,0,0,0,0,0
"POINT (7.001105314000029 51.422105602000045)",Unfall 173569 (2023) Kat:3, Licht: 0,173569,3,7,5,03,15,6,0,0,0,1,0,0,0,1
"POINT (7.010848761000034 51.450245287000030)",Unfall 173655 (2023) Kat:3, Licht: 2,173655,3,2,6,03,23,4,1,2,0,1,1,0,0,0
"POINT (7.001724692000039 51.466657195000039)",Unfall 173656 (2023) Kat:3, Licht: 0,173656,3,6,2,03,16,4,0,0,0,1,0,0,0,0
"POINT (6.979430142000069 51.482612966000033)",Unfall 173719 (2023) Kat:3, Licht: 0,173719,3,6,1,03,14,3,1,0,0,1,0,0,0,0
"POINT (6.986123023000061 51.498030569000036)",Unfall 173720 (2023) Kat:3, Licht: 0,173720,3,3,5,03,14,3,0,0,1,1,0,0,0,0
"POINT (6.992709869000066 51.441340020000041)",Unfall 173721 (2023) Kat:3, Licht: 0,173721,3,6,4,03,16,3,0,0,1,0,0,0,0,0
"POINT (6.952529704000028 51.472239939000076)",Unfall 173763 (2023) Kat:3, Licht: 2,173763,3,2,6,03,20,2,1,2,0,1,1,0,0,0
"POINT (7.002169107000043 51.439391436000051)",Unfall 173764 (2023) Kat:3, Licht: 0,173764,3,1,3,03,09,2,0,0,1,1,0,0,0,0
"POINT (6.908955186000071 51.484800734000032)",Unfall 173771 (2023) Kat:3, Licht: 0,173771,3,3,5,03,08,6,1,0,1,1,0,0,0,0
"POINT (7.064264590000050 51.463737164000065)",Unfall 173841 (2023) Kat:3, Licht: 0,173841,3,7,0,03,15,7,0,0,0,0,1,0,0,1
"POINT (7.000606765000043 51.456684970000026)",Unfall 173842 (2023) Kat:2, Licht: 0,173842,2,7,5,03,14,7,0,0,0,1,0,1,0,0
"POINT (7.058995156000037 51.482097523000050)",Unfall 173898 (2023) Kat:3, Licht: 0,173898,3,6,2,03,12,6,0,0,1,1,0,0,0,0
"POINT (7.011424049000027 51.451891951000050)",Unfall 173899 (2023) Kat:3, Licht: 0,173899,3,3,3,03,18,6,0,0,0,1,0,0,0,1
"POINT (6.973881466000023 51.490670403000081)",Unfall 174035 (2023) Kat:3, Licht: 0,174035,3,1,1,03,11,3,1,0,0,1,0,0,0,0
"POINT (6.972286415000042 51.453359019000061)",Unfall 174036 (2023) Kat:3, Licht: 0,174036,3,3,4,03,17,3,0,0,0,1,0,0,0,0
"POINT (7.013810709000040 51.452258148000055)",Unfall 174084 (2023) Kat:3, Licht: 0,174084,3,7,0,03,16,2,0,0,0,0,0,0,0,1
"POINT (7.009112150000021 51.451720033000072)",Unfall 174085 (2023) Kat:3, Licht: 0,174085,3,4,6,03,07,2,1,0,0,1,1,0,0,0
"POINT (6.947502055000029 51.480445785000029)",Unfall 174120 (2023) Kat:3, Licht: 0,174120,3,7,0,03,16,1,0,0,1,1,0,0,0,0
"POINT (7.079904737000049 51.446081823000043)",Unfall 174121 (2023) Kat:3, Licht: 0,174121,3,7,6,03,17,1,1,0,0,1,1,0,0,0
"POINT (7.014709200000027 51.452418611000041)",Unfall 174122 (2023) Kat:3, Licht: 0,174122,3,4,6,03,11,1,1,0,0,1,1,0,0,0
"POINT (6.931499161000033 51.482639970000037)",Unfall 174146 (2023) Kat:2, Licht: 2,174146,2,6,6,03,19,7,0,2,0,1,1,0,0,0
"POINT (7.063462302000062 51.479935299000033)",Unfall 174187 (2023) Kat:3, Licht: 0,174187,3,7,0,03,10,6,0,0,0,1,0,0,0,1
"POINT (7.008153383000035 51.496853360000046)",Unfall 174188 (2023) Kat:3, Licht: 2,174188,3,4,6,03,19,6,1,2,0,1,1,0,0,0
"POINT (7.077010054000027 51.452747784000053)",Unfall 174189 (2023) Kat:3, Licht: 2,174189,3,7,0,03,21,6,0,2,0,0,0,0,0,1
"POINT (7.078772573000037 51.462410901000055)",Unfall 174233 (2023) Kat:3, Licht: 0,174233,3,4,6,03,15,6,0,0,0,1,1,0,0,0
"POINT (7.016727174000039 51.452739904000055)",Unfall 174261 (2023) Kat:3, Licht: 0,174261,3,7,6,03,09,5,1,0,0,1,1,0,0,0
"POINT (7.106864976000054 51.414381203000062)",Unfall 174309 (2023) Kat:3, Licht: 0,174309,3,1,8,03,08,4,2,0,0,1,0,0,0,0
"POINT (7.025458266000044 51.439062725000042)",Unfall 174310 (2023) Kat:3, Licht: 1,174310,3,1,0,03,18,4,1,1,1,0,0,0,0,0
"POINT (7.074219507000066 51.425685447000035)",Unfall 174368 (2023) Kat:3, Licht: 1,174368,3,7,0,03,08,3,1,1,0,0,0,0,0,1
"POINT (7.034399154000027 51.453593832000081)",Unfall 174369 (2023) Kat:3, Licht: 0,174369,3,6,1,03,13,3,1,0,0,1,0,0,0,0
"POINT (7.022391465000055 51.466613349000056)",Unfall 174374 (2023) Kat:3, Licht: 0,174374,3,5,1,03,12,4,0,0,0,1,0,0,1,0
"POINT (7.040877573000046 51.491240941000058)",Unfall 174417 (2023) Kat:3, Licht: 0,174417,3,7,0,03,10,2,1,0,1,0,0,0,0,0
"POINT (7.039011240000036 51.476840156000037)",Unfall 174418 (2023) Kat:2, Licht: 0,174418,2,7,0,03,13,2,0,0,0,0,0,0,0,1
"POINT (6.960123614000054 51.479588103000026)",Unfall 174544 (2023) Kat:3, Licht: 0,174544,3,3,5,03,17,6,0,0,1,1,0,0,0,0
"POINT (6.983150902000034 51.456929174000038)",Unfall 174545 (2023) Kat:3, Licht: 2,174545,3,2,5,03,20,6,0,2,0,1,0,0,0,1
"POINT (6.946819239000035 51.492966074000037)",Unfall 174642 (2023) Kat:3, Licht: 0,174642,3,3,0,04,16,2,0,0,1,1,0,0,0,0
"POINT (7.074822686000061 51.467507041000033)",Unfall 174643 (2023) Kat:3, Licht: 0,174643,3,3,5,04,16,2,0,0,0,1,0,0,0,0
"POINT (6.966182897000067 51.465714997000077)",Unfall 174698 (2023) Kat:3, Licht: 0,174698,3,4,6,04,15,7,1,0,0,1,1,0,0,0
"POINT (7.003482995000070 51.430419761000053)",Unfall 174699 (2023) Kat:3, Licht: 2,174699,3,1,0,04,02,7,0,2,0,0,0,0,0,1
"POINT (6.972296569000036 51.453244438000070)",Unfall 174700 (2023) Kat:3, Licht: 0,174700,3,7,0,04,17,7,1,0,0,0,0,1,0,0
"POINT (6.966527231000043 51.442277837000063)",Unfall 174701 (2023) Kat:3, Licht: 0,174701,3,7,4,04,16,7,1,0,0,1,0,0,0,0
"POINT (7.025279840000053 51.456662673000039)",Unfall 174743 (2023) Kat:3, Licht: 0,174743,3,7,6,04,12,6,0,0,0,1,1,0,0,0
"POINT (6.986277020000045 51.444864718000076)",Unfall 174892 (2023) Kat:3, Licht: 0,174892,3,2,3,04,10,2,0,0,0,1,0,0,0,1
"POINT (6.951301706000038 51.474645358000032)",Unfall 174977 (2023) Kat:3, Licht: 0,174977,3,1,0,04,12,6,1,0,0,0,0,1,0,0
"POINT (6.990040104000059 51.464201265000042)",Unfall 174978 (2023) Kat:3, Licht: 2,174978,3,7,6,04,00,6,1,2,0,1,1,0,0,0
"POINT (7.019592169000020 51.461493521000079)",Unfall 174990 (2023) Kat:3, Licht: 0,174990,3,1,0,04,09,7,1,0,1,0,0,0,0,0
"POINT (6.940770426000029 51.359104380000076)",Unfall 175012 (2023) Kat:3, Licht: 0,175012,3,1,0,04,15,1,0,0,0,1,0,0,0,0
"POINT (7.051419629000065 51.488274954000076)",Unfall 175024 (2023) Kat:3, Licht: 0,175024,3,3,0,04,12,5,0,0,1,1,0,0,0,0
"POINT (7.033893855000031 51.445908410000072)",Unfall 175025 (2023) Kat:3, Licht: 0,175025,3,7,2,04,13,5,1,0,1,1,0,0,0,0
"POINT (7.011170671000059 51.452941467000073)",Unfall 175072 (2023) Kat:3, Licht: 0,175072,3,4,7,04,09,4,0,0,1,0,1,0,0,0
"POINT (6.947533835000058 51.480309701000067)",Unfall 175123 (2023) Kat:2, Licht: 2,175123,2,1,9,04,03,3,0,2,0,1,0,0,0,0
"POINT (6.982350801000052 51.408078855000042)",Unfall 175124 (2023) Kat:3, Licht: 0,175124,3,3,5,04,14,3,0,0,0,1,0,0,0,0
"POINT (6.979415432000053 51.484142936000069)",Unfall 175177 (2023) Kat:3, Licht: 2,175177,3,3,5,04,00,2,0,2,0,1,0,0,0,0
"POINT (7.046283420000066 51.502496766000036)",Unfall 175178 (2023) Kat:2, Licht: 0,175178,2,2,6,04,07,2,0,0,0,1,1,0,0,0
"POINT (7.019746273000067 51.494047669000054)",Unfall 175213 (2023) Kat:3, Licht: 2,175213,3,1,0,04,06,1,1,2,1,0,0,0,0,0
"POINT (7.002685166000049 51.389593602000048)",Unfall 175242 (2023) Kat:3, Licht: 0,175242,3,5,8,04,12,7,1,0,0,1,0,0,0,0
"POINT (7.041188409000029 51.424202896000054)",Unfall 175243 (2023) Kat:3, Licht: 0,175243,3,7,0,04,15,7,1,0,0,1,0,0,0,0
"POINT (6.980458132000024 51.488857685000028)",Unfall 175367 (2023) Kat:3, Licht: 0,175367,3,7,3,03,13,5,0,0,1,0,0,0,1,0
"POINT (7.013844973000062 51.470219068000063)",Unfall 175368 (2023) Kat:3, Licht: 2,175368,3,6,2,03,21,5,1,2,1,1,0,0,0,0
"POINT (7.068607820000068 51.480486353000060)",Unfall 175495 (2023) Kat:3, Licht: 0,175495,3,6,2,03,13,3,0,0,0,1,0,0,0,0
"POINT (7.043974066000033 51.426631108000038)",Unfall 175496 (2023) Kat:3, Licht: 0,175496,3,7,0,03,11,3,0,0,0,0,0,0,0,1
"POINT (7.073733249000043 51.461306370000045)",Unfall 175497 (2023) Kat:3, Licht: 0,175497,3,7,0,03,16,3,0,0,0,0,0,0,0,1
"POINT (7.007945146000054 51.499560845000076)",Unfall 175643 (2023) Kat:3, Licht: 0,175643,3,7,0,05,09,6,0,0,0,0,0,0,0,1
"POINT (6.981131485000049 51.455312601000060)",Unfall 175644 (2023) Kat:3, Licht: 0,175644,3,7,0,05,15,6,0,0,0,1,0,1,0,0
"POINT (7.012050495000040 51.424661981000042)",Unfall 175711 (2023) Kat:3, Licht: 0,175711,3,1,0,05,08,5,0,0,1,0,0,0,0,0
"POINT (6.972373568000023 51.426161560000025)",Unfall 175712 (2023) Kat:3, Licht: 0,175712,3,7,0,05,07,5,0,0,1,0,0,0,0,0
"POINT (7.051185866000026 51.488831512000047)",Unfall 175788 (2023) Kat:3, Licht: 0,175788,3,7,0,05,14,4,0,0,0,1,0,1,0,0
"POINT (6.981959520000032 51.463856079000038)",Unfall 175789 (2023) Kat:3, Licht: 0,175789,3,4,6,05,15,4,0,0,0,1,1,0,0,0
"POINT (6.980453862000047 51.461102377000032)",Unfall 175790 (2023) Kat:3, Licht: 0,175790,3,7,0,05,07,4,0,0,0,1,0,0,0,0
"POINT (6.996502286000066 51.437514100000044)",Unfall 175857 (2023) Kat:3, Licht: 0,175857,3,6,0,05,18,3,0,0,0,0,0,1,0,0
"POINT (7.000101863000054 51.479683378000061)",Unfall 175904 (2023) Kat:3, Licht: 0,175904,3,7,0,05,16,2,0,0,0,1,0,0,0,0
"POINT (6.948212943000044 51.472427759000027)",Unfall 175905 (2023) Kat:3, Licht: 0,175905,3,1,2,05,18,2,1,0,0,1,0,0,0,0
"POINT (7.014818761000072 51.453748567000048)",Unfall 175906 (2023) Kat:3, Licht: 0,175906,3,7,0,05,19,2,1,0,0,1,0,0,0,1
"POINT (6.972318859000040 51.454140753000047)",Unfall 175948 (2023) Kat:2, Licht: 2,175948,2,1,0,04,21,1,0,2,1,0,0,0,0,0
"POINT (7.015276191000055 51.427612742000065)",Unfall 175949 (2023) Kat:3, Licht: 0,175949,3,7,0,04,15,1,0,0,1,0,0,0,0,1
"POINT (7.012975869000059 51.450040641000044)",Unfall 175987 (2023) Kat:2, Licht: 0,175987,2,7,0,04,06,1,0,0,0,1,0,0,0,1
"POINT (6.942214499000045 51.362465155000052)",Unfall 176004 (2023) Kat:3, Licht: 0,176004,3,7,0,04,11,7,1,0,0,0,0,0,0,1
"POINT (7.074860763000061 51.450110153000026)",Unfall 176005 (2023) Kat:3, Licht: 0,176005,3,3,5,04,09,7,1,0,0,1,0,0,0,1