WKT,Name,OBJECTID,UKATEGORIE,UTYP1,UART,UMONAT,USTUNDE,UWOCHENTAG,STRZUSTAND,ULICHTVERH,ISTRAD,ISTPKW,ISTFUSS,ISTKRAD,ISTGKFZ,ISTSONSTIG
"POINT (6.981523429000049 51.454869376000033)",Unfall 176074 (2023) Kat:2, Licht: 2,176074,2,1,4,04,23,6,1,2,0,1,0,0,0,0
"POINT (6.991617239000050 51.441160506000074)",Unfall 176075 (2023) Kat:3, Licht: 0,176075,3,1,0,04,12,6,0,0,0,0,0,0,0,1
"POINT (6.943270861000030 51.477749335000055)",Unfall 176152 (2023) Kat:3, Licht: 0,176152,3,1,8,04,12,5,0,0,0,1,0,0,0,0
"POINT (7.109527562000039 51.434732775000043)",Unfall 176153 (2023) Kat:2, Licht: 0,176153,2,1,8,04,15,5,0,0,0,1,0,0,0,0
"POINT (7.007454520000067 51.459469022000064)",Unfall 176165 (2023) Kat:3, Licht: 0,176165,3,1,0,04,12,5,0,0,0,0,0,1,0,0
"POINT (6.972029852000048 51.460582515000056)",Unfall 176280 (2023) Kat:3, Licht: 0,176280,3,4,0,04,13,3,1,0,0,0,1,0,0,1
"POINT (6.989465509000070 51.416347709000036)",Unfall 176281 (2023) Kat:3, Licht: 0,176281,3,1,0,04,11,3,0,0,0,1,0,1,0,0
"POINT (7.067410160000065 51.409586223000076)",Unfall 176282 (2023) Kat:3, Licht: 0,176282,3,5,0,04,13,3,0,0,0,1,0,0,0,0
"POINT (7.004553810000061 51.434276527000065)",Unfall 176339 (2023) Kat:3, Licht: 0,176339,3,7,6,04,11,2,0,0,0,1,1,0,0,0
"POINT (6.992870097000036 51.375802328000077)",Unfall 176344 (2023) Kat:3, Licht: 0,176344,3,1,8,05,14,5,0,0,0,0,0,1,0,0
"POINT (6.954951575000052 51.474327804000040)",Unfall 176428 (2023) Kat:3, Licht: 0,176428,3,1,0,04,10,7,0,0,0,1,0,0,0,1
"POINT (7.005543574000058 51.437690715000031)",Unfall 176546 (2023) Kat:3, Licht: 0,176546,3,6,0,04,12,5,0,0,0,1,0,0,0,1
"POINT (7.014910835000023 51.452420023000059)",Unfall 176668 (2023) Kat:3, Licht: 2,176668,3,7,0,05,21,7,0,2,0,0,0,0,0,1
"POINT (7.059867722000035 51.476096763000044)",Unfall 176733 (2023) Kat:3, Licht: 0,176733,3,6,1,05,20,6,0,0,0,1,0,0,0,1
"POINT (7.032607097000039 51.501878567000063)",Unfall 176734 (2023) Kat:3, Licht: 2,176734,3,1,0,05,23,6,0,2,0,0,0,0,0,1
"POINT (6.999129661000040 51.430329685000061)",Unfall 176735 (2023) Kat:3, Licht: 0,176735,3,3,5,05,10,6,0,0,1,1,0,0,0,0
"POINT (7.006387674000052 51.437953608000043)",Unfall 176736 (2023) Kat:3, Licht: 0,176736,3,1,0,05,08,6,0,0,1,0,0,0,0,0
"POINT (7.049994414000025 51.457038868000041)",Unfall 176737 (2023) Kat:3, Licht: 0,176737,3,3,5,05,17,6,0,0,1,1,0,0,0,0
"POINT (7.063397696000038 51.480373454000073)",Unfall 176791 (2023) Kat:3, Licht: 0,176791,3,2,4,05,18,5,0,0,0,1,0,0,0,0
"POINT (6.970437174000040 51.463232074000075)",Unfall 176792 (2023) Kat:2, Licht: 0,176792,2,4,0,05,17,5,0,0,0,1,1,0,0,0
"POINT (7.005543574000058 51.437690715000031)",Unfall 176866 (2023) Kat:3, Licht: 2,176866,3,6,3,05,23,4,0,2,1,1,0,0,0,0
"POINT (7.016715364000049 51.440653334000046)",Unfall 176867 (2023) Kat:3, Licht: 0,176867,3,2,3,05,08,4,0,0,1,1,0,0,0,0
"POINT (6.982914749000031 51.452845082000067)",Unfall 176868 (2023) Kat:3, Licht: 0,176868,3,6,2,05,10,4,0,0,0,1,0,0,0,0
"POINT (7.034173264000060 51.455438487000038)",Unfall 176869 (2023) Kat:3, Licht: 0,176869,3,7,0,05,14,4,0,0,1,1,0,0,0,0
"POINT (7.006678185000055 51.522498659000064)",Unfall 176945 (2023) Kat:3, Licht: 0,176945,3,3,5,05,08,3,0,0,0,1,0,0,0,0
"POINT (6.992605510000033 51.485677408000072)",Unfall 177021 (2023) Kat:3, Licht: 0,177021,3,7,0,05,14,2,0,0,0,1,0,1,0,0
"POINT (6.936656177000032 51.491724922000060)",Unfall 177076 (2023) Kat:3, Licht: 0,177076,3,2,5,05,07,1,0,0,1,1,0,0,0,0
"POINT (7.022346201000062 51.455501271000060)",Unfall 177135 (2023) Kat:3, Licht: 0,177135,3,2,5,05,12,7,0,0,1,0,0,1,0,0
"POINT (7.008367063000037 51.438489803000039)",Unfall 177212 (2023) Kat:3, Licht: 2,177212,3,1,0,05,23,6,0,2,0,0,0,0,0,1
"POINT (6.989841850000062 51.424226935000036)",Unfall 177213 (2023) Kat:2, Licht: 0,177213,2,1,0,05,16,6,1,0,1,0,0,0,0,0
"POINT (7.015444695000042 51.441351769000050)",Unfall 177214 (2023) Kat:3, Licht: 0,177214,3,6,2,05,07,6,0,0,1,1,0,0,0,0
"POINT (6.966334718000041 51.485927933000028)",Unfall 177306 (2023) Kat:3, Licht: 0,177306,3,7,0,05,13,5,0,0,0,0,1,0,0,1
"POINT (6.945718442000043 51.362195322000048)",Unfall 177363 (2023) Kat:2, Licht: 0,177363,2,4,6,05,15,4,0,0,0,1,1,0,0,0
"POINT (7.025842069000021 51.454005329000040)",Unfall 177364 (2023) Kat:3, Licht: 0,177364,3,4,6,05,16,4,0,0,0,1,1,0,0,0
"POINT (7.079902353000023 51.446058886000060)",Unfall 177365 (2023) Kat:3, Licht: 0,177365,3,3,4,05,15,4,0,0,0,1,0,0,0,0
"POINT (6.974216392000073 51.460603481000078)",Unfall 177432 (2023) Kat:2, Licht: 0,177432,2,3,5,05,17,3,1,0,0,1,0,0,0,0
"POINT (7.076725622000026 51.429798471000026)",Unfall 177433 (2023) Kat:3, Licht: 0,177433,3,4,6,05,16,3,0,0,0,1,1,0,0,0
"POINT (7.009927691000030 51.451942309000060)",Unfall 177434 (2023) Kat:3, Licht: 1,177434,3,7,6,05,18,3,1,1,0,1,1,0,0,0
"POINT (7.011459854000066 51.451893418000054)",Unfall 177435 (2023) Kat:3, Licht: 0,177435,3,3,5,05,09,3,0,0,1,0,0,0,0,1
"POINT (7.003614717000062 51.392215740000040)",Unfall 177505 (2023) Kat:3, Licht: 0,177505,3,3,5,05,08,2,0,0,0,1,0,0,0,0
"POINT (6.974049665000052 51.447883378000029)",Unfall 177506 (2023) Kat:3, Licht: 0,177506,3,7,6,05,16,2,0,0,1,0,1,0,0,0
"POINT (7.015210223000054 51.469516751000072)",Unfall 177507 (2023) Kat:3, Licht: 0,177507,3,6,3,05,12,2,0,0,0,1,0,0,0,1
"POINT (7.066542133000041 51.492206503000034)",Unfall 177802 (2023) Kat:3, Licht: 0,177802,3,2,5,06,12,6,0,0,1,1,0,0,0,0
"POINT (7.008078997000041 51.497537131000058)",Unfall 177803 (2023) Kat:3, Licht: 0,177803,3,7,6,06,11,6,0,0,0,1,1,0,0,0
"POINT (6.932097268000064 51.491581790000055)",Unfall 177804 (2023) Kat:3, Licht: 0,177804,3,7,6,06,16,6,0,0,0,0,1,0,0,1
"POINT (6.981476872000030 51.427619956000058)",Unfall 177965 (2023) Kat:3, Licht: 0,177965,3,1,0,05,13,4,0,0,1,0,0,0,0,0
"POINT (6.988430461000064 51.449039591000030)",Unfall 178051 (2023) Kat:3, Licht: 0,178051,3,6,0,05,17,3,0,0,0,0,0,0,0,1
"POINT (6.972286415000042 51.453359019000061)",Unfall 178052 (2023) Kat:2, Licht: 0,178052,2,1,0,05,15,3,0,0,1,0,0,0,0,0
"POINT (7.013785631000076 51.469295483000053)",Unfall 178053 (2023) Kat:3, Licht: 0,178053,3,6,2,05,19,3,0,0,0,1,0,0,0,0
"POINT (7.011192497000025 51.448223484000039)",Unfall 178054 (2023) Kat:3, Licht: 1,178054,3,7,5,05,22,3,0,1,0,1,0,0,0,1
"POINT (6.947562345000051 51.480562212000052)",Unfall 178113 (2023) Kat:3, Licht: 1,178113,3,1,0,05,20,2,0,1,1,0,0,0,0,0
"POINT (6.976705325000069 51.467810910000026)",Unfall 178163 (2023) Kat:2, Licht: 1,178163,2,7,0,05,20,1,0,1,0,1,1,0,0,1
"POINT (6.962016499000072 51.452363669000079)",Unfall 178164 (2023) Kat:3, Licht: 0,178164,3,1,1,05,19,1,0,0,0,1,0,0,0,1
"POINT (6.961788663000050 51.480555956000046)",Unfall 178228 (2023) Kat:3, Licht: 0,178228,3,5,1,05,07,7,0,0,0,1,0,0,0,1
"POINT (7.012853896000024 51.455658987000049)",Unfall 178229 (2023) Kat:3, Licht: 0,178229,3,7,6,05,16,7,0,0,0,0,1,0,0,1
"POINT (6.980123435000053 51.462716208000074)",Unfall 178422 (2023) Kat:3, Licht: 0,178422,3,1,6,05,20,5,0,0,0,1,1,0,0,0
"POINT (7.099071499000047 51.463078599000028)",Unfall 178423 (2023) Kat:3, Licht: 0,178423,3,1,9,05,11,5,0,0,0,0,0,1,0,0
"POINT (7.013601705000042 51.462290994000057)",Unfall 178424 (2023) Kat:3, Licht: 0,178424,3,6,0,05,10,5,0,0,0,1,0,0,0,1
"POINT (7.013086603000033 51.458294584000043)",Unfall 178426 (2023) Kat:3, Licht: 0,178426,3,7,6,05,11,5,0,0,0,0,1,0,0,1
"POINT (7.006154813000023 51.439838648000034)",Unfall 178495 (2023) Kat:3, Licht: 0,178495,3,6,3,05,09,4,0,0,1,1,0,0,0,0
"POINT (7.037302816000022 51.488708855000027)",Unfall 178572 (2023) Kat:3, Licht: 0,178572,3,7,6,05,18,3,0,0,0,0,1,1,0,0
"POINT (7.047355059000040 51.456060965000063)",Unfall 178621 (2023) Kat:3, Licht: 2,178621,3,7,2,06,22,6,0,2,1,1,0,0,0,0
"POINT (7.017542832000061 51.430314410000051)",Unfall 178646 (2023) Kat:3, Licht: 0,178646,3,1,6,05,20,2,0,0,0,0,1,0,0,1
"POINT (7.011616380000021 51.469276477000051)",Unfall 178700 (2023) Kat:3, Licht: 0,178700,3,6,2,05,15,7,0,0,0,1,0,0,0,0
"POINT (6.999040366000031 51.430981758000030)",Unfall 178705 (2023) Kat:3, Licht: 0,178705,3,4,6,05,08,1,0,0,0,1,1,0,0,0
"POINT (7.005320627000060 51.461345224000070)",Unfall 178800 (2023) Kat:3, Licht: 0,178800,3,3,5,06,19,5,0,0,1,1,0,0,0,0
"POINT (7.012010998000051 51.458473775000073)",Unfall 178801 (2023) Kat:3, Licht: 0,178801,3,4,6,06,15,5,0,0,0,1,1,0,0,0
"POINT (6.985669870000038 51.498912810000036)",Unfall 178893 (2023) Kat:3, Licht: 0,178893,3,7,2,06,08,4,0,0,0,1,0,0,0,0
"POINT (7.032393591000073 51.475568658000043)",Unfall 178983 (2023) Kat:3, Licht: 2,178983,3,5,1,06,23,3,0,2,1,1,0,0,0,0
"POINT (7.082252905000075 51.416562449000025)",Unfall 178984 (2023) Kat:3, Licht: 0,178984,3,7,7,06,14,3,0,0,0,1,1,0,0,0
"POINT (7.004021176000037 51.432369682000058)",Unfall 178985 (2023) Kat:2, Licht: 0,178985,2,7,4,06,17,3,0,0,1,0,0,0,0,1
"POINT (7.055617164000068 51.433688376000077)",Unfall 178986 (2023) Kat:2, Licht: 1,178986,2,4,6,06,19,3,0,1,0,1,1,0,0,0
"POINT (7.029009727000073 51.437598406000063)",Unfall 178987 (2023) Kat:3, Licht: 0,178987,3,3,5,06,16,3,0,0,0,1,0,0,0,0
"POINT (6.995642430000032 51.450018643000078)",Unfall 178988 (2023) Kat:3, Licht: 0,178988,3,7,0,06,16,3,0,0,1,0,0,0,0,0
"POINT (6.945535655000072 51.480771583000035)",Unfall 179069 (2023) Kat:3, Licht: 0,179069,3,7,0,06,12,2,0,0,0,1,0,0,0,1
"POINT (6.985693853000043 51.458268229000055)",Unfall 179070 (2023) Kat:3, Licht: 0,179070,3,6,2,06,17,2,0,0,0,1,0,0,0,0
"POINT (6.945573046000050 51.465328027000055)",Unfall 179195 (2023) Kat:3, Licht: 0,179195,3,1,1,06,12,7,0,0,0,1,0,0,0,0
"POINT (6.950447402000066 51.458360093000067)",Unfall 179196 (2023) Kat:3, Licht: 0,179196,3,1,0,06,19,7,0,0,1,0,0,0,0,0
"POINT (6.994164157000057 51.410847139000055)",Unfall 179197 (2023) Kat:3, Licht: 0,179197,3,4,6,06,15,7,0,0,0,1,1,0,0,0
"POINT (7.004501196000035 51.434100621000027)",Unfall 179198 (2023) Kat:3, Licht: 2,179198,3,2,5,06,00,7,0,2,0,1,0,0,0,0
"POINT (7.024993225000060 51.475362342000039)",Unfall 179281 (2023) Kat:3, Licht: 0,179281,3,7,0,06,15,6,0,0,0,0,0,0,0,1
"POINT (7.005981980000058 51.511159342000042)",Unfall 179282 (2023) Kat:3, Licht: 0,179282,3,7,0,06,17,6,0,0,1,1,0,0,0,0
"POINT (6.951985512000022 51.476862426000082)",Unfall 179283 (2023) Kat:3, Licht: 0,179283,3,6,2,06,14,6,0,0,0,1,0,0,0,0
"POINT (7.081111832000033 51.388296484000080)",Unfall 179284 (2023) Kat:3, Licht: 0,179284,3,1,8,06,22,6,0,0,1,0,0,0,0,0
"POINT (7.032458376000022 51.450628278000067)",Unfall 179285 (2023) Kat:2, Licht: 0,179285,2,3,5,06,20,6,0,0,0,1,0,0,0,1
"POINT (7.013481315000035 51.454593691000071)",Unfall 179286 (2023) Kat:3, Licht: 1,179286,3,1,0,06,21,6,0,1,0,0,0,0,0,1
"POINT (7.012867906000054 51.455393756000035)",Unfall 179344 (2023) Kat:3, Licht: 0,179344,3,7,6,06,16,5,0,0,0,0,1,0,0,1
"POINT (6.985182586000064 51.447944697000082)",Unfall 179430 (2023) Kat:3, Licht: 0,179430,3,6,4,06,18,4,1,0,0,1,0,1,0,0
"POINT (7.039347454000051 51.480148040000074)",Unfall 179539 (2023) Kat:3, Licht: 0,179539,3,3,5,06,17,3,0,0,0,1,0,0,0,1
"POINT (6.964501051000070 51.467431983000040)",Unfall 179540 (2023) Kat:3, Licht: 0,179540,3,4,6,06,08,3,0,0,0,1,1,0,0,0
"POINT (7.100500566000051 51.420535050000069)",Unfall 179541 (2023) Kat:3, Licht: 0,179541,3,6,4,06,08,3,0,0,1,1,0,0,0,0
"POINT (7.039741718000073 51.504351715000041)",Unfall 179653 (2023) Kat:3, Licht: 0,179653,3,7,6,06,07,2,0,0,0,1,1,0,0,0
"POINT (7.056233257000031 51.400261057000080)",Unfall 179654 (2023) Kat:3, Licht: 0,179654,3,7,0,06,17,2,0,0,1,1,0,0,0,0
"POINT (6.972286415000042 51.453359019000061)",Unfall 179655 (2023) Kat:3, Licht: 0,179655,3,2,6,06,16,2,0,0,0,1,1,0,0,0
"POINT (6.985683363000021 51.458267688000035)",Unfall 179656 (2023) Kat:3, Licht: 0,179656,3,1,8,06,17,2,0,0,0,0,0,1,0,0
"POINT (7.030525353000030 51.414137963000030)",Unfall 179720 (2023) Kat:3, Licht: 0,179720,3,1,9,06,18,1,0,0,1,0,0,0,0,0
"POINT (6.981315882000047 51.445796092000080)",Unfall 179721 (2023) Kat:3, Licht: 1,179721,3,3,5,06,21,1,0,1,1,1,0,0,0,0
"POINT (6.942263564000029 51.373656302000029)",Unfall 179753 (2023) Kat:2, Licht: 0,179753,2,1,0,06,07,6,1,0,1,0,0,0,0,0
"POINT (7.074862344000053 51.453603549000036)",Unfall 179812 (2023) Kat:3, Licht: 0,179812,3,5,6,06,12,5,0,0,0,1,0,0,0,1
"POINT (6.993814450000059 51.382402474000060)",Unfall 179858 (2023) Kat:3, Licht: 0,179858,3,6,8,06,16,4,0,0,1,0,0,0,0,1
"POINT (7.016775147000033 51.452750333000040)",Unfall 179859 (2023) Kat:2, Licht: 0,179859,2,7,0,06,17,4,0,0,0,0,1,0,0,1
"POINT (6.979354223000030 51.456902764000063)",Unfall 179907 (2023) Kat:3, Licht: 0,179907,3,2,5,06,18,3,0,0,0,1,0,0,0,0
"POINT (7.000534139000024 51.388569645000075)",Unfall 179908 (2023) Kat:3, Licht: 0,179908,3,7,1,06,13,3,0,0,0,1,0,1,0,0
"POINT (7.015800202000037 51.470557946000042)",Unfall 179909 (2023) Kat:3, Licht: 0,179909,3,7,0,06,17,3,0,0,1,1,0,0,0,0
"POINT (7.046106692000023 51.497551528000031)",Unfall 179971 (2023) Kat:3, Licht: 1,179971,3,1,0,06,21,2,0,1,0,0,0,1,0,0
"POINT (6.943204070000036 51.477716572000077)",Unfall 179972 (2023) Kat:2, Licht: 0,179972,2,7,8,06,16,2,0,0,0,1,0,0,0,1
"POINT (6.997096104000036 51.440320903000043)",Unfall 179973 (2023) Kat:3, Licht: 0,179973,3,1,6,06,11,2,0,0,0,1,1,0,0,0
"POINT (7.083376199000043 51.417815179000058)",Unfall 180018 (2023) Kat:3, Licht: 1,180018,3,1,0,06,22,1,0,1,0,0,0,0,0,1
"POINT (7.014416217000075 51.451942924000036)",Unfall 180019 (2023) Kat:3, Licht: 0,180019,3,7,0,06,06,1,0,0,0,1,0,0,0,0
"POINT (6.947556566000060 51.480551053000056)",Unfall 180067 (2023) Kat:3, Licht: 1,180067,3,7,0,06,20,7,0,1,1,0,0,0,0,0
"POINT (6.961932467000054 51.470010478000063)",Unfall 180068 (2023) Kat:3, Licht: 2,180068,3,7,0,06,23,7,0,2,0,0,0,0,0,1
"POINT (7.066002170000047 51.490344031000063)",Unfall 180158 (2023) Kat:3, Licht: 0,180158,3,7,1,06,15,6,0,0,1,1,0,0,0,0
"POINT (7.000391161000039 51.394152452000071)",Unfall 180159 (2023) Kat:3, Licht: 0,180159,3,6,2,06,18,6,0,0,1,1,0,0,0,0
"POINT (7.001390496000056 51.447133610000037)",Unfall 180207 (2023) Kat:3, Licht: 0,180207,3,3,5,06,17,6,0,0,1,1,0,0,0,0
"POINT (7.016719170000044 51.474952306000034)",Unfall 180232 (2023) Kat:3, Licht: 2,180232,3,3,5,06,21,5,1,2,0,1,0,0,0,1
"POINT (7.005460424000034 51.451448484000082)",Unfall 180233 (2023) Kat:3, Licht: 2,180233,3,1,0,06,02,5,0,2,0,0,0,0,0,1
"POINT (7.009251592000055 51.455892406000032)",Unfall 180295 (2023) Kat:3, Licht: 0,180295,3,7,0,06,13,6,0,0,1,0,0,0,0,0
"POINT (7.043192072000068 51.428473572000030)",Unfall 180310 (2023) Kat:3, Licht: 0,180310,3,3,5,06,16,4,0,0,1,1,0,0,0,0
"POINT (7.006168784000067 51.439889531000063)",Unfall 180311 (2023) Kat:3, Licht: 0,180311,3,5,1,06,11,4,0,0,1,1,0,0,0,0
"POINT (7.004974705000052 51.435654891000070)",Unfall 180312 (2023) Kat:3, Licht: 0,180312,3,1,6,06,19,4,0,0,0,1,1,0,0,0
"POINT (7.074282329000027 51.446482051000032)",Unfall 180313 (2023) Kat:3, Licht: 0,180313,3,5,3,06,13,4,0,0,1,1,0,0,0,0
"POINT (7.024816611000062 51.439202207000051)",Unfall 180424 (2023) Kat:3, Licht: 0,180424,3,2,5,06,08,3,0,0,1,1,0,0,0,0
"POINT (7.010120994000033 51.450149481000039)",Unfall 180425 (2023) Kat:3, Licht: 0,180425,3,1,0,06,17,3,0,0,0,0,0,1,0,0
"POINT (6.991863974000069 51.483632471000078)",Unfall 180520 (2023) Kat:3, Licht: 0,180520,3,7,6,06,14,2,0,0,0,1,1,0,0,0
"POINT (6.987595437000039 51.450700683000036)",Unfall 180521 (2023) Kat:3, Licht: 0,180521,3,3,5,06,17,2,0,0,0,1,0,0,0,0
"POINT (7.002465551000057 51.426776148000044)",Unfall 180588 (2023) Kat:3, Licht: 0,180588,3,4,6,06,10,4,1,0,0,1,1,0,0,0
"POINT (6.994619205000049 51.518081346000031)",Unfall 180669 (2023) Kat:3, Licht: 0,180669,3,1,6,06,18,7,0,0,1,0,1,0,0,0
"POINT (7.039073996000070 51.475781698000048)",Unfall 180670 (2023) Kat:3, Licht: 0,180670,3,7,0,06,19,7,0,0,0,0,0,0,0,1
"POINT (6.946241248000035 51.488615449000065)",Unfall 180671 (2023) Kat:3, Licht: 1,180671,3,2,1,06,21,7,0,1,1,1,0,0,0,0
"POINT (7.006531249000034 51.436367197000038)",Unfall 180712 (2023) Kat:3, Licht: 0,180712,3,3,5,06,18,3,0,0,0,1,0,1,0,0
"POINT (6.980177450000042 51.499998589000029)",Unfall 180768 (2023) Kat:3, Licht: 0,180768,3,2,4,06,14,6,0,0,0,1,0,0,0,1
"POINT (7.024722060000045 51.467697467000050)",Unfall 180769 (2023) Kat:2, Licht: 2,180769,2,7,0,06,00,6,0,2,1,0,0,0,0,0
"POINT (6.943746867000073 51.462230858000055)",Unfall 180793 (2023) Kat:3, Licht: 0,180793,3,7,0,07,15,3,0,0,0,0,0,0,0,1
"POINT (7.090075753000065 51.379313098000068)",Unfall 180794 (2023) Kat:2, Licht: 0,180794,2,1,0,07,17,3,0,0,1,0,0,0,0,0
"POINT (7.054985722000026 51.472927983000034)",Unfall 180854 (2023) Kat:3, Licht: 0,180854,3,2,5,07,07,2,0,0,1,1,0,0,0,0
"POINT (7.101016123000022 51.465269396000053)",Unfall 180938 (2023) Kat:3, Licht: 0,180938,3,1,0,07,12,7,1,0,1,0,0,0,0,0
"POINT (6.949361894000049 51.471200509000028)",Unfall 180997 (2023) Kat:3, Licht: 0,180997,3,7,0,07,09,6,0,0,1,0,0,0,0,0
"POINT (6.994167954000034 51.410673414000030)",Unfall 180998 (2023) Kat:3, Licht: 0,180998,3,7,0,07,13,6,0,0,1,1,0,0,0,0
"POINT (6.952967449000028 51.367501944000026)",Unfall 181055 (2023) Kat:3, Licht: 0,181055,3,7,0,07,10,5,0,0,1,0,0,0,0,0
"POINT (7.013605203000054 51.462274132000061)",Unfall 181124 (2023) Kat:3, Licht: 0,181124,3,2,3,07,15,4,0,0,0,1,0,0,0,1
"POINT (6.990112110000041 51.463974838000070)",Unfall 181126 (2023) Kat:3, Licht: 0,181126,3,7,2,07,19,1,0,0,0,1,0,0,0,0
"POINT (7.003290331000073 51.429668939000067)",Unfall 181185 (2023) Kat:3, Licht: 0,181185,3,7,0,07,19,3,0,0,1,0,0,0,0,0
"POINT (7.077414179000073 51.430250069000067)",Unfall 181253 (2023) Kat:3, Licht: 0,181253,3,7,6,07,11,2,0,0,0,1,1,0,0,0
"POINT (6.996470700000032 51.428074023000079)",Unfall 181254 (2023) Kat:3, Licht: 0,181254,3,7,0,07,16,2,0,0,0,0,0,0,0,1
"POINT (7.037442226000053 51.423583163000046)",Unfall 181351 (2023) Kat:3, Licht: 0,181351,3,7,0,07,16,7,0,0,0,1,0,0,0,0
"POINT (6.979246034000028 51.482142347000035)",Unfall 181434 (2023) Kat:3, Licht: 0,181434,3,2,5,07,20,6,0,0,0,1,0,1,0,0
"POINT (6.962384096000051 51.461728768000057)",Unfall 181435 (2023) Kat:3, Licht: 0,181435,3,7,0,07,13,6,0,0,1,0,0,0,0,0
"POINT (7.040789129000075 51.451037761000066)",Unfall 181515 (2023) Kat:3, Licht: 0,181515,3,4,6,07,11,5,0,0,1,0,1,0,0,0
"POINT (6.980138153000041 51.440718599000036)",Unfall 181550 (2023) Kat:3, Licht: 0,181550,3,4,6,07,16,1,1,0,0,1,1,0,0,0
"POINT (6.978959035000059 51.459105438000051)",Unfall 181638 (2023) Kat:3, Licht: 0,181638,3,5,1,07,16,3,0,0,0,1,0,1,0,0
"POINT (7.098838727000043 51.397629101000064)",Unfall 181640 (2023) Kat:2, Licht: 0,181640,2,2,5,07,16,3,0,0,0,1,0,1,0,0
"POINT (7.003180749000023 51.392122179000069)",Unfall 181641 (2023) Kat:3, Licht: 0,181641,3,1,1,07,10,3,0,0,1,1,0,0,0,0
"POINT (6.975469554000028 51.444339418000027)",Unfall 181643 (2023) Kat:3, Licht: 0,181643,3,7,6,07,08,3,0,0,0,1,1,0,0,0
"POINT (6.914211607000027 51.474576543000069)",Unfall 181763 (2023) Kat:3, Licht: 0,181763,3,7,1,07,06,1,0,0,0,1,0,0,0,0
"POINT (7.064563521000025 51.470377084000063)",Unfall 182005 (2023) Kat:2, Licht: 0,182005,2,1,9,08,14,6,0,0,1,0,0,0,0,0
"POINT (6.989669057000071 51.461057742000037)",Unfall 182006 (2023) Kat:3, Licht: 2,182006,3,6,0,08,23,6,0,2,0,1,0,0,0,0
"POINT (7.012793318000035 51.456105157000081)",Unfall 182067 (2023) Kat:3, Licht: 0,182067,3,7,0,08,10,5,1,0,0,0,0,0,0,1
"POINT (7.007167064000043 51.459692262000033)",Unfall 182110 (2023) Kat:3, Licht: 0,182110,3,7,6,08,18,4,1,0,0,1,1,0,0,0
"POINT (7.010052903000030 51.463662332000069)",Unfall 182172 (2023) Kat:3, Licht: 0,182172,3,7,0,08,14,3,1,0,0,0,0,0,0,1
"POINT (7.022353185000043 51.455515642000080)",Unfall 182173 (2023) Kat:3, Licht: 0,182173,3,2,5,08,13,3,1,0,0,1,0,0,0,0
"POINT (7.018896470000072 51.483208181000066)",Unfall 182216 (2023) Kat:3, Licht: 0,182216,3,3,5,07,16,2,1,0,0,1,0,0,0,0
"POINT (6.958956873000034 51.487921550000067)",Unfall 182217 (2023) Kat:3, Licht: 0,182217,3,3,5,07,11,2,1,0,0,1,0,1,0,0
"POINT (7.011516409000023 51.462723533000030)",Unfall 182218 (2023) Kat:3, Licht: 0,182218,3,1,0,07,19,2,1,0,1,0,0,0,0,0
"POINT (7.011616380000021 51.469276477000051)",Unfall 182219 (2023) Kat:3, Licht: 0,182219,3,6,2,08,16,3,0,0,0,1,0,0,0,0
"POINT (6.958568482000032 51.488151572000049)",Unfall 182263 (2023) Kat:3, Licht: 0,182263,3,2,5,07,20,1,0,0,1,1,0,0,0,0
"POINT (6.947949628000060 51.473045458000058)",Unfall 182301 (2023) Kat:3, Licht: 2,182301,3,1,0,07,22,7,1,2,1,0,0,0,0,0
"POINT (7.045927662000054 51.504289238000069)",Unfall 182355 (2023) Kat:3, Licht: 0,182355,3,4,6,07,20,6,1,0,0,1,1,0,0,0
"POINT (7.100844208000069 51.472523210000077)",Unfall 182413 (2023) Kat:3, Licht: 0,182413,3,7,0,07,19,5,1,0,0,0,0,1,0,0
"POINT (7.006983447000039 51.458049270000060)",Unfall 182414 (2023) Kat:3, Licht: 0,182414,3,7,0,07,18,5,1,0,1,0,1,0,0,0
"POINT (7.007313374000034 51.499417177000055)",Unfall 182507 (2023) Kat:3, Licht: 0,182507,3,4,6,07,15,3,0,0,0,1,1,0,0,0
"POINT (6.963191735000066 51.481800163000059)",Unfall 182508 (2023) Kat:3, Licht: 0,182508,3,7,0,07,11,3,0,0,1,0,0,0,0,0
"POINT (6.912377643000070 51.485301112000059)",Unfall 182509 (2023) Kat:3, Licht: 2,182509,3,7,0,07,22,3,0,2,1,0,0,0,0,0
"POINT (6.950813553000046 51.462399322000067)",Unfall 182510 (2023) Kat:3, Licht: 0,182510,3,3,5,07,07,3,0,0,1,1,0,0,0,0
"POINT (7.012916633000032 51.450014396000029)",Unfall 182511 (2023) Kat:3, Licht: 0,182511,3,4,6,07,17,3,0,0,1,0,1,0,0,0