WKT,Name,OBJECTID,UKATEGORIE,UTYP1,UART,UMONAT,USTUNDE,UWOCHENTAG,STRZUSTAND,ULICHTVERH,ISTRAD,ISTPKW,ISTFUSS,ISTKRAD,ISTGKFZ,ISTSONSTIG
"POINT (6.937296229000026 51.494115840000063)",Unfall 182552 (2023) Kat:3, Licht: 0,182552,3,3,5,07,18,2,1,0,0,1,0,1,0,0
"POINT (7.002267128000028 51.389196060000074)",Unfall 182595 (2023) Kat:3, Licht: 0,182595,3,7,0,07,11,1,1,0,1,0,0,0,0,0
"POINT (6.947975928000062 51.470604501000082)",Unfall 182639 (2023) Kat:3, Licht: 0,182639,3,7,3,07,12,7,0,0,0,1,0,1,0,0
"POINT (7.012957105000055 51.453109483000048)",Unfall 182640 (2023) Kat:3, Licht: 1,182640,3,2,4,07,21,7,0,1,1,0,0,0,0,1
"POINT (7.012956772000052 51.453111510000042)",Unfall 182641 (2023) Kat:3, Licht: 1,182641,3,2,4,07,21,7,0,1,1,0,0,0,0,1
"POINT (7.001743975000068 51.529280799000048)",Unfall 182692 (2023) Kat:3, Licht: 0,182692,3,7,6,07,10,6,0,0,0,0,1,0,1,0
"POINT (6.920723606000024 51.465132381000046)",Unfall 182693 (2023) Kat:3, Licht: 0,182693,3,1,1,07,21,6,0,0,0,1,0,0,0,1
"POINT (7.016689586000041 51.383032331000038)",Unfall 182694 (2023) Kat:3, Licht: 0,182694,3,7,1,07,15,6,0,0,0,1,0,0,0,0
"POINT (7.017441103000067 51.472277992000045)",Unfall 182756 (2023) Kat:3, Licht: 0,182756,3,7,1,07,14,5,0,0,0,1,0,0,0,0
"POINT (7.087219909000055 51.455983490000051)",Unfall 182757 (2023) Kat:3, Licht: 0,182757,3,4,6,07,20,5,0,0,0,1,1,0,0,0
"POINT (7.046798042000034 51.499736235000057)",Unfall 182777 (2023) Kat:3, Licht: 0,182777,3,4,6,07,19,7,0,0,0,1,1,0,0,0
"POINT (7.008575851000046 51.477993588000061)",Unfall 182816 (2023) Kat:3, Licht: 0,182816,3,7,0,07,17,4,0,0,1,0,0,0,0,0
"POINT (7.000971283000069 51.421630352000079)",Unfall 182818 (2023) Kat:2, Licht: 0,182818,2,7,0,07,15,4,0,0,1,0,0,0,0,0
"POINT (6.984810466000056 51.448840848000032)",Unfall 182819 (2023) Kat:3, Licht: 0,182819,3,1,0,07,20,4,1,0,0,0,0,1,0,0
"POINT (7.097318366000025 51.445791833000044)",Unfall 182821 (2023) Kat:3, Licht: 0,182821,3,7,0,07,10,4,0,0,0,0,0,0,0,1
"POINT (6.990325052000060 51.440467786000056)",Unfall 182926 (2023) Kat:3, Licht: 0,182926,3,1,0,08,14,1,0,0,1,1,0,0,0,0
"POINT (7.005460424000034 51.451448484000082)",Unfall 182927 (2023) Kat:3, Licht: 2,182927,3,1,0,08,00,1,0,2,0,0,0,0,0,1
"POINT (6.982669847000068 51.465234506000058)",Unfall 182970 (2023) Kat:2, Licht: 0,182970,2,4,6,08,17,7,0,0,0,1,1,0,0,0
"POINT (7.058564412000067 51.397301935000030)",Unfall 182971 (2023) Kat:3, Licht: 0,182971,3,6,6,08,19,7,0,0,0,1,1,0,0,0
"POINT (7.038282676000051 51.442810378000047)",Unfall 182972 (2023) Kat:3, Licht: 0,182972,3,4,6,08,14,7,0,0,0,1,1,0,0,0
"POINT (7.008724478000033 51.445113124000045)",Unfall 182973 (2023) Kat:2, Licht: 0,182973,2,2,5,08,20,7,0,0,1,1,0,0,0,0
"POINT (7.036766345000046 51.437240588000066)",Unfall 183081 (2023) Kat:3, Licht: 0,183081,3,1,3,08,16,6,0,0,1,1,0,0,0,0
"POINT (7.047459053000068 51.497036018000074)",Unfall 183114 (2023) Kat:3, Licht: 0,183114,3,7,0,08,13,5,0,0,1,0,0,0,0,0
"POINT (7.021188942000038 51.390624391000074)",Unfall 183115 (2023) Kat:3, Licht: 0,183115,3,6,1,08,17,5,0,0,0,1,0,0,0,0
"POINT (7.016699121000045 51.452733804000047)",Unfall 183116 (2023) Kat:3, Licht: 0,183116,3,5,1,08,15,5,0,0,0,1,0,0,0,1
"POINT (6.939579070000036 51.451397194000037)",Unfall 183184 (2023) Kat:3, Licht: 0,183184,3,7,0,08,12,4,0,0,0,0,0,0,0,1
"POINT (6.993150321000030 51.433096297000077)",Unfall 183185 (2023) Kat:3, Licht: 0,183185,3,3,5,08,14,4,0,0,0,1,0,1,0,0
"POINT (7.007738007000057 51.502634783000076)",Unfall 183267 (2023) Kat:3, Licht: 0,183267,3,4,6,08,15,3,0,0,0,1,1,0,0,0
"POINT (6.963177438000059 51.468507225000053)",Unfall 183268 (2023) Kat:3, Licht: 0,183268,3,4,6,08,17,3,0,0,0,1,1,0,0,0
"POINT (7.006967149000047 51.478129795000029)",Unfall 183356 (2023) Kat:3, Licht: 0,183356,3,1,5,08,14,2,0,0,1,1,0,0,0,0
"POINT (7.059886098000050 51.457956146000072)",Unfall 183357 (2023) Kat:3, Licht: 0,183357,3,3,5,08,07,2,0,0,1,1,0,0,0,0
"POINT (7.012326241000039 51.460489264000046)",Unfall 183358 (2023) Kat:3, Licht: 0,183358,3,7,0,08,11,2,0,0,0,1,0,0,0,0
"POINT (7.021081289000051 51.408278532000054)",Unfall 183424 (2023) Kat:3, Licht: 0,183424,3,7,0,08,11,1,0,0,1,1,0,0,0,0
"POINT (7.068288515000063 51.473021441000071)",Unfall 183486 (2023) Kat:3, Licht: 0,183486,3,3,5,08,19,7,0,0,0,1,0,0,0,0
"POINT (6.949964394000062 51.472432826000045)",Unfall 183487 (2023) Kat:3, Licht: 0,183487,3,7,0,08,19,7,1,0,1,0,0,0,0,0
"POINT (7.037610138000048 51.445356254000046)",Unfall 183568 (2023) Kat:3, Licht: 0,183568,3,3,4,08,15,6,0,0,1,1,0,0,0,0
"POINT (6.958208502000048 51.496136147000072)",Unfall 183676 (2023) Kat:3, Licht: 0,183676,3,3,5,08,17,5,0,0,1,1,0,0,0,0
"POINT (7.057736897000041 51.398314983000034)",Unfall 183677 (2023) Kat:3, Licht: 0,183677,3,5,0,08,15,5,0,0,1,1,0,0,0,0
"POINT (7.005543574000058 51.437690715000031)",Unfall 183678 (2023) Kat:3, Licht: 0,183678,3,3,0,08,15,5,0,0,1,0,1,0,0,0
"POINT (7.067706465000072 51.490888959000074)",Unfall 183764 (2023) Kat:3, Licht: 0,183764,3,3,5,08,08,4,0,0,0,1,0,0,0,0
"POINT (6.968001829000059 51.486042371000053)",Unfall 183765 (2023) Kat:3, Licht: 2,183765,3,7,0,08,01,4,1,2,1,1,0,0,0,0
"POINT (6.940869781000060 51.491859864000048)",Unfall 183846 (2023) Kat:3, Licht: 0,183846,3,2,5,08,18,3,0,0,1,1,0,0,0,0
"POINT (7.020175536000067 51.384117608000054)",Unfall 183848 (2023) Kat:3, Licht: 0,183848,3,7,4,08,17,3,0,0,0,1,0,0,0,0
"POINT (7.014484206000077 51.470470430000034)",Unfall 183849 (2023) Kat:3, Licht: 0,183849,3,7,6,08,17,3,0,0,0,1,1,0,0,0
"POINT (7.002311323000072 51.514488656000026)",Unfall 183965 (2023) Kat:3, Licht: 0,183965,3,7,4,09,13,7,0,0,1,1,0,0,0,0
"POINT (7.097540195000022 51.441127399000038)",Unfall 183966 (2023) Kat:3, Licht: 0,183966,3,6,1,09,14,7,0,0,1,1,0,0,0,0
"POINT (7.110207384000034 51.508798642000045)",Unfall 183967 (2023) Kat:3, Licht: 0,183967,3,6,6,09,21,7,0,0,0,1,1,0,0,0
"POINT (6.997883451000064 51.434771095000031)",Unfall 184049 (2023) Kat:3, Licht: 0,184049,3,3,5,09,11,6,1,0,0,1,0,1,0,0
"POINT (6.972521618000030 51.452326906000053)",Unfall 184050 (2023) Kat:3, Licht: 0,184050,3,2,4,09,09,6,0,0,0,1,0,0,0,0
"POINT (7.012149448000059 51.459476340000037)",Unfall 184133 (2023) Kat:3, Licht: 0,184133,3,1,0,08,12,5,0,0,0,1,0,1,0,0
"POINT (7.012299411000072 51.451832392000028)",Unfall 184134 (2023) Kat:3, Licht: 0,184134,3,6,3,08,15,5,0,0,1,1,0,0,0,0
"POINT (7.050600398000029 51.499002904000065)",Unfall 184208 (2023) Kat:3, Licht: 0,184208,3,5,1,08,07,4,0,0,1,1,0,0,0,0
"POINT (6.958768302000067 51.467094998000050)",Unfall 184209 (2023) Kat:3, Licht: 0,184209,3,1,0,08,18,4,1,0,0,0,0,1,0,0
"POINT (7.061647235000066 51.418553930000030)",Unfall 184286 (2023) Kat:3, Licht: 0,184286,3,1,0,08,09,3,0,0,1,0,0,0,0,0
"POINT (6.932661855000049 51.485024556000042)",Unfall 184316 (2023) Kat:3, Licht: 0,184316,3,1,6,09,15,7,0,0,1,1,1,0,0,0
"POINT (6.955012301000068 51.490258112000049)",Unfall 184409 (2023) Kat:3, Licht: 0,184409,3,1,7,08,18,1,0,0,0,1,0,0,0,0
"POINT (7.015096442000072 51.439960266000071)",Unfall 184483 (2023) Kat:3, Licht: 2,184483,3,7,0,08,00,7,0,2,0,1,0,1,0,0
"POINT (7.013845003000029 51.470220371000039)",Unfall 184484 (2023) Kat:3, Licht: 0,184484,3,3,5,08,15,7,0,0,1,1,0,0,0,0
"POINT (7.013699065000026 51.468340339000065)",Unfall 184485 (2023) Kat:3, Licht: 0,184485,3,7,0,08,15,7,0,0,0,1,0,0,0,0
"POINT (7.013773632000039 51.460580913000058)",Unfall 184486 (2023) Kat:2, Licht: 0,184486,2,7,0,08,19,7,0,0,0,0,0,0,0,1
"POINT (6.957516534000035 51.472260757000072)",Unfall 184556 (2023) Kat:3, Licht: 0,184556,3,7,1,08,11,6,1,0,0,1,0,0,0,0
"POINT (7.079696850000062 51.453211763000070)",Unfall 184557 (2023) Kat:3, Licht: 0,184557,3,4,0,08,14,6,1,0,0,1,1,0,0,0
"POINT (7.007945146000054 51.499560845000076)",Unfall 184558 (2023) Kat:3, Licht: 0,184558,3,7,6,08,08,6,0,0,0,1,1,0,0,0
"POINT (7.045922960000041 51.435343491000026)",Unfall 184648 (2023) Kat:3, Licht: 0,184648,3,1,0,08,07,5,1,0,1,0,0,0,0,0
"POINT (7.012512824000055 51.439502756000081)",Unfall 184649 (2023) Kat:2, Licht: 0,184649,2,1,1,08,10,5,0,0,1,1,0,0,0,0
"POINT (7.012901256000021 51.451969120000058)",Unfall 184650 (2023) Kat:3, Licht: 0,184650,3,7,5,08,10,5,0,0,1,1,0,0,0,0
"POINT (7.056882365000035 51.399505448000070)",Unfall 184756 (2023) Kat:3, Licht: 0,184756,3,6,0,08,15,4,0,0,1,1,0,0,0,0
"POINT (7.114365249000059 51.441465718000075)",Unfall 184757 (2023) Kat:3, Licht: 0,184757,3,7,6,08,10,4,0,0,0,1,1,0,0,0
"POINT (6.986555603000056 51.444912877000036)",Unfall 184779 (2023) Kat:3, Licht: 0,184779,3,6,2,08,16,4,1,0,0,1,0,1,0,0
"POINT (6.961515114000065 51.460686648000035)",Unfall 184847 (2023) Kat:3, Licht: 0,184847,3,7,0,08,10,3,0,0,0,0,0,0,0,1
"POINT (7.048280563000048 51.430165402000057)",Unfall 184848 (2023) Kat:2, Licht: 2,184848,2,7,8,08,22,3,0,2,0,1,0,0,0,0
"POINT (6.938643576000061 51.367100097000048)",Unfall 184849 (2023) Kat:3, Licht: 0,184849,3,4,6,08,11,3,0,0,0,1,1,0,0,0
"POINT (7.001918964000026 51.504808065000077)",Unfall 184963 (2023) Kat:3, Licht: 0,184963,3,7,0,08,14,2,0,0,1,0,0,0,0,1
"POINT (6.978805220000027 51.458367054000064)",Unfall 185005 (2023) Kat:3, Licht: 0,185005,3,4,6,09,15,5,0,0,0,0,1,0,1,0
"POINT (6.987741466000045 51.443500380000046)",Unfall 185006 (2023) Kat:3, Licht: 0,185006,3,1,0,09,17,5,0,0,0,0,0,1,0,0
"POINT (7.100864305000073 51.472526867000056)",Unfall 185007 (2023) Kat:3, Licht: 0,185007,3,7,5,09,14,5,0,0,0,1,0,0,0,0
"POINT (7.013488500000051 51.454566724000074)",Unfall 185008 (2023) Kat:2, Licht: 2,185008,2,1,0,09,21,5,0,2,0,0,0,0,0,1
"POINT (7.001172224000072 51.448929992000046)",Unfall 185009 (2023) Kat:3, Licht: 0,185009,3,2,5,09,12,5,0,0,0,1,0,0,0,1
"POINT (7.026685832000055 51.438695079000070)",Unfall 185144 (2023) Kat:2, Licht: 0,185144,2,1,0,09,07,3,1,0,0,0,0,1,0,0
"POINT (7.016131582000071 51.388125813000045)",Unfall 185228 (2023) Kat:2, Licht: 0,185228,2,5,0,09,18,2,0,0,0,1,0,0,0,0
"POINT (7.034249837000061 51.454706374000068)",Unfall 185229 (2023) Kat:3, Licht: 2,185229,3,7,2,09,02,2,0,2,0,0,0,0,0,1
"POINT (7.038859535000029 51.500980766000055)",Unfall 185277 (2023) Kat:3, Licht: 0,185277,3,6,3,09,17,1,0,0,1,0,0,0,0,1
"POINT (6.992808140000022 51.450692642000035)",Unfall 185279 (2023) Kat:3, Licht: 2,185279,3,7,0,09,03,1,0,2,0,0,0,0,0,1
"POINT (7.013685807000059 51.461937393000028)",Unfall 185363 (2023) Kat:3, Licht: 2,185363,3,6,0,09,01,7,0,2,0,1,0,0,0,1
"POINT (7.036809926000046 51.486684878000062)",Unfall 185452 (2023) Kat:3, Licht: 1,185452,3,7,0,09,20,6,0,1,0,0,0,1,0,0
"POINT (6.980707554000048 51.422908707000033)",Unfall 185453 (2023) Kat:3, Licht: 0,185453,3,4,6,09,07,6,0,0,0,1,1,0,0,0
"POINT (6.974778620000052 51.453371262000076)",Unfall 185454 (2023) Kat:3, Licht: 0,185454,3,3,5,09,13,6,0,0,0,1,0,0,0,0
"POINT (7.010301775000073 51.428405881000060)",Unfall 185504 (2023) Kat:3, Licht: 0,185504,3,3,5,09,07,5,0,0,1,1,0,0,0,0
"POINT (6.994337302000076 51.426384675000065)",Unfall 185566 (2023) Kat:3, Licht: 2,185566,3,7,0,09,22,5,0,2,1,0,0,0,0,0
"POINT (6.932971809000037 51.353006736000054)",Unfall 185567 (2023) Kat:3, Licht: 0,185567,3,1,0,09,15,5,0,0,1,0,0,0,0,0
"POINT (7.019309187000033 51.469994048000046)",Unfall 185569 (2023) Kat:3, Licht: 0,185569,3,7,0,09,07,5,0,0,1,1,0,0,0,0
"POINT (7.016724035000038 51.474939216000053)",Unfall 185678 (2023) Kat:3, Licht: 2,185678,3,3,5,09,22,4,0,2,0,1,0,0,0,0
"POINT (7.008566084000051 51.428851891000079)",Unfall 185679 (2023) Kat:2, Licht: 0,185679,2,1,0,09,19,4,0,0,1,0,0,0,0,0
"POINT (6.994973307000066 51.441656379000051)",Unfall 185680 (2023) Kat:3, Licht: 0,185680,3,1,6,09,17,4,0,0,1,1,1,0,0,0
"POINT (7.010975771000062 51.461735854000040)",Unfall 185681 (2023) Kat:3, Licht: 0,185681,3,7,0,09,14,4,0,0,0,0,0,0,0,1
"POINT (7.017989368000030 51.459984625000061)",Unfall 185682 (2023) Kat:3, Licht: 0,185682,3,3,5,09,14,4,0,0,1,1,0,0,0,0
"POINT (6.943732073000035 51.470852319000073)",Unfall 185796 (2023) Kat:3, Licht: 0,185796,3,4,6,09,13,3,0,0,0,1,1,0,0,0
"POINT (7.074772917000075 51.448679268000035)",Unfall 185797 (2023) Kat:3, Licht: 0,185797,3,3,5,09,15,3,0,0,0,1,0,0,0,1
"POINT (7.005656571000031 51.438128265000046)",Unfall 185896 (2023) Kat:3, Licht: 2,185896,3,6,2,09,21,5,0,2,0,0,0,1,0,0
"POINT (7.030247427000063 51.470994851000057)",Unfall 185905 (2023) Kat:3, Licht: 0,185905,3,6,0,09,15,2,0,0,1,0,0,0,0,1
"POINT (7.013550483000074 51.463427973000080)",Unfall 185907 (2023) Kat:3, Licht: 0,185907,3,7,0,09,09,2,0,0,1,1,0,0,0,0
"POINT (7.012080337000043 51.451923428000043)",Unfall 185909 (2023) Kat:3, Licht: 0,185909,3,4,3,09,18,2,0,0,0,1,1,0,0,0
"POINT (7.079882759000043 51.417979372000048)",Unfall 185983 (2023) Kat:3, Licht: 0,185983,3,3,5,09,17,1,0,0,0,1,0,0,0,0
"POINT (6.941650575000040 51.491880847000061)",Unfall 185991 (2023) Kat:3, Licht: 0,185991,3,4,6,09,13,5,0,0,0,1,1,0,0,0
"POINT (7.007946824000044 51.437682261000077)",Unfall 185992 (2023) Kat:2, Licht: 0,185992,2,7,0,09,10,5,0,0,0,1,0,0,0,0
"POINT (6.997237129000041 51.441738275000034)",Unfall 185993 (2023) Kat:3, Licht: 0,185993,3,7,6,09,08,5,0,0,0,0,1,0,0,1
"POINT (7.024802317000024 51.439171446000046)",Unfall 185994 (2023) Kat:3, Licht: 0,185994,3,4,6,09,16,5,0,0,0,1,1,0,0,0
"POINT (6.908895893000022 51.476368129000036)",Unfall 186061 (2023) Kat:3, Licht: 0,186061,3,6,3,09,08,4,0,0,0,1,0,0,0,1
"POINT (6.973750129000052 51.446056778000070)",Unfall 186062 (2023) Kat:3, Licht: 0,186062,3,4,6,09,15,4,0,0,0,1,1,0,0,0
"POINT (7.008941826000068 51.383842852000043)",Unfall 186063 (2023) Kat:3, Licht: 1,186063,3,1,0,09,06,4,1,1,0,0,0,1,0,0
"POINT (7.098991438000041 51.434040514000060)",Unfall 186133 (2023) Kat:3, Licht: 0,186133,3,7,1,09,14,3,0,0,1,1,0,0,0,0
"POINT (7.008779419000064 51.454576120000070)",Unfall 186134 (2023) Kat:3, Licht: 0,186134,3,7,0,09,14,3,0,0,1,0,0,0,1,0
"POINT (7.028149769000038 51.447972528000037)",Unfall 186200 (2023) Kat:2, Licht: 0,186200,2,2,5,09,15,2,0,0,1,1,0,0,0,0
"POINT (6.995528182000044 51.415079990000038)",Unfall 186326 (2023) Kat:3, Licht: 0,186326,3,1,0,09,16,7,0,0,0,1,0,0,0,0
"POINT (7.017783846000043 51.487732127000072)",Unfall 186392 (2023) Kat:3, Licht: 0,186392,3,4,6,09,14,6,0,0,0,0,1,0,0,1
"POINT (7.027901655000051 51.458860241000082)",Unfall 186393 (2023) Kat:3, Licht: 2,186393,3,3,5,09,22,6,1,2,0,1,0,0,0,1
"POINT (7.012902771000029 51.451954257000068)",Unfall 186394 (2023) Kat:3, Licht: 0,186394,3,7,0,09,14,6,0,0,0,0,1,0,0,1
"POINT (6.986535293000031 51.444959667000035)",Unfall 186479 (2023) Kat:3, Licht: 0,186479,3,1,6,09,17,5,0,0,0,1,1,0,0,0
"POINT (6.981093443000020 51.462246521000054)",Unfall 186542 (2023) Kat:2, Licht: 0,186542,2,2,4,09,16,4,0,0,0,1,0,1,0,0
"POINT (7.046849440000074 51.453609660000041)",Unfall 186543 (2023) Kat:2, Licht: 0,186543,2,3,5,09,11,4,0,0,1,1,0,0,0,0
"POINT (6.998364388000027 51.461495468000066)",Unfall 186544 (2023) Kat:3, Licht: 0,186544,3,3,5,09,16,4,0,0,0,1,0,0,0,0
"POINT (6.960898172000043 51.480055861000039)",Unfall 186625 (2023) Kat:3, Licht: 0,186625,3,7,0,09,10,3,0,0,0,0,1,0,0,1
"POINT (6.950361189000034 51.476717332000078)",Unfall 186626 (2023) Kat:3, Licht: 0,186626,3,4,6,09,08,3,0,0,0,1,1,0,0,0
"POINT (6.945224825000025 51.362232803000040)",Unfall 186627 (2023) Kat:3, Licht: 0,186627,3,3,5,09,15,3,0,0,1,1,0,0,0,0
"POINT (7.074806973000022 51.467503044000068)",Unfall 186628 (2023) Kat:3, Licht: 0,186628,3,7,0,09,18,3,0,0,0,1,0,1,0,0
"POINT (7.048840480000024 51.484570354000027)",Unfall 186694 (2023) Kat:3, Licht: 0,186694,3,3,5,09,08,3,0,0,0,1,0,0,0,0
"POINT (7.053088535000029 51.471968412000081)",Unfall 186945 (2023) Kat:3, Licht: 0,186945,3,3,5,09,16,6,0,0,0,1,0,0,0,1
"POINT (6.947502729000064 51.480320824000046)",Unfall 187001 (2023) Kat:3, Licht: 0,187001,3,1,0,09,15,3,0,0,1,0,0,0,0,0
"POINT (7.091666669000062 51.395303983000076)",Unfall 187010 (2023) Kat:3, Licht: 2,187010,3,2,5,10,07,2,1,2,1,1,0,0,0,0
"POINT (6.983841105000067 51.450804873000038)",Unfall 187011 (2023) Kat:3, Licht: 2,187011,3,7,3,10,21,2,0,2,0,1,0,0,0,1
"POINT (6.982914749000031 51.452845082000067)",Unfall 187012 (2023) Kat:3, Licht: 0,187012,3,4,6,10,13,2,0,0,0,1,1,0,0,0
"POINT (6.969476311000051 51.442234259000031)",Unfall 187013 (2023) Kat:3, Licht: 2,187013,3,3,5,10,07,2,0,2,0,1,0,0,0,0
"POINT (6.988599594000050 51.459548690000076)",Unfall 187014 (2023) Kat:3, Licht: 0,187014,3,5,2,10,16,2,0,0,0,1,0,0,0,0
"POINT (7.106432211000026 51.429198195000026)",Unfall 187044 (2023) Kat:2, Licht: 0,187044,2,6,3,10,17,1,0,0,1,0,0,0,0,0
"POINT (6.977188122000030 51.453642194000054)",Unfall 187045 (2023) Kat:3, Licht: 0,187045,3,3,5,10,16,1,0,0,1,1,0,0,0,0
"POINT (6.966779680000059 51.485875765000060)",Unfall 187090 (2023) Kat:3, Licht: 0,187090,3,3,0,10,17,7,0,0,0,1,0,0,0,1
"POINT (7.016030204000060 51.506251592000069)",Unfall 187140 (2023) Kat:3, Licht: 1,187140,3,3,5,10,07,6,1,1,0,0,0,0,0,1
"POINT (7.008359052000060 51.489930545000050)",Unfall 187213 (2023) Kat:3, Licht: 0,187213,3,4,6,10,14,5,1,0,0,1,1,0,0,0
"POINT (7.005064448000041 51.388866510000071)",Unfall 187214 (2023) Kat:2, Licht: 2,187214,2,7,8,10,01,5,0,2,0,1,0,0,0,0
"POINT (7.017072638000059 51.439481874000080)",Unfall 187215 (2023) Kat:3, Licht: 1,187215,3,3,1,10,18,5,1,1,1,1,0,0,0,0
"POINT (7.060110412000029 51.484919638000065)",Unfall 187277 (2023) Kat:2, Licht: 0,187277,2,4,6,10,15,4,0,0,0,1,1,0,0,0
"POINT (7.030995845000064 51.442327604000070)",Unfall 187278 (2023) Kat:3, Licht: 0,187278,3,7,6,10,12,4,0,0,0,1,1,0,0,0
"POINT (7.030712229000073 51.493824114000063)",Unfall 187340 (2023) Kat:3, Licht: 0,187340,3,1,4,10,08,3,0,0,0,1,0,0,0,0
"POINT (6.987321949000034 51.442761568000037)",Unfall 187341 (2023) Kat:3, Licht: 0,187341,3,4,6,10,08,3,0,0,0,1,1,0,0,0
"POINT (7.009504986000024 51.455374068000026)",Unfall 187342 (2023) Kat:3, Licht: 0,187342,3,2,2,10,11,3,0,0,0,1,0,1,0,0
"POINT (7.012991145000058 51.457991122000067)",Unfall 187343 (2023) Kat:3, Licht: 0,187343,3,7,0,10,12,3,0,0,0,1,0,0,0,0
"POINT (7.003008509000040 51.489672368000072)",Unfall 187344 (2023) Kat:3, Licht: 0,187344,3,7,0,10,17,3,0,0,0,0,1,0,0,1
"POINT (7.015993311000045 51.459687454000061)",Unfall 187400 (2023) Kat:3, Licht: 0,187400,3,7,0,10,17,2,0,0,1,0,0,0,0,0
"POINT (7.073474544000021 51.446537025000055)",Unfall 187500 (2023) Kat:3, Licht: 0,187500,3,7,0,10,15,7,0,0,0,1,0,0,0,1
"POINT (7.005543574000058 51.437690715000031)",Unfall 187549 (2023) Kat:3, Licht: 0,187549,3,7,0,10,12,6,0,0,0,1,0,0,0,1
"POINT (7.006245639000042 51.499185572000044)",Unfall 187602 (2023) Kat:3, Licht: 2,187602,3,6,4,10,06,5,0,2,0,1,0,0,0,0
"POINT (7.001515574000052 51.423590121000075)",Unfall 187893 (2023) Kat:3, Licht: 0,187893,3,2,3,09,11,7,0,0,0,1,0,0,0,1
"POINT (7.006268373000069 51.465361554000026)",Unfall 187967 (2023) Kat:3, Licht: 0,187967,3,3,5,09,14,6,0,0,0,1,0,0,0,0
"POINT (7.020416535000038 51.441155517000027)",Unfall 188054 (2023) Kat:3, Licht: 2,188054,3,3,5,10,18,3,1,2,0,1,0,0,0,1
"POINT (7.013550483000074 51.463427973000080)",Unfall 188055 (2023) Kat:3, Licht: 2,188055,3,3,5,10,18,3,1,2,0,1,0,0,0,1
"POINT (6.942074926000032 51.471680882000044)",Unfall 188125 (2023) Kat:1, Licht: 2,188125,1,4,6,10,20,2,1,2,0,1,1,0,0,0
"POINT (6.983220349000021 51.458150463000038)",Unfall 188212 (2023) Kat:3, Licht: 0,188212,3,7,0,10,16,7,1,0,0,1,0,0,0,0
"POINT (7.008367063000037 51.438489803000039)",Unfall 188213 (2023) Kat:3, Licht: 0,188213,3,1,0,10,12,7,0,0,1,0,0,0,0,0
"POINT (7.050059906000058 51.500864542000045)",Unfall 188273 (2023) Kat:2, Licht: 0,188273,2,3,6,10,16,6,1,0,0,1,1,0,0,0
"POINT (6.927622159000066 51.458471241000041)",Unfall 188274 (2023) Kat:3, Licht: 0,188274,3,7,0,10,15,6,1,0,1,1,0,0,0,0
"POINT (6.972286415000042 51.453359019000061)",Unfall 188275 (2023) Kat:3, Licht: 2,188275,3,2,6,10,07,6,1,2,0,1,1,0,0,0
"POINT (6.997467495000024 51.417850673000032)",Unfall 188292 (2023) Kat:3, Licht: 0,188292,3,1,0,10,16,1,1,0,1,0,0,0,0,0
"POINT (7.007921931000055 51.503522961000044)",Unfall 188420 (2023) Kat:3, Licht: 0,188420,3,1,6,10,15,4,1,0,0,1,1,0,0,0
"POINT (7.001097197000036 51.436795955000036)",Unfall 188421 (2023) Kat:3, Licht: 0,188421,3,7,6,10,08,4,0,0,0,1,1,0,0,0
"POINT (7.010052903000030 51.463662332000069)",Unfall 188422 (2023) Kat:3, Licht: 2,188422,3,2,6,10,19,4,1,2,0,1,1,0,0,0
"POINT (7.105783317000032 51.477256138000030)",Unfall 188503 (2023) Kat:3, Licht: 2,188503,3,3,5,10,19,3,1,2,0,1,0,0,0,0
"POINT (7.049698694000028 51.422392132000027)",Unfall 188572 (2023) Kat:3, Licht: 0,188572,3,7,0,10,09,2,1,0,1,0,0,0,0,0
"POINT (6.946819239000035 51.492966074000037)",Unfall 188617 (2023) Kat:3, Licht: 0,188617,3,4,6,10,12,1,0,0,0,1,1,0,0,0
"POINT (6.983192041000052 51.456929941000055)",Unfall 188619 (2023) Kat:3, Licht: 0,188619,3,4,6,10,12,1,0,0,0,1,1,0,0,0
"POINT (7.041407345000039 51.428763095000079)",Unfall 188620 (2023) Kat:2, Licht: 0,188620,2,3,5,10,11,1,0,0,1,1,0,0,0,0
"POINT (7.086655902000075 51.450371230000030)",Unfall 188726 (2023) Kat:3, Licht: 1,188726,3,1,2,10,07,6,1,1,0,1,0,1,0,1
"POINT (7.009261144000050 51.465116250000051)",Unfall 188727 (2023) Kat:3, Licht: 2,188727,3,3,5,10,22,6,1,2,0,1,0,0,0,0
"POINT (7.009229587000050 51.445628705000047)",Unfall 188728 (2023) Kat:3, Licht: 2,188728,3,2,1,10,19,6,1,2,1,1,0,0,0,0