WKT,Name,OBJECTID,UKATEGORIE,UTYP1,UART,UMONAT,USTUNDE,UWOCHENTAG,STRZUSTAND,ULICHTVERH,ISTRAD,ISTPKW,ISTFUSS,ISTKRAD,ISTGKFZ,ISTSONSTIG
"POINT (7.048675064000065 51.498861060000081)",Unfall 188811 (2023) Kat:3, Licht: 0,188811,3,7,6,10,13,5,0,0,0,1,1,0,0,0
"POINT (7.011192497000025 51.448223484000039)",Unfall 188812 (2023) Kat:3, Licht: 0,188812,3,3,5,10,09,5,1,0,1,1,0,0,0,0
"POINT (7.019314442000052 51.461782166000035)",Unfall 188813 (2023) Kat:3, Licht: 0,188813,3,5,2,10,12,5,0,0,0,1,0,0,0,0
"POINT (7.079851188000021 51.452362191000077)",Unfall 188840 (2023) Kat:3, Licht: 0,188840,3,3,4,10,13,5,1,0,1,1,0,0,0,0
"POINT (7.039381594000076 51.476407912000070)",Unfall 188900 (2023) Kat:3, Licht: 0,188900,3,2,6,10,11,4,0,0,0,1,1,0,0,0
"POINT (6.971998625000026 51.444787761000043)",Unfall 188901 (2023) Kat:3, Licht: 0,188901,3,4,6,10,12,4,0,0,0,1,1,0,0,0
"POINT (6.989345670000034 51.412092522000080)",Unfall 188902 (2023) Kat:3, Licht: 0,188902,3,6,2,10,14,4,0,0,0,1,0,0,0,0
"POINT (7.075517880000064 51.458004228000050)",Unfall 188903 (2023) Kat:3, Licht: 0,188903,3,3,5,10,08,4,0,0,1,1,0,0,0,0
"POINT (7.050900449000039 51.489511899000036)",Unfall 188988 (2023) Kat:3, Licht: 0,188988,3,6,0,10,14,3,0,0,0,0,0,0,0,1
"POINT (6.980333957000028 51.457905781000079)",Unfall 188989 (2023) Kat:2, Licht: 2,188989,2,7,0,10,20,3,0,2,0,0,0,0,0,1
"POINT (6.987327922000077 51.453972980000060)",Unfall 189116 (2023) Kat:3, Licht: 1,189116,3,3,5,11,19,6,0,1,0,1,0,0,0,0
"POINT (6.936925150000036 51.365455134000058)",Unfall 189117 (2023) Kat:3, Licht: 0,189117,3,7,0,11,15,6,0,0,0,1,0,1,0,0
"POINT (6.999090593000062 51.449225544000058)",Unfall 189152 (2023) Kat:3, Licht: 1,189152,3,3,5,11,16,5,0,1,0,1,0,0,0,0
"POINT (7.117681355000059 51.434907136000049)",Unfall 189153 (2023) Kat:3, Licht: 1,189153,3,1,0,11,08,5,1,1,1,0,0,0,0,0
"POINT (6.997272876000068 51.417636797000057)",Unfall 189265 (2023) Kat:3, Licht: 0,189265,3,1,0,11,10,3,0,0,1,0,0,0,0,0
"POINT (6.984302971000034 51.440358259000050)",Unfall 189344 (2023) Kat:3, Licht: 2,189344,3,3,5,11,21,2,1,2,0,1,0,0,0,0
"POINT (7.034062439000024 51.477618944000028)",Unfall 189382 (2023) Kat:3, Licht: 0,189382,3,7,0,11,16,1,0,0,1,0,0,0,0,1
"POINT (7.028712386000052 51.437679643000081)",Unfall 189383 (2023) Kat:3, Licht: 0,189383,3,6,2,11,18,1,0,0,0,1,0,0,0,0
"POINT (7.069900300000029 51.426702866000028)",Unfall 189426 (2023) Kat:2, Licht: 0,189426,2,1,0,11,11,7,1,0,0,0,0,1,0,0
"POINT (7.010052903000030 51.463662332000069)",Unfall 189427 (2023) Kat:3, Licht: 0,189427,3,1,2,11,14,7,1,0,0,1,0,0,0,0
"POINT (7.034335019000025 51.450330613000062)",Unfall 189428 (2023) Kat:3, Licht: 1,189428,3,7,0,11,11,7,0,1,0,1,1,0,0,0
"POINT (7.021553107000045 51.469886881000036)",Unfall 189491 (2023) Kat:3, Licht: 0,189491,3,3,5,11,08,6,0,0,1,1,0,0,0,0
"POINT (7.075557077000042 51.419444822000060)",Unfall 189492 (2023) Kat:3, Licht: 2,189492,3,1,1,11,21,6,1,2,0,1,0,0,0,0
"POINT (7.072607375000075 51.446349487000077)",Unfall 189493 (2023) Kat:2, Licht: 0,189493,2,4,6,11,13,6,1,0,0,1,1,0,0,0
"POINT (7.023600067000075 51.439558304000059)",Unfall 189494 (2023) Kat:3, Licht: 0,189494,3,6,2,11,12,6,1,0,0,1,0,0,1,0
"POINT (6.989428742000030 51.452057544000070)",Unfall 189557 (2023) Kat:3, Licht: 0,189557,3,7,0,11,12,5,1,0,0,0,0,0,0,1
"POINT (7.075223262000065 51.445335537000062)",Unfall 189558 (2023) Kat:2, Licht: 0,189558,2,1,0,11,15,5,0,0,0,0,0,0,0,1
"POINT (6.987321949000034 51.442761568000037)",Unfall 189628 (2023) Kat:3, Licht: 0,189628,3,2,5,11,14,4,0,0,1,1,0,0,0,0
"POINT (7.019309938000049 51.469994115000077)",Unfall 189699 (2023) Kat:3, Licht: 2,189699,3,7,0,11,22,3,1,2,1,1,0,0,0,0
"POINT (7.002465551000057 51.426776148000044)",Unfall 189700 (2023) Kat:3, Licht: 0,189700,3,4,6,11,11,3,0,0,0,1,1,0,0,0
"POINT (7.093691397000043 51.451280733000033)",Unfall 189747 (2023) Kat:3, Licht: 0,189747,3,7,0,11,07,3,0,0,0,1,1,0,0,0
"POINT (7.077414997000062 51.465596364000078)",Unfall 189771 (2023) Kat:3, Licht: 0,189771,3,7,0,11,12,2,1,0,1,0,0,0,0,1
"POINT (7.020912015000022 51.440901168000039)",Unfall 189772 (2023) Kat:3, Licht: 0,189772,3,4,6,11,11,2,0,0,0,0,1,0,0,1
"POINT (7.013550483000074 51.463427973000080)",Unfall 189851 (2023) Kat:3, Licht: 2,189851,3,3,4,11,01,7,0,2,0,1,0,0,0,0
"POINT (7.033355118000031 51.445782279000071)",Unfall 189884 (2023) Kat:3, Licht: 0,189884,3,7,0,11,15,3,1,0,0,1,1,0,0,0
"POINT (6.962062833000061 51.469925748000037)",Unfall 189920 (2023) Kat:3, Licht: 0,189920,3,7,0,11,10,6,0,0,1,0,0,0,0,1
"POINT (6.928476953000029 51.482598586000051)",Unfall 189922 (2023) Kat:3, Licht: 2,189922,3,6,3,11,19,6,0,2,1,1,0,0,0,0
"POINT (6.998759341000039 51.439124902000060)",Unfall 189923 (2023) Kat:3, Licht: 0,189923,3,3,5,11,13,6,0,0,1,1,0,0,0,0
"POINT (7.098459158000026 51.463885231000063)",Unfall 189924 (2023) Kat:3, Licht: 0,189924,3,3,5,11,14,6,0,0,0,1,0,0,0,1
"POINT (7.048835987000075 51.484569362000059)",Unfall 190017 (2023) Kat:3, Licht: 0,190017,3,3,5,11,11,4,1,0,0,1,0,0,0,0
"POINT (6.950388058000044 51.374782331000063)",Unfall 190147 (2023) Kat:3, Licht: 0,190147,3,7,0,12,20,4,0,0,0,0,0,0,0,1
"POINT (7.044806412000071 51.498795828000027)",Unfall 190206 (2023) Kat:3, Licht: 0,190206,3,7,0,12,07,3,1,0,1,1,0,0,0,0
"POINT (6.944087261000050 51.492011237000042)",Unfall 190207 (2023) Kat:3, Licht: 2,190207,3,5,0,12,22,3,1,2,1,1,0,0,0,0
"POINT (7.009105393000027 51.465451399000074)",Unfall 190208 (2023) Kat:3, Licht: 2,190208,3,3,6,12,17,3,1,2,0,1,1,0,0,0
"POINT (7.018055730000071 51.452950061000081)",Unfall 190243 (2023) Kat:3, Licht: 0,190243,3,7,6,12,14,3,0,0,0,0,1,0,0,1
"POINT (6.927661090000072 51.472897554000042)",Unfall 190267 (2023) Kat:3, Licht: 0,190267,3,7,0,12,14,2,0,0,0,0,0,0,0,1
"POINT (6.982914749000031 51.452845082000067)",Unfall 190268 (2023) Kat:3, Licht: 2,190268,3,2,6,12,18,2,1,2,0,1,1,0,0,0
"POINT (7.081554649000054 51.459316931000046)",Unfall 190269 (2023) Kat:3, Licht: 2,190269,3,7,0,12,08,2,0,2,0,1,1,0,0,0
"POINT (6.990022471000032 51.451892909000037)",Unfall 190302 (2023) Kat:3, Licht: 2,190302,3,7,1,12,23,1,1,2,0,1,0,0,0,0
"POINT (7.016052685000034 51.421864208000045)",Unfall 190327 (2023) Kat:3, Licht: 0,190327,3,7,0,12,15,7,0,0,1,1,0,0,0,0
"POINT (6.903308124000034 51.482736769000041)",Unfall 190501 (2023) Kat:3, Licht: 2,190501,3,1,1,11,16,4,1,2,0,1,0,0,0,0
"POINT (6.988109701000042 51.432773273000066)",Unfall 190502 (2023) Kat:3, Licht: 2,190502,3,4,6,11,05,4,2,2,0,1,1,0,0,0
"POINT (6.983192041000052 51.456929941000055)",Unfall 190573 (2023) Kat:3, Licht: 0,190573,3,3,5,12,10,6,0,0,0,1,0,0,0,0
"POINT (7.015238057000033 51.487322034000044)",Unfall 190643 (2023) Kat:3, Licht: 0,190643,3,1,0,11,12,2,1,0,0,0,0,1,0,0
"POINT (7.012991453000041 51.451284495000039)",Unfall 190649 (2023) Kat:3, Licht: 2,190649,3,4,6,12,00,1,0,2,0,1,1,0,0,0
"POINT (7.015238057000033 51.487322034000044)",Unfall 190694 (2023) Kat:3, Licht: 2,190694,3,7,7,11,19,1,1,2,0,1,0,0,0,0
"POINT (7.022611069000050 51.457539926000038)",Unfall 190699 (2023) Kat:3, Licht: 2,190699,3,2,4,12,19,6,0,2,0,1,0,0,0,0
"POINT (7.034009837000042 51.500189516000034)",Unfall 190741 (2023) Kat:1, Licht: 2,190741,1,7,6,11,17,7,1,2,0,1,1,0,0,0
"POINT (7.007726195000032 51.468292484000074)",Unfall 190742 (2023) Kat:3, Licht: 2,190742,3,2,0,11,17,7,1,2,0,1,0,0,0,0
"POINT (7.037753133000024 51.477000474000079)",Unfall 190803 (2023) Kat:3, Licht: 2,190803,3,7,2,11,17,6,1,2,0,1,0,1,0,0
"POINT (6.940117810000061 51.369444573000067)",Unfall 190804 (2023) Kat:3, Licht: 0,190804,3,3,5,11,09,6,1,0,0,1,0,0,0,1
"POINT (7.022356904000048 51.455523294000045)",Unfall 190873 (2023) Kat:3, Licht: 0,190873,3,7,3,12,13,1,0,0,0,1,0,0,0,1
"POINT (7.016540157000065 51.436087297000029)",Unfall 190941 (2023) Kat:3, Licht: 2,190941,3,7,3,11,19,4,1,2,1,1,0,0,0,0
"POINT (7.008151755000029 51.496868327000072)",Unfall 191012 (2023) Kat:3, Licht: 2,191012,3,4,6,11,17,3,0,2,0,1,1,0,0,0
"POINT (6.926685928000040 51.477072552000038)",Unfall 191013 (2023) Kat:3, Licht: 0,191013,3,6,2,11,14,3,1,0,0,1,0,1,0,0
"POINT (6.929984537000053 51.457208425000033)",Unfall 191014 (2023) Kat:3, Licht: 2,191014,3,5,0,11,18,3,1,2,1,1,0,0,0,0
"POINT (7.015359738000029 51.436165635000066)",Unfall 191112 (2023) Kat:3, Licht: 0,191112,3,7,6,11,09,4,0,0,0,1,1,0,0,0
"POINT (7.029328014000043 51.486095702000057)",Unfall 191134 (2023) Kat:3, Licht: 2,191134,3,1,8,11,01,1,1,2,0,1,0,0,0,0
"POINT (7.012138958000037 51.459237265000070)",Unfall 191183 (2023) Kat:3, Licht: 2,191183,3,3,6,11,19,7,0,2,0,1,1,0,0,0
"POINT (6.958208502000048 51.496136147000072)",Unfall 191207 (2023) Kat:3, Licht: 2,191207,3,6,2,12,20,6,1,2,0,1,0,0,0,0
"POINT (7.012915345000067 51.438780451000071)",Unfall 191208 (2023) Kat:3, Licht: 2,191208,3,4,6,12,18,6,1,2,0,1,1,0,0,0
"POINT (7.022502629000030 51.455457317000082)",Unfall 191209 (2023) Kat:3, Licht: 2,191209,3,6,3,12,21,6,1,2,0,1,0,0,0,1
"POINT (6.927683679000040 51.471056949000058)",Unfall 191272 (2023) Kat:3, Licht: 0,191272,3,2,5,12,10,4,0,0,0,1,0,1,0,0
"POINT (7.012245944000028 51.428315465000026)",Unfall 191273 (2023) Kat:3, Licht: 2,191273,3,1,8,12,01,4,1,2,0,1,0,0,0,0
"POINT (7.026652699000067 51.475806230000046)",Unfall 191305 (2023) Kat:3, Licht: 2,191305,3,7,7,12,18,2,1,2,1,0,0,0,0,0
"POINT (7.016723211000055 51.474941430000058)",Unfall 191306 (2023) Kat:3, Licht: 2,191306,3,3,5,12,05,2,1,2,0,1,0,0,0,0
"POINT (7.005237831000045 51.436604818000035)",Unfall 191356 (2023) Kat:3, Licht: 0,191356,3,7,2,12,11,4,1,0,1,1,0,0,0,0
"POINT (7.012989839000056 51.451919545000067)",Unfall 191389 (2023) Kat:3, Licht: 2,191389,3,7,6,12,18,6,0,2,0,0,1,0,0,1
"POINT (6.993776920000073 51.441517424000040)",Unfall 191433 (2023) Kat:3, Licht: 2,191433,3,7,6,12,16,5,1,2,0,1,1,0,0,0
"POINT (7.007763062000038 51.456003911000039)",Unfall 191539 (2023) Kat:2, Licht: 1,191539,2,3,5,12,16,7,1,1,0,1,0,0,0,0
"POINT (6.992746871000065 51.441346761000034)",Unfall 191549 (2023) Kat:3, Licht: 1,191549,3,2,6,12,07,3,1,1,0,1,1,0,0,0
"POINT (7.077515099000038 51.452679423000063)",Unfall 191609 (2023) Kat:3, Licht: 2,191609,3,3,6,12,18,2,0,2,0,1,1,0,0,0
"POINT (6.977230969000061 51.453650309000068)",Unfall 191647 (2023) Kat:3, Licht: 2,191647,3,2,6,12,18,1,1,2,0,1,1,0,0,0
"POINT (7.011797476000027 51.448036989000059)",Unfall 191648 (2023) Kat:3, Licht: 2,191648,3,1,0,12,18,1,0,2,1,0,0,0,0,0
"POINT (7.097664442000053 51.395433060000073)",Unfall 191675 (2023) Kat:2, Licht: 0,191675,2,4,6,12,12,7,0,0,0,0,1,0,0,1
"POINT (7.094535835000045 51.465225938000060)",Unfall 191729 (2023) Kat:3, Licht: 2,191729,3,5,0,12,19,6,1,2,1,1,0,0,0,0
"POINT (7.011765107000031 51.486788487000069)",Unfall 191800 (2023) Kat:3, Licht: 0,191800,3,7,0,12,13,5,0,0,0,1,1,0,0,0
"POINT (6.977517896000052 51.457825166000077)",Unfall 191801 (2023) Kat:3, Licht: 0,191801,3,2,6,12,15,5,0,0,0,1,1,0,0,0
"POINT (7.015111007000030 51.439968167000075)",Unfall 191802 (2023) Kat:3, Licht: 0,191802,3,5,1,12,14,5,0,0,1,1,0,0,0,0
"POINT (7.000122035000061 51.431440749000046)",Unfall 191841 (2023) Kat:3, Licht: 2,191841,3,2,0,12,17,4,1,2,1,1,0,0,0,0
"POINT (7.008604957000045 51.499769952000065)",Unfall 191886 (2023) Kat:3, Licht: 0,191886,3,7,6,12,07,3,0,0,0,0,1,0,0,1
"POINT (7.068946087000029 51.464482664000059)",Unfall 191887 (2023) Kat:3, Licht: 2,191887,3,2,4,12,23,3,0,2,1,1,0,0,0,0
"POINT (7.041106544000058 51.496517247000043)",Unfall 191962 (2023) Kat:3, Licht: 2,191962,3,2,6,12,17,2,1,2,0,1,1,0,0,0
"POINT (6.923418552000044 51.360456131000035)",Unfall 191963 (2023) Kat:3, Licht: 0,191963,3,7,0,12,09,2,0,0,0,1,0,0,0,1
"POINT (6.979354223000030 51.456902764000063)",Unfall 191996 (2023) Kat:3, Licht: 2,191996,3,2,6,12,19,1,1,2,0,1,1,0,0,0
"POINT (6.999541538000074 51.429978192000078)",Unfall 191997 (2023) Kat:3, Licht: 2,191997,3,4,5,12,18,1,1,2,0,1,1,0,0,0
"POINT (7.098996238000041 51.415243971000052)",Unfall 192043 (2023) Kat:3, Licht: 2,192043,3,7,6,12,22,7,1,2,0,1,1,0,0,0
"POINT (7.082404571000041 51.458481261000031)",Unfall 192078 (2023) Kat:3, Licht: 1,192078,3,4,6,12,08,6,1,1,0,1,1,0,0,0
"POINT (7.012410561000024 51.450046058000055)",Unfall 192079 (2023) Kat:3, Licht: 0,192079,3,6,3,12,14,6,1,0,0,1,0,1,0,0
"POINT (6.903206864000026 51.482075960000032)",Unfall 192175 (2023) Kat:3, Licht: 1,192175,3,7,0,12,07,5,0,1,0,0,1,0,0,1
"POINT (7.003598090000025 51.436605646000032)",Unfall 192176 (2023) Kat:2, Licht: 0,192176,2,7,0,12,14,5,0,0,0,1,0,0,0,0
"POINT (6.992716970000060 51.441341314000056)",Unfall 192177 (2023) Kat:3, Licht: 0,192177,3,7,0,12,11,5,0,0,0,1,1,0,0,1
"POINT (7.007178039000053 51.459683020000057)",Unfall 192178 (2023) Kat:3, Licht: 0,192178,3,6,2,12,08,5,0,0,0,1,0,0,0,0
"POINT (7.000746849000052 51.456746897000073)",Unfall 192187 (2023) Kat:3, Licht: 2,192187,3,3,5,12,17,4,1,2,0,1,0,0,0,1
"POINT (7.015422801000057 51.440137314000026)",Unfall 192203 (2023) Kat:3, Licht: 0,192203,3,4,7,12,13,1,1,0,0,1,1,0,0,0
"POINT (7.012975204000043 51.451916418000053)",Unfall 193221 (2023) Kat:3, Licht: 1,193221,3,7,0,12,17,1,0,1,0,1,1,0,0,0
"POINT (7.012901089000025 51.451970765000056)",Unfall 193239 (2023) Kat:3, Licht: 1,193239,3,6,3,12,17,7,0,1,1,1,0,0,0,0
"POINT (7.010880311000051 51.404216129000076)",Unfall 263709 (2023) Kat:3, Licht: 0,263709,3,3,3,01,14,4,0,0,1,1,0,0,0,0
"POINT (6.958613017000062 51.397515888000044)",Unfall 263748 (2023) Kat:2, Licht: 0,263748,2,6,3,02,10,3,0,0,1,1,0,0,0,0
"POINT (6.999994070000071 51.419052469000064)",Unfall 263788 (2023) Kat:3, Licht: 0,263788,3,7,0,03,15,4,0,0,1,0,1,0,0,0
"POINT (6.974161965000064 51.396980647000078)",Unfall 263924 (2023) Kat:3, Licht: 0,263924,3,1,0,05,17,3,1,0,1,0,0,0,0,0
"POINT (7.032909651000068 51.408298848000072)",Unfall 263976 (2023) Kat:3, Licht: 0,263976,3,7,3,05,12,6,0,0,1,0,0,0,0,0
"POINT (7.075066913000057 51.392230966000056)",Unfall 264025 (2023) Kat:3, Licht: 0,264025,3,7,6,05,19,1,0,0,1,0,1,0,0,0
"POINT (7.054961307000042 51.400188594000042)",Unfall 264050 (2023) Kat:2, Licht: 0,264050,2,6,3,05,20,4,0,0,1,0,0,0,0,0
"POINT (6.996598038000059 51.432142469000041)",Unfall 264094 (2023) Kat:3, Licht: 0,264094,3,6,3,06,15,2,0,0,1,0,0,0,0,0
"POINT (7.031663025000057 51.372973298000034)",Unfall 264153 (2023) Kat:3, Licht: 0,264153,3,1,0,06,17,3,0,0,1,0,0,0,0,0
"POINT (7.076470892000032 51.392564731000050)",Unfall 264162 (2023) Kat:3, Licht: 0,264162,3,4,0,06,16,4,0,0,1,0,1,0,0,0
"POINT (7.114594432000047 51.379794278000077)",Unfall 264206 (2023) Kat:3, Licht: 0,264206,3,3,5,06,12,3,0,0,1,1,0,0,0,0
"POINT (7.086860695000041 51.431720088000077)",Unfall 264359 (2023) Kat:3, Licht: 0,264359,3,1,0,07,15,1,0,0,1,0,0,0,0,0
"POINT (6.999856760000057 51.387756932000059)",Unfall 264368 (2023) Kat:3, Licht: 0,264368,3,6,1,07,13,2,0,0,1,1,0,0,0,0
"POINT (6.993203843000060 51.391554979000034)",Unfall 264443 (2023) Kat:2, Licht: 0,264443,2,1,0,08,19,4,0,0,1,0,0,0,0,0
"POINT (7.025379406000070 51.408164197000076)",Unfall 264546 (2023) Kat:3, Licht: 0,264546,3,6,3,08,15,7,0,0,1,0,0,0,0,0
"POINT (7.024685196000064 51.516585947000067)",Unfall 264573 (2023) Kat:3, Licht: 0,264573,3,3,5,09,18,1,0,0,1,0,0,1,0,0
"POINT (7.073049058000038 51.393065171000046)",Unfall 264625 (2023) Kat:3, Licht: 0,264625,3,7,7,09,13,1,0,0,1,0,0,0,0,0
"POINT (7.022852980000039 51.428484502000060)",Unfall 264659 (2023) Kat:3, Licht: 0,264659,3,7,4,09,10,7,0,0,1,0,0,0,0,0
"POINT (6.941834880000044 51.358708906000061)",Unfall 264678 (2023) Kat:3, Licht: 0,264678,3,1,0,09,16,4,0,0,1,0,0,0,0,1
"POINT (6.961526583000023 51.368921461000070)",Unfall 264685 (2023) Kat:2, Licht: 0,264685,2,1,9,09,17,6,0,0,1,0,0,0,0,0
"POINT (7.010925941000039 51.529254481000066)",Unfall 22377 (2024) Kat:3, Licht: 0,22377,3,6,2,01,15,7,1,0,0,1,0,0,0,0
"POINT (7.007830710000064 51.521056894000026)",Unfall 22378 (2024) Kat:3, Licht: 0,22378,3,6,2,01,09,7,1,0,0,1,0,0,0,1
"POINT (7.074323813000035 51.459219185000052)",Unfall 22379 (2024) Kat:3, Licht: 2,22379,3,3,5,01,16,7,1,2,0,1,0,0,0,1
"POINT (7.048557412000036 51.457874436000054)",Unfall 22383 (2024) Kat:3, Licht: 2,22383,3,6,0,01,17,7,1,2,0,1,0,0,0,0
"POINT (7.049130666000053 51.458152184000028)",Unfall 22384 (2024) Kat:3, Licht: 2,22384,3,6,2,01,17,7,1,2,0,1,0,0,0,0
"POINT (7.073134948000074 51.423199984000064)",Unfall 22435 (2024) Kat:3, Licht: 2,22435,3,2,6,01,17,6,1,2,0,0,1,0,0,1
"POINT (7.039074039000070 51.450444081000057)",Unfall 22437 (2024) Kat:2, Licht: 0,22437,2,6,2,01,13,6,0,0,0,1,0,0,0,1
"POINT (6.972724093000068 51.475270617000035)",Unfall 22497 (2024) Kat:3, Licht: 2,22497,3,7,6,01,17,5,1,2,0,1,1,0,0,0
"POINT (7.003486168000052 51.479029746000037)",Unfall 22547 (2024) Kat:3, Licht: 2,22547,3,7,4,01,20,4,1,2,0,1,0,0,0,0
"POINT (7.083641776000036 51.465123631000040)",Unfall 22551 (2024) Kat:3, Licht: 2,22551,3,1,9,01,19,4,1,2,0,1,0,0,0,0
"POINT (7.048152737000066 51.492249251000032)",Unfall 22625 (2024) Kat:3, Licht: 2,22625,3,2,5,01,22,3,1,2,0,1,0,0,0,0
"POINT (6.997745115000043 51.473536720000027)",Unfall 22626 (2024) Kat:3, Licht: 2,22626,3,2,5,01,18,3,1,2,1,1,0,0,0,0
"POINT (6.943830189000039 51.462868788000037)",Unfall 22627 (2024) Kat:2, Licht: 0,22627,2,2,5,01,08,3,1,0,0,1,0,0,0,0
"POINT (6.988977911000063 51.438999161000027)",Unfall 22628 (2024) Kat:3, Licht: 0,22628,3,3,5,01,16,3,1,0,0,1,0,0,0,0
"POINT (7.005377570000064 51.456906623000066)",Unfall 23133 (2024) Kat:3, Licht: 2,23133,3,4,6,01,18,3,1,2,0,1,1,0,0,0
"POINT (7.068610325000066 51.464060860000075)",Unfall 23361 (2024) Kat:3, Licht: 0,23361,3,6,3,01,12,5,1,0,0,1,0,0,1,0
"POINT (6.926355547000071 51.466923655000073)",Unfall 23452 (2024) Kat:3, Licht: 2,23452,3,4,6,01,20,7,0,2,0,1,1,0,0,0
"POINT (7.008846129000062 51.483368340000027)",Unfall 23954 (2024) Kat:3, Licht: 2,23954,3,7,4,01,22,7,1,2,0,1,0,0,0,0
"POINT (6.957388184000024 51.477946140000029)",Unfall 23957 (2024) Kat:3, Licht: 2,23957,3,2,6,01,17,4,1,2,0,1,1,0,0,0
"POINT (6.979451508000068 51.482686793000028)",Unfall 25205 (2024) Kat:3, Licht: 0,25205,3,1,3,01,11,7,0,0,0,1,0,0,0,0
"POINT (6.963574244000029 51.427437178000048)",Unfall 25206 (2024) Kat:3, Licht: 0,25206,3,7,0,01,14,7,0,0,0,0,0,0,0,1
"POINT (7.016511538000032 51.426793218000057)",Unfall 25207 (2024) Kat:3, Licht: 0,25207,3,7,0,01,13,7,0,0,0,0,0,0,0,1
"POINT (6.995094666000057 51.440046860000052)",Unfall 25208 (2024) Kat:3, Licht: 0,25208,3,4,6,01,15,7,1,0,0,1,1,0,0,0
"POINT (6.973170297000024 51.414389938000056)",Unfall 25213 (2024) Kat:3, Licht: 1,25213,3,1,8,01,16,7,0,1,0,1,0,0,0,0
"POINT (6.964544303000025 51.475824128000056)",Unfall 25274 (2024) Kat:3, Licht: 0,25274,3,7,5,01,12,6,1,0,0,0,0,0,0,1
"POINT (6.974246026000060 51.415479098000048)",Unfall 25275 (2024) Kat:3, Licht: 0,25275,3,3,5,01,17,6,1,0,0,1,0,0,0,0
"POINT (7.064514331000055 51.447564181000075)",Unfall 25276 (2024) Kat:3, Licht: 0,25276,3,7,0,01,11,6,1,0,0,1,0,0,1,0
"POINT (7.067879611000023 51.464279519000058)",Unfall 25283 (2024) Kat:3, Licht: 0,25283,3,6,0,01,14,6,0,0,0,1,0,0,1,0
"POINT (6.951876880000043 51.495213190000072)",Unfall 25355 (2024) Kat:3, Licht: 0,25355,3,6,2,01,11,5,0,0,0,1,0,0,0,0
"POINT (7.035948574000031 51.448864778000029)",Unfall 25356 (2024) Kat:3, Licht: 2,25356,3,3,5,01,19,5,1,2,0,1,0,0,0,0
"POINT (7.033090544000061 51.452855724000074)",Unfall 25360 (2024) Kat:3, Licht: 0,25360,3,6,2,01,15,5,0,0,0,1,0,0,0,0
"POINT (6.966965784000024 51.439721323000072)",Unfall 25422 (2024) Kat:3, Licht: 2,25422,3,5,0,01,20,4,1,2,0,1,0,0,0,0
"POINT (7.007224887000064 51.517762431000051)",Unfall 25525 (2024) Kat:3, Licht: 2,25525,3,2,6,01,19,3,0,2,0,1,1,0,0,0
"POINT (6.963094249000051 51.471711352000057)",Unfall 25526 (2024) Kat:3, Licht: 0,25526,3,6,6,01,14,3,0,0,1,0,1,0,0,0
"POINT (6.980492389000062 51.436274284000035)",Unfall 25527 (2024) Kat:3, Licht: 2,25527,3,7,0,01,22,3,1,2,1,0,0,0,0,0
"POINT (7.017394809000052 51.450827454000034)",Unfall 25528 (2024) Kat:3, Licht: 0,25528,3,3,5,01,11,3,0,0,0,1,0,0,0,0
"POINT (7.061770495000076 51.418813986000032)",Unfall 25541 (2024) Kat:2, Licht: 2,25541,2,1,8,01,00,7,1,2,0,1,0,0,0,0
"POINT (6.998426719000065 51.488728445000049)",Unfall 25621 (2024) Kat:2, Licht: 1,25621,2,2,6,01,08,2,1,1,0,1,1,0,0,0
"POINT (7.012906102000045 51.476949040000079)",Unfall 25622 (2024) Kat:3, Licht: 0,25622,3,6,4,01,14,2,1,0,0,1,0,0,0,0
"POINT (6.997289301000023 51.441701272000046)",Unfall 25623 (2024) Kat:3, Licht: 2,25623,3,2,6,01,20,2,1,2,0,1,1,0,0,0
"POINT (6.968646981000063 51.448893985000041)",Unfall 25748 (2024) Kat:3, Licht: 0,25748,3,7,0,01,13,7,1,0,0,1,0,0,0,1
"POINT (6.961408049000056 51.448265087000038)",Unfall 25749 (2024) Kat:3, Licht: 0,25749,3,6,2,01,12,7,1,0,0,1,0,0,0,0
"POINT (7.045233644000064 51.456123350000041)",Unfall 25751 (2024) Kat:3, Licht: 2,25751,3,6,2,01,18,7,1,2,0,1,0,0,0,0
"POINT (7.073197523000033 51.422770087000060)",Unfall 25836 (2024) Kat:3, Licht: 0,25836,3,7,6,01,13,6,1,0,0,1,1,0,0,0
"POINT (7.035253667000063 51.424091489000034)",Unfall 25837 (2024) Kat:3, Licht: 2,25837,3,2,3,01,07,6,2,2,0,1,0,0,0,1
"POINT (7.037183234000054 51.447474506000049)",Unfall 25838 (2024) Kat:3, Licht: 2,25838,3,6,1,01,18,6,1,2,1,1,0,0,0,0
"POINT (7.007752084000060 51.468229969000049)",Unfall 25839 (2024) Kat:3, Licht: 0,25839,3,2,4,01,13,6,0,0,0,1,0,0,0,0