WKT,Name,OBJECTID,UKATEGORIE,UTYP1,UART,UMONAT,USTUNDE,UWOCHENTAG,STRZUSTAND,ULICHTVERH,ISTRAD,ISTPKW,ISTFUSS,ISTKRAD,ISTGKFZ,ISTSONSTIG
"POINT (7.023183799000037 51.450981648000038)",Unfall 25842 (2024) Kat:3, Licht: 0,25842,3,3,5,01,15,6,1,0,0,1,0,0,1,0
"POINT (7.012424291000059 51.478073884000082)",Unfall 25955 (2024) Kat:3, Licht: 2,25955,3,4,6,01,07,5,2,2,0,1,1,0,0,0
"POINT (7.085470894000025 51.397633697000060)",Unfall 25956 (2024) Kat:2, Licht: 2,25956,2,3,6,01,08,5,0,2,0,1,1,0,0,0
"POINT (6.995564452000053 51.446123915000044)",Unfall 26080 (2024) Kat:3, Licht: 2,26080,3,6,2,01,17,4,0,2,0,1,0,0,0,0
"POINT (7.033838255000035 51.473904901000026)",Unfall 26155 (2024) Kat:3, Licht: 1,26155,3,7,6,01,07,3,0,1,0,0,1,0,0,1
"POINT (6.979691070000058 51.476462919000028)",Unfall 26157 (2024) Kat:3, Licht: 0,26157,3,3,5,01,12,3,0,0,0,1,0,0,0,0
"POINT (6.943099577000055 51.361030236000033)",Unfall 26158 (2024) Kat:3, Licht: 0,26158,3,7,6,01,12,3,0,0,0,1,1,0,0,0
"POINT (7.025242822000052 51.420622751000053)",Unfall 26159 (2024) Kat:3, Licht: 0,26159,3,2,6,01,12,3,0,0,0,1,1,0,0,0
"POINT (7.087491950000071 51.466748872000039)",Unfall 26160 (2024) Kat:2, Licht: 0,26160,2,6,6,01,15,3,0,0,0,0,1,0,0,1
"POINT (7.024022947000049 51.497901521000074)",Unfall 26247 (2024) Kat:2, Licht: 0,26247,2,4,6,01,16,2,0,0,0,1,1,0,0,0
"POINT (7.017549060000022 51.471305962000031)",Unfall 26360 (2024) Kat:3, Licht: 0,26360,3,3,5,02,10,1,1,0,0,1,0,0,0,0
"POINT (7.036697433000029 51.424026195000067)",Unfall 26404 (2024) Kat:3, Licht: 2,26404,3,7,9,02,20,7,0,2,0,1,0,0,0,0
"POINT (7.028878899000063 51.451865384000030)",Unfall 26405 (2024) Kat:3, Licht: 0,26405,3,7,0,02,10,7,0,0,0,0,0,0,0,1
"POINT (7.009357269000077 51.485592746000066)",Unfall 26461 (2024) Kat:3, Licht: 0,26461,3,4,6,02,15,6,0,0,0,0,1,0,1,0
"POINT (6.956161362000046 51.473346201000027)",Unfall 26462 (2024) Kat:2, Licht: 2,26462,2,6,3,02,20,6,0,2,0,0,0,0,1,1
"POINT (6.976851074000024 51.461376999000038)",Unfall 26463 (2024) Kat:3, Licht: 2,26463,3,4,6,02,20,6,0,2,0,1,1,0,0,0
"POINT (6.975331138000058 51.425329781000073)",Unfall 26464 (2024) Kat:2, Licht: 0,26464,2,3,5,02,08,6,1,0,0,1,0,0,0,0
"POINT (7.007379731000071 51.449367313000039)",Unfall 26465 (2024) Kat:3, Licht: 0,26465,3,4,5,02,13,6,0,0,0,1,1,0,0,0
"POINT (7.009467239000060 51.486446425000054)",Unfall 26542 (2024) Kat:3, Licht: 2,26542,3,2,6,02,18,5,1,2,0,1,1,0,0,0
"POINT (7.068239946000062 51.443000895000068)",Unfall 26543 (2024) Kat:3, Licht: 0,26543,3,6,0,02,11,5,1,0,1,1,0,0,0,0
"POINT (7.081719486000054 51.386904205000064)",Unfall 26547 (2024) Kat:3, Licht: 0,26547,3,6,3,02,07,5,0,0,0,1,0,0,1,0
"POINT (7.010297131000073 51.498576613000068)",Unfall 26622 (2024) Kat:3, Licht: 0,26622,3,1,2,02,08,4,1,0,0,1,0,0,0,0
"POINT (7.013719756000057 51.433309149000081)",Unfall 26623 (2024) Kat:3, Licht: 0,26623,3,3,5,02,14,4,1,0,1,1,0,0,0,0
"POINT (7.001279313000055 51.465041685000074)",Unfall 26624 (2024) Kat:3, Licht: 2,26624,3,2,0,02,05,4,1,2,0,1,1,0,0,0
"POINT (7.043165757000054 51.454891163000070)",Unfall 26627 (2024) Kat:3, Licht: 2,26627,3,6,3,02,06,4,1,2,0,1,0,0,1,0
"POINT (7.007444533000069 51.403385044000061)",Unfall 26705 (2024) Kat:3, Licht: 0,26705,3,6,3,02,07,3,0,0,1,1,0,0,0,0
"POINT (6.992377337000050 51.445577505000074)",Unfall 26708 (2024) Kat:3, Licht: 2,26708,3,6,2,02,21,3,0,2,0,1,0,0,0,0
"POINT (7.051994136000076 51.481233502000066)",Unfall 26785 (2024) Kat:3, Licht: 2,26785,3,3,5,02,06,2,1,2,1,1,0,0,0,0
"POINT (7.040111626000055 51.452039674000048)",Unfall 26792 (2024) Kat:3, Licht: 0,26792,3,6,2,02,13,2,0,0,0,1,0,0,0,1
"POINT (7.007379731000071 51.449367313000039)",Unfall 26854 (2024) Kat:3, Licht: 2,26854,3,4,6,02,00,1,1,2,0,1,1,0,0,0
"POINT (7.033789980000051 51.473882949000028)",Unfall 26913 (2024) Kat:3, Licht: 0,26913,3,6,2,02,14,7,1,0,0,1,0,0,0,0
"POINT (7.063454191000062 51.467613933000052)",Unfall 26914 (2024) Kat:3, Licht: 2,26914,3,3,5,02,19,7,1,2,0,1,0,0,0,0
"POINT (6.901059248000024 51.480639776000032)",Unfall 26989 (2024) Kat:3, Licht: 2,26989,3,7,0,02,18,6,0,2,1,0,0,0,0,0
"POINT (6.958644887000048 51.462643682000078)",Unfall 26990 (2024) Kat:3, Licht: 0,26990,3,7,0,02,14,6,0,0,0,1,0,0,0,1
"POINT (6.942016448000061 51.367001637000044)",Unfall 26991 (2024) Kat:3, Licht: 0,26991,3,3,5,02,10,6,0,0,1,1,0,0,0,0
"POINT (7.035586789000035 51.453688504000070)",Unfall 26998 (2024) Kat:3, Licht: 0,26998,3,6,2,02,13,6,0,0,0,1,0,0,0,0
"POINT (7.078607061000071 51.462194404000059)",Unfall 27076 (2024) Kat:3, Licht: 1,27076,3,3,0,02,07,5,0,1,0,1,1,0,0,0
"POINT (6.976541682000061 51.479080307000061)",Unfall 27167 (2024) Kat:3, Licht: 2,27167,3,7,0,01,21,4,0,2,0,1,0,0,0,1
"POINT (7.075680054000031 51.400395717000038)",Unfall 27177 (2024) Kat:3, Licht: 0,27177,3,1,0,02,10,6,1,0,1,0,0,0,0,0
"POINT (7.031903461000070 51.472991769000032)",Unfall 27232 (2024) Kat:3, Licht: 2,27232,3,4,0,01,18,3,0,2,0,1,1,0,0,0
"POINT (6.916382460000023 51.473445941000080)",Unfall 27370 (2024) Kat:3, Licht: 0,27370,3,2,6,01,10,1,0,0,0,1,1,0,0,0
"POINT (6.998519608000038 51.386998223000035)",Unfall 27372 (2024) Kat:3, Licht: 0,27372,3,6,2,01,14,1,0,0,0,1,0,1,0,0
"POINT (6.977660301000071 51.411301582000078)",Unfall 27373 (2024) Kat:3, Licht: 0,27373,3,1,0,01,12,1,1,0,1,0,0,0,0,0
"POINT (6.964047492000020 51.452319790000047)",Unfall 27374 (2024) Kat:3, Licht: 0,27374,3,6,2,01,17,1,0,0,0,1,0,0,0,0
"POINT (6.990981687000044 51.512311059000069)",Unfall 27455 (2024) Kat:2, Licht: 0,27455,2,6,2,01,15,7,0,0,0,1,0,0,0,0
"POINT (6.967359225000052 51.473679502000039)",Unfall 27456 (2024) Kat:3, Licht: 2,27456,3,7,0,01,07,7,0,2,0,0,0,0,0,1
"POINT (7.102850355000044 51.472393958000055)",Unfall 27458 (2024) Kat:3, Licht: 2,27458,3,1,9,01,05,7,0,2,0,1,0,0,0,0
"POINT (7.080446188000053 51.466658828000050)",Unfall 27460 (2024) Kat:3, Licht: 0,27460,3,2,6,02,15,7,1,0,0,1,1,0,0,0
"POINT (6.948459387000071 51.482188330000042)",Unfall 27562 (2024) Kat:3, Licht: 2,27562,3,2,6,01,08,6,0,2,0,1,1,0,0,0
"POINT (6.973017959000060 51.443213900000046)",Unfall 27563 (2024) Kat:3, Licht: 1,27563,3,2,4,01,18,6,0,1,0,1,0,0,0,0
"POINT (7.069590128000073 51.443474867000077)",Unfall 27564 (2024) Kat:3, Licht: 0,27564,3,6,2,01,10,6,1,0,0,1,0,0,0,1
"POINT (7.022821102000023 51.453743113000030)",Unfall 27566 (2024) Kat:3, Licht: 1,27566,3,7,0,01,08,6,1,1,1,0,0,0,0,1
"POINT (7.040067302000068 51.451984937000077)",Unfall 27573 (2024) Kat:3, Licht: 0,27573,3,6,2,01,14,6,0,0,0,1,0,0,0,1
"POINT (7.050550391000058 51.490380640000069)",Unfall 27603 (2024) Kat:3, Licht: 2,27603,3,2,5,02,21,7,1,2,0,1,0,0,0,0
"POINT (7.078454297000064 51.461921150000080)",Unfall 27613 (2024) Kat:3, Licht: 0,27613,3,6,2,02,17,1,0,0,0,1,0,0,0,0
"POINT (7.064275340000052 51.486781283000028)",Unfall 27667 (2024) Kat:3, Licht: 0,27667,3,7,6,01,07,5,0,0,0,1,1,0,0,0
"POINT (6.980010030000074 51.468097205000049)",Unfall 27668 (2024) Kat:3, Licht: 1,27668,3,4,6,01,07,5,0,1,0,1,1,0,0,0
"POINT (7.071693880000055 51.450401475000035)",Unfall 27670 (2024) Kat:3, Licht: 0,27670,3,1,6,01,15,5,0,0,0,0,1,0,0,1
"POINT (7.000700311000060 51.446942101000047)",Unfall 27680 (2024) Kat:3, Licht: 0,27680,3,6,2,01,15,5,0,0,0,1,0,0,0,0
"POINT (7.105713634000040 51.472143159000041)",Unfall 27681 (2024) Kat:3, Licht: 2,27681,3,6,3,01,19,5,1,2,0,1,0,0,0,0
"POINT (7.094412642000066 51.469196517000057)",Unfall 27685 (2024) Kat:3, Licht: 0,27685,3,6,2,01,11,5,0,0,0,1,0,0,0,0
"POINT (6.965005746000031 51.461502427000028)",Unfall 27714 (2024) Kat:2, Licht: 2,27714,2,7,0,01,02,6,1,2,0,1,0,0,0,1
"POINT (7.029877279000061 51.451144675000080)",Unfall 27769 (2024) Kat:3, Licht: 0,27769,3,7,0,01,10,4,0,0,0,0,0,0,0,1
"POINT (6.927353689000029 51.459081855000079)",Unfall 27797 (2024) Kat:2, Licht: 0,27797,2,2,6,02,13,5,1,0,0,1,1,0,0,0
"POINT (7.011679767000032 51.433243350000055)",Unfall 27851 (2024) Kat:3, Licht: 1,27851,3,2,6,01,08,6,1,1,0,1,1,0,0,0
"POINT (7.061769618000028 51.418814323000049)",Unfall 27893 (2024) Kat:3, Licht: 0,27893,3,6,2,01,16,3,1,0,0,1,0,0,0,0
"POINT (7.034748480000076 51.449314144000027)",Unfall 27894 (2024) Kat:3, Licht: 2,27894,3,3,5,01,21,3,1,2,0,1,0,0,0,0
"POINT (7.047884522000061 51.446686539000041)",Unfall 27895 (2024) Kat:3, Licht: 0,27895,3,7,6,01,13,3,0,0,0,1,1,0,0,0
"POINT (7.001596292000045 51.481729891000043)",Unfall 27896 (2024) Kat:3, Licht: 2,27896,3,2,6,01,19,3,1,2,0,1,1,0,0,0
"POINT (7.110655502000043 51.471586848000072)",Unfall 27901 (2024) Kat:3, Licht: 1,27901,3,6,2,01,16,3,1,1,0,1,0,0,0,0
"POINT (6.954357851000054 51.399671222000052)",Unfall 28005 (2024) Kat:3, Licht: 0,28005,3,6,2,01,10,2,1,0,0,1,0,0,0,0
"POINT (6.966325929000050 51.448780436000050)",Unfall 28006 (2024) Kat:3, Licht: 0,28006,3,2,5,01,15,2,1,0,0,1,0,0,0,0
"POINT (6.982945209000036 51.459752943000069)",Unfall 28007 (2024) Kat:3, Licht: 1,28007,3,7,0,01,16,2,0,1,0,1,0,0,0,1
"POINT (7.087878916000022 51.465739779000046)",Unfall 28013 (2024) Kat:3, Licht: 1,28013,3,6,2,01,08,2,1,1,0,1,0,0,0,0
"POINT (7.055724263000059 51.428521934000059)",Unfall 28023 (2024) Kat:3, Licht: 0,28023,3,1,1,02,16,6,0,0,0,1,0,0,0,0
"POINT (7.073134948000074 51.423199984000064)",Unfall 28058 (2024) Kat:3, Licht: 0,28058,3,2,4,01,14,1,0,0,0,1,0,0,0,0
"POINT (7.079351284000040 51.477022566000073)",Unfall 28059 (2024) Kat:3, Licht: 2,28059,3,3,5,01,19,1,0,2,0,1,0,0,0,0
"POINT (6.992184025000029 51.384056145000045)",Unfall 28070 (2024) Kat:3, Licht: 0,28070,3,1,8,01,12,2,0,0,0,1,0,0,0,0
"POINT (7.031857128000070 51.450384222000082)",Unfall 28165 (2024) Kat:3, Licht: 0,28165,3,7,0,03,14,6,0,0,0,0,0,0,0,1
"POINT (6.997880079000026 51.455514398000048)",Unfall 28166 (2024) Kat:3, Licht: 0,28166,3,7,0,03,11,6,0,0,0,1,1,0,0,0
"POINT (7.032738049000045 51.459162536000065)",Unfall 28250 (2024) Kat:2, Licht: 2,28250,2,2,6,03,19,5,0,2,0,1,1,0,0,0
"POINT (6.995316308000042 51.454821007000078)",Unfall 28251 (2024) Kat:3, Licht: 1,28251,3,3,5,03,17,5,0,1,0,1,0,0,0,0
"POINT (6.962415047000036 51.471316928000078)",Unfall 28322 (2024) Kat:3, Licht: 0,28322,3,3,5,03,09,4,0,0,0,1,0,0,0,1
"POINT (7.021706201000029 51.450741387000051)",Unfall 28327 (2024) Kat:3, Licht: 0,28327,3,6,2,03,08,4,0,0,0,1,0,0,0,0
"POINT (7.074938945000042 51.450186550000069)",Unfall 28380 (2024) Kat:3, Licht: 0,28380,3,2,4,03,16,3,1,0,0,1,0,0,0,0
"POINT (7.028835537000020 51.450691818000053)",Unfall 28381 (2024) Kat:3, Licht: 0,28381,3,5,1,03,13,3,1,0,0,1,0,0,0,0
"POINT (6.959173708000037 51.440931703000047)",Unfall 28385 (2024) Kat:3, Licht: 2,28385,3,6,2,03,20,3,0,2,0,1,0,0,0,0
"POINT (7.006057275000046 51.433813790000045)",Unfall 28450 (2024) Kat:3, Licht: 2,28450,3,1,0,03,21,2,0,2,0,0,0,0,0,1
"POINT (7.056405565000034 51.445599967000078)",Unfall 28451 (2024) Kat:3, Licht: 2,28451,3,1,0,03,22,2,0,2,0,1,0,0,0,0
"POINT (7.048425015000021 51.498932381000031)",Unfall 28524 (2024) Kat:3, Licht: 0,28524,3,2,5,03,14,1,0,0,0,1,0,0,0,0
"POINT (6.943226541000058 51.388259276000042)",Unfall 28525 (2024) Kat:3, Licht: 0,28525,3,1,2,03,15,1,0,0,0,1,0,1,0,0
"POINT (7.004299042000071 51.459132671000077)",Unfall 28526 (2024) Kat:3, Licht: 0,28526,3,2,3,03,13,1,0,0,0,1,0,1,0,0
"POINT (7.001555831000076 51.449468482000043)",Unfall 28607 (2024) Kat:3, Licht: 0,28607,3,7,4,03,14,7,0,0,0,1,0,0,0,0
"POINT (7.014946727000051 51.459233500000039)",Unfall 28608 (2024) Kat:2, Licht: 1,28608,2,4,6,03,07,7,0,1,0,1,1,0,0,0
"POINT (7.010759790000066 51.493733619000068)",Unfall 28706 (2024) Kat:3, Licht: 0,28706,3,3,5,03,14,6,0,0,0,1,0,0,0,1
"POINT (6.983026559000052 51.476806817000067)",Unfall 28707 (2024) Kat:3, Licht: 0,28707,3,6,0,03,08,6,0,0,0,1,0,1,0,0
"POINT (6.992193432000022 51.398738352000066)",Unfall 28708 (2024) Kat:3, Licht: 2,28708,3,6,0,03,19,6,0,2,0,1,0,1,0,0
"POINT (7.017574439000043 51.471280121000063)",Unfall 28709 (2024) Kat:3, Licht: 0,28709,3,6,1,03,07,6,0,0,0,1,0,0,0,0
"POINT (7.020460638000031 51.468041688000028)",Unfall 28710 (2024) Kat:3, Licht: 2,28710,3,1,0,03,22,6,0,2,0,0,0,0,0,1
"POINT (7.007040168000060 51.511949141000059)",Unfall 28818 (2024) Kat:3, Licht: 2,28818,3,3,5,02,20,5,0,2,0,1,0,0,0,0
"POINT (6.930107966000037 51.356158525000069)",Unfall 28885 (2024) Kat:3, Licht: 0,28885,3,7,0,02,12,4,0,0,1,0,0,0,0,0
"POINT (6.904824164000047 51.486143072000061)",Unfall 29145 (2024) Kat:3, Licht: 0,29145,3,7,0,02,11,1,0,0,0,0,0,0,0,1
"POINT (7.006427276000068 51.455906729000048)",Unfall 29146 (2024) Kat:3, Licht: 0,29146,3,3,5,02,15,1,1,0,0,1,0,0,0,0
"POINT (7.008603552000068 51.483357243000057)",Unfall 29211 (2024) Kat:3, Licht: 2,29211,3,4,6,02,18,7,0,2,0,1,1,0,0,0
"POINT (6.968197333000035 51.446813456000029)",Unfall 29212 (2024) Kat:3, Licht: 0,29212,3,7,5,02,16,7,1,0,0,1,0,0,0,0
"POINT (7.098934201000077 51.437790562000032)",Unfall 29214 (2024) Kat:3, Licht: 2,29214,3,1,9,02,18,7,1,2,0,1,0,0,0,0
"POINT (7.077970815000072 51.449277647000031)",Unfall 29215 (2024) Kat:3, Licht: 0,29215,3,4,6,02,09,7,1,0,0,1,1,0,0,0
"POINT (6.984418525000024 51.449673953000058)",Unfall 29220 (2024) Kat:3, Licht: 2,29220,3,2,6,02,19,1,1,2,0,1,1,0,0,0
"POINT (7.009111465000046 51.484607387000040)",Unfall 29295 (2024) Kat:2, Licht: 2,29295,2,1,5,02,20,4,0,2,0,1,0,0,0,0
"POINT (6.969633227000031 51.461442330000068)",Unfall 29302 (2024) Kat:3, Licht: 0,29302,3,3,0,03,12,5,0,0,0,1,0,0,0,0
"POINT (7.008549063000032 51.433609392000051)",Unfall 29309 (2024) Kat:3, Licht: 0,29309,3,2,5,02,17,6,1,0,0,1,0,1,0,0
"POINT (6.996193718000029 51.436498412000049)",Unfall 29310 (2024) Kat:3, Licht: 2,29310,3,2,6,02,18,6,1,2,0,1,1,0,0,0
"POINT (6.973037572000067 51.443207759000074)",Unfall 29371 (2024) Kat:2, Licht: 2,29371,2,3,5,02,18,5,1,2,0,1,0,0,0,0
"POINT (7.016446505000033 51.450769755000067)",Unfall 29372 (2024) Kat:3, Licht: 0,29372,3,6,3,02,16,5,0,0,0,1,0,0,0,0
"POINT (7.015681143000052 51.456674503000045)",Unfall 29373 (2024) Kat:3, Licht: 0,29373,3,6,2,02,14,5,0,0,0,1,0,0,0,0
"POINT (7.015899737000041 51.453262536000068)",Unfall 29374 (2024) Kat:3, Licht: 0,29374,3,3,5,02,08,5,0,0,0,1,0,0,0,0
"POINT (7.015920068000071 51.453079912000078)",Unfall 29375 (2024) Kat:3, Licht: 0,29375,3,6,2,02,09,5,0,0,0,1,0,0,0,0
"POINT (7.058788622000066 51.461541601000079)",Unfall 29378 (2024) Kat:3, Licht: 1,29378,3,6,3,02,17,5,1,1,0,1,0,0,0,0
"POINT (6.983026559000052 51.476806817000067)",Unfall 29458 (2024) Kat:2, Licht: 2,29458,2,2,6,02,18,4,1,2,0,1,1,0,0,0
"POINT (6.948453064000034 51.482190254000045)",Unfall 29459 (2024) Kat:3, Licht: 0,29459,3,3,5,02,16,4,0,0,0,1,0,0,0,0
"POINT (7.023690575000046 51.451089266000054)",Unfall 29462 (2024) Kat:3, Licht: 0,29462,3,6,2,02,14,4,0,0,0,1,0,0,0,0
"POINT (7.031733326000051 51.499568691000036)",Unfall 29508 (2024) Kat:3, Licht: 0,29508,3,7,0,03,15,1,0,0,0,0,1,0,0,1
"POINT (7.022306545000049 51.443529357000045)",Unfall 29532 (2024) Kat:3, Licht: 0,29532,3,3,5,02,15,3,0,0,1,1,0,0,0,0
"POINT (6.943830189000039 51.462868788000037)",Unfall 29538 (2024) Kat:3, Licht: 2,29538,3,2,5,03,20,6,0,2,0,1,0,0,0,0
"POINT (6.921947579000062 51.455167127000038)",Unfall 29633 (2024) Kat:3, Licht: 0,29633,3,6,2,02,11,2,0,0,0,1,0,0,0,0
"POINT (6.998922265000033 51.485996885000077)",Unfall 29634 (2024) Kat:2, Licht: 2,29634,2,3,5,02,19,2,1,2,0,1,0,1,0,0
"POINT (7.098797939000065 51.471532813000067)",Unfall 29635 (2024) Kat:2, Licht: 2,29635,2,1,8,02,05,2,1,2,0,1,0,0,0,1
"POINT (7.087857956000050 51.465734424000061)",Unfall 29637 (2024) Kat:3, Licht: 2,29637,3,1,8,02,00,2,1,2,0,1,0,0,0,0
"POINT (7.036208044000034 51.500791957000047)",Unfall 29713 (2024) Kat:3, Licht: 0,29713,3,2,5,02,15,1,1,0,0,1,0,0,0,1
"POINT (7.082314177000057 51.469508631000053)",Unfall 29715 (2024) Kat:3, Licht: 0,29715,3,6,2,02,15,1,1,0,0,1,0,0,0,0
"POINT (7.050392617000057 51.446175746000051)",Unfall 29716 (2024) Kat:3, Licht: 2,29716,3,7,0,02,19,1,1,2,0,0,0,1,0,0
"POINT (7.007613621000075 51.443788773000051)",Unfall 29717 (2024) Kat:3, Licht: 2,29717,3,4,6,02,18,1,1,2,0,0,1,1,0,0
"POINT (7.041822761000049 51.454541973000062)",Unfall 29718 (2024) Kat:3, Licht: 0,29718,3,1,8,02,11,1,1,0,0,1,0,0,0,0
"POINT (6.978689275000022 51.434619206000036)",Unfall 29786 (2024) Kat:3, Licht: 0,29786,3,1,0,02,13,7,0,0,1,0,0,0,0,0
"POINT (7.082360796000046 51.392526165000049)",Unfall 29788 (2024) Kat:3, Licht: 0,29788,3,6,3,02,13,7,0,0,1,0,0,0,0,1
"POINT (7.028895676000047 51.451857390000043)",Unfall 29789 (2024) Kat:3, Licht: 0,29789,3,6,2,02,11,7,0,0,0,1,0,0,0,0
"POINT (6.933014687000025 51.379600669000070)",Unfall 29855 (2024) Kat:3, Licht: 0,29855,3,3,0,02,16,7,0,0,1,1,0,0,0,0
"POINT (7.007221446000074 51.517746838000051)",Unfall 29962 (2024) Kat:3, Licht: 0,29962,3,7,0,02,10,5,1,0,1,1,0,0,0,0
"POINT (7.073134948000074 51.423199984000064)",Unfall 29964 (2024) Kat:3, Licht: 0,29964,3,3,5,02,14,5,0,0,0,1,1,0,0,0
"POINT (6.975855649000039 51.423480813000026)",Unfall 29966 (2024) Kat:2, Licht: 2,29966,2,7,6,02,07,5,0,2,0,1,1,0,0,0
"POINT (6.991380298000024 51.412713433000079)",Unfall 29967 (2024) Kat:3, Licht: 0,29967,3,3,5,02,13,5,0,0,0,1,0,1,0,0
"POINT (7.085923220000041 51.467369211000062)",Unfall 29968 (2024) Kat:2, Licht: 0,29968,2,2,4,02,17,5,0,0,0,1,0,1,0,0
"POINT (7.037507320000032 51.449146684000027)",Unfall 29969 (2024) Kat:3, Licht: 0,29969,3,6,2,02,14,5,0,0,0,1,0,0,0,0
"POINT (7.011240377000036 51.449999211000033)",Unfall 29970 (2024) Kat:2, Licht: 0,29970,2,1,9,02,15,5,0,0,0,1,1,0,0,0
"POINT (7.035524210000062 51.453493895000065)",Unfall 29979 (2024) Kat:3, Licht: 2,29979,3,6,5,02,21,5,0,2,0,1,0,0,0,0
"POINT (7.106755754000062 51.415013755000075)",Unfall 30112 (2024) Kat:2, Licht: 2,30112,2,1,0,02,00,4,1,2,0,1,0,0,0,0
"POINT (7.074928534000037 51.450188941000079)",Unfall 30114 (2024) Kat:3, Licht: 0,30114,3,3,5,02,09,4,1,0,0,1,0,0,0,0
"POINT (7.100074298000038 51.471907290000047)",Unfall 30119 (2024) Kat:3, Licht: 2,30119,3,1,9,02,20,4,1,2,0,1,0,0,0,0
"POINT (6.980198496000071 51.476488047000032)",Unfall 30165 (2024) Kat:3, Licht: 0,30165,3,6,2,02,16,4,1,0,0,1,0,0,0,0
"POINT (7.063035912000032 51.483081574000039)",Unfall 30217 (2024) Kat:3, Licht: 0,30217,3,6,6,02,16,3,1,0,0,1,1,0,0,0
"POINT (6.997608454000044 51.492662505000055)",Unfall 30218 (2024) Kat:3, Licht: 0,30218,3,7,2,02,14,3,0,0,0,0,0,0,0,1
"POINT (6.989252890000046 51.473097995000046)",Unfall 30219 (2024) Kat:3, Licht: 0,30219,3,6,3,02,16,3,0,0,0,1,0,0,0,0
"POINT (7.048446770000055 51.458976592000056)",Unfall 30220 (2024) Kat:3, Licht: 2,30220,3,7,0,02,19,3,1,2,0,0,0,0,0,1
"POINT (7.007494176000023 51.451624266000067)",Unfall 30222 (2024) Kat:3, Licht: 2,30222,3,7,1,02,20,3,1,2,0,1,0,1,0,0
"POINT (6.999040563000051 51.423228150000057)",Unfall 30304 (2024) Kat:2, Licht: 1,30304,2,7,5,02,07,2,0,1,0,1,0,0,0,1
"POINT (6.964753686000051 51.461508002000073)",Unfall 30399 (2024) Kat:3, Licht: 1,30399,3,6,3,03,18,5,0,1,0,1,0,0,0,0
"POINT (7.024277739000070 51.383967338000048)",Unfall 30400 (2024) Kat:3, Licht: 0,30400,3,7,6,03,16,5,0,0,0,1,1,0,0,0
"POINT (7.048217992000048 51.460512695000034)",Unfall 30401 (2024) Kat:3, Licht: 2,30401,3,4,6,03,23,5,0,2,0,1,1,0,0,0
"POINT (7.027601625000045 51.421766188000049)",Unfall 30501 (2024) Kat:2, Licht: 0,30501,2,5,0,03,13,4,0,0,0,0,0,0,0,1
"POINT (7.024621574000037 51.443520565000028)",Unfall 30502 (2024) Kat:3, Licht: 0,30502,3,1,1,03,07,4,0,0,1,1,0,0,0,0
"POINT (7.079056819000073 51.463029233000043)",Unfall 30503 (2024) Kat:3, Licht: 1,30503,3,2,5,03,18,4,0,1,0,1,0,1,0,0
"POINT (7.070399617000021 51.490687264000030)",Unfall 30612 (2024) Kat:3, Licht: 0,30612,3,5,0,03,13,3,0,0,0,1,1,0,0,0
"POINT (6.952459491000070 51.480936097000040)",Unfall 30613 (2024) Kat:3, Licht: 0,30613,3,6,3,03,16,3,0,0,1,1,0,0,0,0
"POINT (6.974293895000073 51.461580258000026)",Unfall 30614 (2024) Kat:3, Licht: 0,30614,3,6,0,03,15,3,0,0,0,1,0,0,0,1
"POINT (6.956864420000045 51.417395269000053)",Unfall 30615 (2024) Kat:3, Licht: 2,30615,3,7,1,03,01,3,0,2,0,1,0,0,0,0
"POINT (7.004505984000048 51.434122151000054)",Unfall 30616 (2024) Kat:3, Licht: 0,30616,3,3,5,03,16,3,0,0,0,1,0,1,0,0
"POINT (6.924783791000038 51.487678823000067)",Unfall 30708 (2024) Kat:3, Licht: 0,30708,3,3,5,03,16,2,0,0,0,1,0,0,0,0
"POINT (7.090723518000061 51.392875405000041)",Unfall 30709 (2024) Kat:2, Licht: 0,30709,2,2,4,03,12,2,0,0,1,1,0,0,0,0
"POINT (7.085493843000052 51.467796979000070)",Unfall 30710 (2024) Kat:3, Licht: 0,30710,3,7,0,03,07,2,1,0,1,0,0,0,0,0
"POINT (7.033873104000065 51.442667127000050)",Unfall 30711 (2024) Kat:3, Licht: 0,30711,3,6,2,03,12,2,0,0,0,1,0,0,1,0
"POINT (7.005483044000073 51.507439808000072)",Unfall 30719 (2024) Kat:3, Licht: 0,30719,3,6,2,03,16,2,0,0,0,1,0,0,0,0
"POINT (6.976532603000067 51.461408908000067)",Unfall 30838 (2024) Kat:3, Licht: 2,30838,3,2,6,03,21,7,0,2,0,1,1,0,0,0
"POINT (6.974236111000039 51.415482442000041)",Unfall 30839 (2024) Kat:3, Licht: 2,30839,3,1,0,03,02,7,0,2,0,0,0,0,0,1
"POINT (7.031870477000041 51.444165021000060)",Unfall 30840 (2024) Kat:2, Licht: 2,30840,2,1,9,03,01,7,0,2,0,1,0,0,0,0
"POINT (6.963948150000022 51.453340000000026)",Unfall 30928 (2024) Kat:3, Licht: 0,30928,3,6,3,03,16,6,1,0,0,1,0,0,0,1
"POINT (7.029700186000071 51.459846335000066)",Unfall 30930 (2024) Kat:3, Licht: 0,30930,3,3,5,03,12,6,0,0,0,1,0,0,0,0
"POINT (7.007196057000044 51.447940735000032)",Unfall 30932 (2024) Kat:3, Licht: 2,30932,3,3,5,03,23,6,1,2,0,1,0,1,0,0