WKT,Name,OBJECTID,UKATEGORIE,UTYP1,UART,UMONAT,USTUNDE,UWOCHENTAG,STRZUSTAND,ULICHTVERH,ISTRAD,ISTPKW,ISTFUSS,ISTKRAD,ISTGKFZ,ISTSONSTIG
"POINT (7.017262827000025 51.464016022000067)",Unfall 30934 (2024) Kat:2, Licht: 2,30934,2,6,2,03,22,6,1,2,0,1,0,0,0,0
"POINT (6.994047542000033 51.446060789000057)",Unfall 30939 (2024) Kat:3, Licht: 0,30939,3,7,2,03,09,6,0,0,0,1,0,0,0,0
"POINT (7.018337358000053 51.469860045000075)",Unfall 31050 (2024) Kat:3, Licht: 0,31050,3,3,5,03,11,5,0,0,0,1,0,0,0,0
"POINT (7.030440600000077 51.461345874000074)",Unfall 31051 (2024) Kat:3, Licht: 0,31051,3,6,3,03,16,5,0,0,0,1,0,0,0,0
"POINT (7.011384250000049 51.449926222000045)",Unfall 31058 (2024) Kat:3, Licht: 0,31058,3,6,2,03,15,5,0,0,0,1,0,0,0,0
"POINT (6.979415432000053 51.484142936000069)",Unfall 31270 (2024) Kat:3, Licht: 0,31270,3,3,5,03,09,3,1,0,1,1,0,0,0,0
"POINT (7.007119504000059 51.510874506000050)",Unfall 31271 (2024) Kat:3, Licht: 0,31271,3,6,2,03,14,3,0,0,0,1,0,0,0,0
"POINT (6.991009958000063 51.454235931000028)",Unfall 31272 (2024) Kat:3, Licht: 2,31272,3,6,3,03,19,3,0,2,0,1,0,0,0,0
"POINT (6.934170776000030 51.487012037000056)",Unfall 31385 (2024) Kat:3, Licht: 1,31385,3,3,5,03,17,2,1,1,0,1,0,0,0,0
"POINT (6.898420932000022 51.480957384000078)",Unfall 31386 (2024) Kat:3, Licht: 0,31386,3,1,0,03,09,2,1,0,1,0,0,0,0,0
"POINT (6.996601081000051 51.413995871000054)",Unfall 31388 (2024) Kat:3, Licht: 0,31388,3,1,1,03,08,2,1,0,0,1,0,0,0,0
"POINT (7.034869431000061 51.449269183000069)",Unfall 31389 (2024) Kat:3, Licht: 0,31389,3,7,0,03,16,2,1,0,0,1,0,0,0,1
"POINT (6.988890577000063 51.453525294000030)",Unfall 31390 (2024) Kat:3, Licht: 0,31390,3,2,4,03,11,2,1,0,0,1,0,0,0,0
"POINT (7.032738049000045 51.459162536000065)",Unfall 31391 (2024) Kat:3, Licht: 0,31391,3,2,6,03,12,2,0,0,0,1,1,0,0,0
"POINT (6.977801767000074 51.461230052000076)",Unfall 31459 (2024) Kat:3, Licht: 0,31459,3,6,1,03,13,1,0,0,0,1,0,0,0,0
"POINT (7.007125039000073 51.469682789000046)",Unfall 31490 (2024) Kat:3, Licht: 0,31490,3,7,5,03,16,5,0,0,0,1,0,0,0,0
"POINT (7.004633042000023 51.458281186000079)",Unfall 31557 (2024) Kat:3, Licht: 0,31557,3,7,3,03,16,7,0,0,0,1,0,1,0,0
"POINT (7.021910224000067 51.381729818000053)",Unfall 31564 (2024) Kat:3, Licht: 0,31564,3,2,5,04,15,4,0,0,0,1,0,0,0,0
"POINT (7.078236740000023 51.467194650000067)",Unfall 31565 (2024) Kat:3, Licht: 2,31565,3,7,8,04,23,4,0,2,0,0,0,0,0,1
"POINT (7.036233293000066 51.448760160000063)",Unfall 31566 (2024) Kat:3, Licht: 0,31566,3,3,0,04,15,4,0,0,0,0,0,1,0,1
"POINT (6.931593127000042 51.353785159000040)",Unfall 31648 (2024) Kat:3, Licht: 0,31648,3,6,3,04,17,3,0,0,1,1,0,0,0,0
"POINT (7.004522429000076 51.460183572000062)",Unfall 31649 (2024) Kat:2, Licht: 0,31649,2,3,5,04,16,3,0,0,1,1,0,0,0,0
"POINT (6.988017892000073 51.452475958000036)",Unfall 31736 (2024) Kat:3, Licht: 0,31736,3,3,5,04,11,2,0,0,0,1,0,0,0,1
"POINT (7.004807678000020 51.448289467000052)",Unfall 31749 (2024) Kat:3, Licht: 0,31749,3,6,2,04,16,2,0,0,0,1,0,0,0,0
"POINT (7.006201191000059 51.388437278000026)",Unfall 31834 (2024) Kat:3, Licht: 2,31834,3,7,2,04,00,1,0,2,0,1,0,1,0,0
"POINT (6.975839668000049 51.446207659000038)",Unfall 31835 (2024) Kat:3, Licht: 2,31835,3,7,1,04,04,1,0,2,0,1,0,0,0,1
"POINT (7.042258216000050 51.425665173000027)",Unfall 31836 (2024) Kat:3, Licht: 0,31836,3,6,3,04,12,1,0,0,0,1,0,0,0,0
"POINT (7.008356285000048 51.507607663000044)",Unfall 31918 (2024) Kat:3, Licht: 0,31918,3,6,2,04,17,2,0,0,0,1,0,0,0,0
"POINT (7.033858377000058 51.442652268000074)",Unfall 31939 (2024) Kat:3, Licht: 0,31939,3,2,5,04,16,7,0,0,0,1,0,0,0,0
"POINT (6.997081457000036 51.458798918000070)",Unfall 31940 (2024) Kat:3, Licht: 0,31940,3,7,0,04,17,7,0,0,0,0,0,1,0,0
"POINT (7.010210172000029 51.493658756000059)",Unfall 32033 (2024) Kat:3, Licht: 0,32033,3,6,2,04,15,6,1,0,0,1,0,0,0,0
"POINT (6.980484390000072 51.436269691000064)",Unfall 32034 (2024) Kat:3, Licht: 0,32034,3,1,0,04,10,6,1,0,0,0,0,1,0,0
"POINT (6.964082167000072 51.451334627000051)",Unfall 32035 (2024) Kat:3, Licht: 0,32035,3,6,2,04,17,6,0,0,0,1,0,0,0,0
"POINT (6.988775033000024 51.459641082000076)",Unfall 32036 (2024) Kat:3, Licht: 2,32036,3,7,0,04,06,6,0,2,0,0,0,0,0,1
"POINT (7.048783179000054 51.457989037000061)",Unfall 32040 (2024) Kat:3, Licht: 0,32040,3,6,2,04,10,6,0,0,0,1,0,0,0,0
"POINT (7.000360907000072 51.483419085000037)",Unfall 32103 (2024) Kat:3, Licht: 0,32103,3,3,4,04,12,5,1,0,0,1,0,0,0,1
"POINT (7.074746957000059 51.466933356000027)",Unfall 32104 (2024) Kat:3, Licht: 0,32104,3,3,5,04,17,5,1,0,0,1,0,0,0,0
"POINT (7.007037361000073 51.454235426000082)",Unfall 32105 (2024) Kat:3, Licht: 1,32105,3,3,0,04,07,5,1,1,1,1,0,0,0,0
"POINT (7.024756024000055 51.451181631000054)",Unfall 32111 (2024) Kat:3, Licht: 2,32111,3,1,9,04,22,5,0,2,0,1,0,0,0,0
"POINT (6.992886205000048 51.413241503000052)",Unfall 32186 (2024) Kat:3, Licht: 0,32186,3,3,0,04,18,4,0,0,0,0,0,1,0,1
"POINT (7.038183207000031 51.439499992000037)",Unfall 32187 (2024) Kat:3, Licht: 0,32187,3,6,2,04,16,4,0,0,0,1,0,0,0,0
"POINT (7.022306545000049 51.443529357000045)",Unfall 32188 (2024) Kat:3, Licht: 2,32188,3,1,8,04,00,4,1,2,0,1,0,0,0,0
"POINT (7.017095040000072 51.454615069000056)",Unfall 32189 (2024) Kat:3, Licht: 0,32189,3,7,0,04,08,4,1,0,0,1,0,0,0,0
"POINT (7.043660511000041 51.454996054000048)",Unfall 32193 (2024) Kat:2, Licht: 2,32193,2,6,8,04,21,4,1,2,0,1,0,0,0,0
"POINT (7.033973705000051 51.449602150000032)",Unfall 32220 (2024) Kat:3, Licht: 0,32220,3,4,6,04,16,3,0,0,0,1,1,0,0,0
"POINT (7.063648627000020 51.488314402000071)",Unfall 32288 (2024) Kat:2, Licht: 0,32288,2,2,6,04,09,3,0,0,0,1,1,0,0,0
"POINT (7.015324462000024 51.461008357000026)",Unfall 32289 (2024) Kat:3, Licht: 0,32289,3,3,5,04,16,3,1,0,0,0,0,0,0,1
"POINT (7.033491477000041 51.453083533000040)",Unfall 32290 (2024) Kat:3, Licht: 0,32290,3,6,2,04,15,3,1,0,0,1,0,0,0,1
"POINT (6.951925187000029 51.495178129000067)",Unfall 32466 (2024) Kat:3, Licht: 0,32466,3,3,5,03,10,7,0,0,0,1,0,0,0,0
"POINT (6.978258127000061 51.440904170000067)",Unfall 32467 (2024) Kat:3, Licht: 2,32467,3,1,0,03,19,7,0,2,0,0,0,0,0,1
"POINT (7.020893213000022 51.468231609000043)",Unfall 32468 (2024) Kat:2, Licht: 0,32468,2,7,0,04,18,4,0,0,0,1,0,0,0,1
"POINT (7.079700043000059 51.465436768000075)",Unfall 32469 (2024) Kat:3, Licht: 0,32469,3,7,6,03,18,7,0,0,0,1,1,0,0,0
"POINT (7.078269783000053 51.459549676000051)",Unfall 32470 (2024) Kat:3, Licht: 0,32470,3,2,5,03,18,7,0,0,0,1,0,0,0,0
"POINT (7.025040120000028 51.451293712000052)",Unfall 32474 (2024) Kat:2, Licht: 2,32474,2,7,1,03,03,7,1,2,0,1,0,0,0,1
"POINT (6.962779172000069 51.462218446000065)",Unfall 32558 (2024) Kat:3, Licht: 0,32558,3,7,0,04,13,4,1,0,0,0,0,1,0,0
"POINT (6.911676593000038 51.475991602000079)",Unfall 32576 (2024) Kat:3, Licht: 0,32576,3,4,6,03,11,5,1,0,0,1,1,0,0,0
"POINT (7.074194513000066 51.406849171000033)",Unfall 32578 (2024) Kat:3, Licht: 0,32578,3,2,3,03,09,5,1,0,0,1,0,0,0,1
"POINT (6.980500589000030 51.412178495000035)",Unfall 32579 (2024) Kat:2, Licht: 1,32579,2,2,5,03,06,5,0,1,0,1,0,0,0,1
"POINT (6.979258585000025 51.434693682000045)",Unfall 32687 (2024) Kat:3, Licht: 0,32687,3,1,0,04,14,3,1,0,1,0,0,0,0,0
"POINT (6.974708807000070 51.415325224000071)",Unfall 32700 (2024) Kat:3, Licht: 0,32700,3,6,0,04,16,3,0,0,1,1,0,0,0,0
"POINT (6.979031523000060 51.469518467000057)",Unfall 32720 (2024) Kat:2, Licht: 0,32720,2,7,0,04,14,5,0,0,0,1,0,0,0,1
"POINT (7.008680791000074 51.525553705000050)",Unfall 32749 (2024) Kat:3, Licht: 0,32749,3,1,2,03,14,3,0,0,0,1,0,0,0,0
"POINT (7.004258119000042 51.459139549000042)",Unfall 32750 (2024) Kat:3, Licht: 0,32750,3,6,0,03,18,3,0,0,0,1,0,0,0,1
"POINT (7.079881626000031 51.464730615000065)",Unfall 32785 (2024) Kat:3, Licht: 2,32785,3,6,2,03,23,4,0,2,0,1,0,0,0,0
"POINT (6.940200173000051 51.462406181000063)",Unfall 32862 (2024) Kat:3, Licht: 0,32862,3,3,5,03,06,2,1,0,0,1,0,0,0,0
"POINT (7.012226115000033 51.388818720000074)",Unfall 32863 (2024) Kat:3, Licht: 0,32863,3,7,6,03,16,2,0,0,0,1,1,0,0,0
"POINT (7.078290688000038 51.442353009000044)",Unfall 32866 (2024) Kat:3, Licht: 1,32866,3,7,0,03,07,2,0,1,1,0,1,0,0,0
"POINT (6.987156520000042 51.465825194000047)",Unfall 32867 (2024) Kat:3, Licht: 0,32867,3,7,0,03,15,2,0,0,1,0,0,0,0,1
"POINT (7.015048235000052 51.460276732000068)",Unfall 32869 (2024) Kat:3, Licht: 0,32869,3,7,0,03,14,2,0,0,0,0,0,0,0,1
"POINT (7.039081292000049 51.450461654000037)",Unfall 32887 (2024) Kat:3, Licht: 0,32887,3,6,2,04,16,1,0,0,0,1,0,0,0,0
"POINT (7.007297621000021 51.508662090000030)",Unfall 32925 (2024) Kat:3, Licht: 0,32925,3,4,6,03,10,1,0,0,1,0,1,0,0,0
"POINT (7.003272671000047 51.447333384000046)",Unfall 32937 (2024) Kat:3, Licht: 0,32937,3,2,5,03,18,1,1,0,0,1,0,0,0,0
"POINT (7.037134978000040 51.446044951000033)",Unfall 32938 (2024) Kat:3, Licht: 0,32938,3,6,2,03,13,1,1,0,0,1,0,0,0,0
"POINT (7.016648127000053 51.450534649000076)",Unfall 32940 (2024) Kat:3, Licht: 2,32940,3,7,6,04,06,2,0,2,0,1,1,0,0,0
"POINT (6.981120170000054 51.476541385000075)",Unfall 33011 (2024) Kat:3, Licht: 0,33011,3,4,6,03,15,7,1,0,0,0,1,0,0,1
"POINT (7.017040503000032 51.450637523000069)",Unfall 33012 (2024) Kat:3, Licht: 0,33012,3,3,5,03,17,7,0,0,0,1,0,0,0,0
"POINT (7.044610980000073 51.469677901000068)",Unfall 33115 (2024) Kat:3, Licht: 2,33115,3,2,5,03,23,6,0,2,0,1,0,0,0,0
"POINT (6.976541682000061 51.479080307000061)",Unfall 33116 (2024) Kat:3, Licht: 0,33116,3,2,6,03,12,6,1,0,0,1,1,0,0,0
"POINT (6.971106135000070 51.449224901000036)",Unfall 33118 (2024) Kat:3, Licht: 0,33118,3,7,0,03,13,6,1,0,0,0,0,1,0,0
"POINT (7.087387583000066 51.445028438000065)",Unfall 33119 (2024) Kat:3, Licht: 2,33119,3,6,2,03,21,6,1,2,0,1,0,0,0,0
"POINT (7.005355961000021 51.456933954000078)",Unfall 33120 (2024) Kat:3, Licht: 2,33120,3,3,5,03,22,6,1,2,0,1,0,0,0,0
"POINT (6.979567279000037 51.444024374000037)",Unfall 33127 (2024) Kat:3, Licht: 0,33127,3,6,2,03,14,6,0,0,0,1,0,0,0,0
"POINT (7.006201191000059 51.388437278000026)",Unfall 33239 (2024) Kat:3, Licht: 0,33239,3,6,1,05,17,4,0,0,0,1,0,0,0,0
"POINT (6.996779678000053 51.392466785000067)",Unfall 33240 (2024) Kat:3, Licht: 0,33240,3,6,2,05,17,4,0,0,0,1,0,0,0,1
"POINT (7.017236916000058 51.378049787000066)",Unfall 33342 (2024) Kat:3, Licht: 0,33342,3,2,5,04,17,3,0,0,1,1,0,0,0,0
"POINT (7.054405490000022 51.466890969000076)",Unfall 33343 (2024) Kat:3, Licht: 1,33343,3,2,5,04,05,3,0,1,0,1,0,0,0,0
"POINT (7.030289913000047 51.445403501000044)",Unfall 33344 (2024) Kat:3, Licht: 0,33344,3,7,0,04,13,3,0,0,0,1,0,0,0,0
"POINT (7.017978609000068 51.465318542000034)",Unfall 33345 (2024) Kat:3, Licht: 0,33345,3,1,2,04,12,3,0,0,0,1,0,0,0,0
"POINT (7.032738049000045 51.459162536000065)",Unfall 33346 (2024) Kat:2, Licht: 0,33346,2,7,5,04,18,3,0,0,0,1,0,0,0,0
"POINT (6.977772642000048 51.476344085000051)",Unfall 33478 (2024) Kat:3, Licht: 0,33478,3,2,5,04,10,2,0,0,0,1,0,0,0,0
"POINT (7.000275521000049 51.387482018000071)",Unfall 33479 (2024) Kat:2, Licht: 0,33479,2,1,0,04,12,2,0,0,1,0,0,0,0,0
"POINT (7.071154518000071 51.467443359000072)",Unfall 33480 (2024) Kat:3, Licht: 0,33480,3,3,0,04,14,2,0,0,0,1,0,0,0,1
"POINT (7.015674531000059 51.456674008000050)",Unfall 33481 (2024) Kat:3, Licht: 0,33481,3,7,2,04,09,2,0,0,0,1,0,0,0,1
"POINT (6.974886189000074 51.449581529000056)",Unfall 33623 (2024) Kat:2, Licht: 0,33623,2,7,6,04,16,7,0,0,0,1,1,0,0,0
"POINT (6.993434550000075 51.454670109000062)",Unfall 33624 (2024) Kat:3, Licht: 0,33624,3,3,5,04,15,7,0,0,0,1,0,0,0,0
"POINT (7.017343052000058 51.471484828000030)",Unfall 33704 (2024) Kat:3, Licht: 0,33704,3,3,0,04,18,6,0,0,0,1,0,0,0,0
"POINT (7.007501250000075 51.508833481000067)",Unfall 33705 (2024) Kat:3, Licht: 0,33705,3,3,5,04,07,6,1,0,0,1,0,0,0,0
"POINT (6.940322324000022 51.485410525000077)",Unfall 33707 (2024) Kat:3, Licht: 0,33707,3,7,0,04,07,6,1,0,0,0,0,0,0,1
"POINT (6.906779565000022 51.473691667000026)",Unfall 33708 (2024) Kat:3, Licht: 0,33708,3,7,5,04,17,6,0,0,0,1,0,1,0,0
"POINT (7.005166177000035 51.459285038000075)",Unfall 33709 (2024) Kat:3, Licht: 2,33709,3,1,0,04,03,6,1,2,0,0,0,0,0,1
"POINT (7.078733170000021 51.462419978000071)",Unfall 33710 (2024) Kat:3, Licht: 0,33710,3,2,6,04,12,6,0,0,0,1,1,0,0,0
"POINT (7.038219463000075 51.439484761000074)",Unfall 33885 (2024) Kat:3, Licht: 0,33885,3,1,2,04,12,4,0,0,0,1,0,0,0,0
"POINT (7.041801285000076 51.437995010000066)",Unfall 33886 (2024) Kat:3, Licht: 0,33886,3,6,2,04,11,4,1,0,0,1,0,0,1,0
"POINT (7.083468792000076 51.444865524000079)",Unfall 33887 (2024) Kat:3, Licht: 0,33887,3,6,1,04,07,4,0,0,0,1,0,0,0,0
"POINT (7.102851943000076 51.472393964000048)",Unfall 33893 (2024) Kat:3, Licht: 0,33893,3,1,9,04,18,4,1,0,0,1,0,0,0,0
"POINT (7.019832464000046 51.461389443000030)",Unfall 33996 (2024) Kat:3, Licht: 2,33996,3,2,3,04,05,3,0,2,1,0,0,0,0,1
"POINT (6.979868885000030 51.482352742000046)",Unfall 34062 (2024) Kat:3, Licht: 0,34062,3,1,1,04,16,2,1,0,0,1,0,0,0,0
"POINT (7.048152737000066 51.492249251000032)",Unfall 34063 (2024) Kat:3, Licht: 2,34063,3,1,8,04,03,2,0,2,0,1,0,0,0,0
"POINT (6.954760020000037 51.462980683000069)",Unfall 34064 (2024) Kat:3, Licht: 0,34064,3,7,0,04,16,2,1,0,0,0,1,0,0,1
"POINT (7.001341608000075 51.450961087000053)",Unfall 34066 (2024) Kat:3, Licht: 0,34066,3,6,2,04,12,2,0,0,0,1,0,0,0,0
"POINT (7.004666675000067 51.445990398000049)",Unfall 34067 (2024) Kat:3, Licht: 0,34067,3,1,6,04,16,2,1,0,0,1,1,0,0,0
"POINT (6.959674647000043 51.470094715000073)",Unfall 34113 (2024) Kat:3, Licht: 0,34113,3,1,8,04,10,1,0,0,0,1,0,0,0,0
"POINT (6.982811243000071 51.449520263000068)",Unfall 34114 (2024) Kat:3, Licht: 2,34114,3,7,0,04,19,1,0,2,0,0,0,0,0,1
"POINT (6.989859130000070 51.383147340000050)",Unfall 34141 (2024) Kat:3, Licht: 2,34141,3,1,1,04,22,7,0,2,0,1,0,0,0,0
"POINT (7.066372210000054 51.464053531000047)",Unfall 34204 (2024) Kat:3, Licht: 0,34204,3,6,8,04,19,7,1,0,0,1,0,0,0,0
"POINT (7.048437418000049 51.497674217000053)",Unfall 34288 (2024) Kat:3, Licht: 0,34288,3,2,6,04,11,6,1,0,0,1,1,0,0,0
"POINT (6.984359648000066 51.475789070000076)",Unfall 34289 (2024) Kat:3, Licht: 0,34289,3,2,5,04,15,6,1,0,1,1,0,0,0,0
"POINT (6.976541682000061 51.479080307000061)",Unfall 34290 (2024) Kat:3, Licht: 0,34290,3,2,6,04,08,6,1,0,0,1,1,0,0,0
"POINT (7.030711643000075 51.444894067000064)",Unfall 34291 (2024) Kat:3, Licht: 0,34291,3,7,9,04,16,6,1,0,0,1,0,0,0,0
"POINT (7.024145970000063 51.447438614000077)",Unfall 34292 (2024) Kat:3, Licht: 0,34292,3,6,2,04,18,6,0,0,0,1,0,0,0,1
"POINT (7.030221432000076 51.437180977000025)",Unfall 34300 (2024) Kat:3, Licht: 0,34300,3,6,2,04,15,6,1,0,0,1,0,0,0,1
"POINT (7.004519249000055 51.448157296000034)",Unfall 34301 (2024) Kat:3, Licht: 2,34301,3,6,2,04,12,6,1,2,0,1,0,0,1,0
"POINT (7.007280259000026 51.508800973000064)",Unfall 34392 (2024) Kat:3, Licht: 0,34392,3,3,5,04,15,5,0,0,0,1,0,0,0,1
"POINT (6.972311144000059 51.475139567000042)",Unfall 34394 (2024) Kat:3, Licht: 0,34394,3,4,6,04,16,5,0,0,0,1,1,0,0,0
"POINT (7.010574652000059 51.460979650000070)",Unfall 34442 (2024) Kat:3, Licht: 0,34442,3,3,5,04,18,5,0,0,0,1,0,0,0,1
"POINT (6.947421303000056 51.463483730000064)",Unfall 34456 (2024) Kat:3, Licht: 0,34456,3,2,5,04,14,6,1,0,0,1,0,0,0,0
"POINT (7.074928428000021 51.450188965000052)",Unfall 34472 (2024) Kat:3, Licht: 0,34472,3,4,6,04,11,5,0,0,0,1,1,0,0,0
"POINT (7.008996964000062 51.484149290000062)",Unfall 34503 (2024) Kat:3, Licht: 2,34503,3,7,0,04,02,4,0,2,0,0,0,0,0,1
"POINT (7.002179020000028 51.448124115000041)",Unfall 34504 (2024) Kat:3, Licht: 0,34504,3,3,5,04,11,4,1,0,0,1,0,0,0,0
"POINT (6.948414347000039 51.482202037000036)",Unfall 34609 (2024) Kat:3, Licht: 0,34609,3,2,4,04,07,3,1,0,0,1,0,1,0,0
"POINT (6.964704073000064 51.458243160000052)",Unfall 34610 (2024) Kat:3, Licht: 1,34610,3,7,0,04,21,3,1,1,0,0,0,0,0,1
"POINT (7.088969812000073 51.421412108000027)",Unfall 34611 (2024) Kat:3, Licht: 0,34611,3,6,2,04,10,3,1,0,0,1,0,0,0,0
"POINT (7.002834453000048 51.436999705000062)",Unfall 34612 (2024) Kat:3, Licht: 2,34612,3,1,9,04,05,3,1,2,0,1,0,0,0,0
"POINT (7.081214903000046 51.460332437000034)",Unfall 34613 (2024) Kat:3, Licht: 0,34613,3,2,6,04,16,3,1,0,0,1,1,0,0,0
"POINT (7.111214625000059 51.471626379000043)",Unfall 34649 (2024) Kat:3, Licht: 0,34649,3,6,2,04,07,3,1,0,0,1,0,0,0,1
"POINT (6.952593156000034 51.494472989000030)",Unfall 34732 (2024) Kat:3, Licht: 2,34732,3,1,8,04,21,2,0,2,0,1,0,0,0,0
"POINT (6.978174335000062 51.475352507000082)",Unfall 34733 (2024) Kat:3, Licht: 0,34733,3,1,1,04,09,2,0,0,0,1,0,0,0,1
"POINT (7.039350887000069 51.424770219000038)",Unfall 34734 (2024) Kat:3, Licht: 0,34734,3,3,0,04,11,2,0,0,1,1,0,0,0,0
"POINT (7.056504590000031 51.423651990000053)",Unfall 34735 (2024) Kat:3, Licht: 2,34735,3,6,2,04,00,2,1,2,0,1,0,0,0,0
"POINT (7.055576024000061 51.432308637000062)",Unfall 34741 (2024) Kat:3, Licht: 0,34741,3,1,2,04,16,3,1,0,0,1,0,0,0,0
"POINT (7.011512949000064 51.530021265000073)",Unfall 34836 (2024) Kat:3, Licht: 2,34836,3,1,0,04,22,1,0,2,0,1,1,0,0,0
"POINT (6.988017892000073 51.452475958000036)",Unfall 34837 (2024) Kat:3, Licht: 0,34837,3,2,5,04,16,1,0,0,0,1,0,0,0,0
"POINT (7.004579325000066 51.459901117000072)",Unfall 34838 (2024) Kat:3, Licht: 0,34838,3,6,0,04,13,1,0,0,0,1,0,1,0,0
"POINT (7.076207850000060 51.444199867000066)",Unfall 34975 (2024) Kat:3, Licht: 0,34975,3,7,0,04,16,7,0,0,1,1,0,0,0,0
"POINT (7.050582268000028 51.503416731000073)",Unfall 35001 (2024) Kat:2, Licht: 0,35001,2,7,0,04,14,3,0,0,1,0,0,0,0,0
"POINT (6.965056452000056 51.449873744000058)",Unfall 35101 (2024) Kat:3, Licht: 0,35101,3,7,1,04,12,7,1,0,0,1,0,0,0,0
"POINT (6.951155925000023 51.487270523000063)",Unfall 35130 (2024) Kat:3, Licht: 0,35130,3,7,0,04,14,6,0,0,0,0,1,0,0,1
"POINT (6.999925868000048 51.474070809000068)",Unfall 35131 (2024) Kat:3, Licht: 0,35131,3,3,0,04,14,6,0,0,0,1,0,0,0,1
"POINT (7.109041927000021 51.442770981000081)",Unfall 35190 (2024) Kat:3, Licht: 0,35190,3,4,6,04,14,5,0,0,0,1,1,0,0,0
"POINT (7.060868328000026 51.488060981000046)",Unfall 35200 (2024) Kat:3, Licht: 2,35200,3,7,8,04,02,7,0,2,0,1,0,0,0,1
"POINT (6.959665917000052 51.477083278000066)",Unfall 35271 (2024) Kat:3, Licht: 0,35271,3,3,3,04,12,5,0,0,0,1,0,0,0,1
"POINT (7.031792567000025 51.444102588000078)",Unfall 35272 (2024) Kat:3, Licht: 0,35272,3,7,6,04,10,5,0,0,0,1,1,0,0,0
"POINT (7.030730095000024 51.450768216000029)",Unfall 35273 (2024) Kat:3, Licht: 0,35273,3,1,0,04,11,5,0,0,1,0,0,0,0,0
"POINT (7.053276910000022 51.491793439000048)",Unfall 35274 (2024) Kat:3, Licht: 0,35274,3,3,4,04,07,5,0,0,0,1,0,0,0,1
"POINT (7.031803169000057 51.444111085000031)",Unfall 35306 (2024) Kat:3, Licht: 0,35306,3,3,5,04,08,2,0,0,0,1,0,0,0,1
"POINT (7.074929635000046 51.450188688000026)",Unfall 35360 (2024) Kat:3, Licht: 0,35360,3,2,5,04,15,7,0,0,0,1,0,0,0,0
"POINT (6.943293924000045 51.462777737000067)",Unfall 35474 (2024) Kat:3, Licht: 0,35474,3,7,0,05,13,1,0,0,0,1,1,0,0,0
"POINT (7.009883230000071 51.496017220000056)",Unfall 35571 (2024) Kat:2, Licht: 0,35571,2,1,8,05,06,7,0,0,0,1,0,0,0,0
"POINT (6.951871224000058 51.495217295000032)",Unfall 35572 (2024) Kat:3, Licht: 0,35572,3,3,5,05,15,7,0,0,0,1,0,0,0,1
"POINT (7.034899518000032 51.449257998000064)",Unfall 35573 (2024) Kat:3, Licht: 2,35573,3,7,0,05,02,7,0,2,0,1,0,0,0,0
"POINT (7.082167580000032 51.394837433000077)",Unfall 35611 (2024) Kat:3, Licht: 0,35611,3,6,3,05,11,1,0,0,0,1,0,1,0,0
"POINT (7.003486168000052 51.479029746000037)",Unfall 35669 (2024) Kat:3, Licht: 0,35669,3,1,2,05,15,6,0,0,0,1,0,1,0,0
"POINT (6.929431615000055 51.464835528000037)",Unfall 35670 (2024) Kat:3, Licht: 0,35670,3,7,1,05,15,6,0,0,0,1,0,0,0,0
"POINT (6.932324540000025 51.372757672000034)",Unfall 35671 (2024) Kat:3, Licht: 2,35671,3,3,5,05,22,6,0,2,0,1,0,0,0,0
"POINT (7.022242066000047 51.388013609000041)",Unfall 35672 (2024) Kat:3, Licht: 0,35672,3,7,0,05,19,6,0,0,0,0,0,1,0,0
"POINT (6.957413176000045 51.401023175000034)",Unfall 35673 (2024) Kat:3, Licht: 0,35673,3,3,5,05,13,6,0,0,1,1,0,0,0,0
"POINT (7.015358095000067 51.461105855000028)",Unfall 35674 (2024) Kat:3, Licht: 0,35674,3,3,5,05,11,6,0,0,0,1,0,0,0,0
"POINT (7.068652259000032 51.449351169000067)",Unfall 35782 (2024) Kat:2, Licht: 0,35782,2,1,0,05,17,5,0,0,1,0,0,0,0,0
"POINT (6.929431615000055 51.464835528000037)",Unfall 35783 (2024) Kat:3, Licht: 0,35783,3,6,1,05,11,5,0,0,0,1,0,1,0,0
"POINT (7.068863338000028 51.489902400000062)",Unfall 35884 (2024) Kat:3, Licht: 0,35884,3,3,5,05,15,7,0,0,0,1,0,0,0,0
"POINT (6.974264887000061 51.415472735000037)",Unfall 35899 (2024) Kat:3, Licht: 1,35899,3,3,5,05,05,4,0,1,0,1,0,0,0,0
"POINT (7.033667977000050 51.459408852000081)",Unfall 35900 (2024) Kat:3, Licht: 0,35900,3,7,0,05,19,4,0,0,1,1,0,0,0,0
"POINT (7.037132518000021 51.446036003000074)",Unfall 35903 (2024) Kat:3, Licht: 0,35903,3,6,2,05,11,4,0,0,0,1,0,0,0,0
"POINT (7.119085576000032 51.416521746000058)",Unfall 36013 (2024) Kat:3, Licht: 0,36013,3,4,6,05,07,3,0,0,0,1,1,0,0,0
"POINT (7.028937565000035 51.451837551000040)",Unfall 36014 (2024) Kat:3, Licht: 0,36014,3,4,6,05,10,3,0,0,0,0,1,0,0,1
"POINT (7.031215264000025 51.450627936000046)",Unfall 36015 (2024) Kat:3, Licht: 1,36015,3,7,0,05,06,3,1,1,0,0,0,1,0,0