WKT,Name,OBJECTID,UKATEGORIE,UTYP1,UART,UMONAT,USTUNDE,UWOCHENTAG,STRZUSTAND,ULICHTVERH,ISTRAD,ISTPKW,ISTFUSS,ISTKRAD,ISTGKFZ,ISTSONSTIG
"POINT (7.000360907000072 51.483419085000037)",Unfall 36104 (2024) Kat:3, Licht: 0,36104,3,6,2,05,18,2,1,0,0,1,0,0,0,1
"POINT (6.968778607000047 51.461355504000039)",Unfall 36105 (2024) Kat:3, Licht: 0,36105,3,7,6,05,09,2,0,0,0,0,1,0,0,1
"POINT (6.980187509000075 51.460672789000057)",Unfall 36174 (2024) Kat:3, Licht: 0,36174,3,2,3,05,12,7,0,0,0,1,0,0,0,1
"POINT (7.085923220000041 51.467369211000062)",Unfall 36222 (2024) Kat:3, Licht: 0,36222,3,2,3,05,17,1,0,0,0,1,0,1,0,0
"POINT (7.058368442000074 51.483718085000078)",Unfall 36297 (2024) Kat:3, Licht: 2,36297,3,6,3,05,22,7,1,2,0,1,0,0,0,0
"POINT (7.007220622000034 51.517743110000026)",Unfall 36298 (2024) Kat:3, Licht: 2,36298,3,2,6,05,21,7,1,2,0,1,1,0,0,0
"POINT (7.018854366000028 51.442859171000066)",Unfall 36299 (2024) Kat:3, Licht: 0,36299,3,7,0,05,18,7,1,0,0,0,0,1,0,0
"POINT (7.065319295000052 51.477685045000044)",Unfall 36400 (2024) Kat:3, Licht: 2,36400,3,1,8,05,01,6,1,2,1,0,0,0,0,0
"POINT (7.061789971000053 51.418806508000046)",Unfall 36401 (2024) Kat:3, Licht: 0,36401,3,1,1,05,19,6,0,0,0,1,0,0,0,0
"POINT (7.050145850000035 51.446235545000036)",Unfall 36402 (2024) Kat:3, Licht: 0,36402,3,1,1,05,15,6,0,0,0,1,0,0,0,1
"POINT (7.044839431000071 51.468134970000051)",Unfall 36473 (2024) Kat:3, Licht: 1,36473,3,1,6,05,20,1,0,1,0,1,1,0,0,0
"POINT (6.997608454000044 51.492662505000055)",Unfall 36524 (2024) Kat:3, Licht: 0,36524,3,2,4,05,13,5,0,0,0,1,0,0,0,0
"POINT (7.050550391000058 51.490380640000069)",Unfall 36525 (2024) Kat:3, Licht: 0,36525,3,1,0,05,11,5,0,0,0,1,0,0,0,0
"POINT (7.048595591000037 51.503572534000057)",Unfall 36526 (2024) Kat:3, Licht: 2,36526,3,7,5,05,00,5,0,2,0,1,0,0,0,0
"POINT (7.067883723000023 51.467609596000045)",Unfall 36527 (2024) Kat:3, Licht: 0,36527,3,7,6,05,11,5,0,0,1,0,1,0,0,0
"POINT (7.049706890000039 51.458427010000037)",Unfall 36533 (2024) Kat:3, Licht: 0,36533,3,6,2,05,13,5,0,0,0,1,0,0,0,0
"POINT (6.980187509000075 51.460672789000057)",Unfall 36688 (2024) Kat:3, Licht: 0,36688,3,2,5,05,07,1,0,0,0,1,0,0,0,0
"POINT (7.079701371000056 51.392739294000080)",Unfall 36689 (2024) Kat:3, Licht: 0,36689,3,7,5,05,15,1,0,0,1,0,0,0,0,0
"POINT (6.987156520000042 51.465825194000047)",Unfall 36690 (2024) Kat:3, Licht: 0,36690,3,7,0,05,15,1,0,0,1,0,0,0,0,0
"POINT (7.017471043000057 51.449946190000048)",Unfall 36691 (2024) Kat:3, Licht: 0,36691,3,1,9,05,20,1,1,0,0,1,0,0,0,0
"POINT (7.093104850000032 51.463534410000079)",Unfall 36759 (2024) Kat:3, Licht: 0,36759,3,2,5,05,17,7,0,0,0,1,0,0,0,1
"POINT (7.014374229000055 51.473315468000067)",Unfall 36855 (2024) Kat:3, Licht: 0,36855,3,6,4,05,18,6,1,0,0,1,0,0,0,0
"POINT (7.073134948000074 51.423199984000064)",Unfall 36856 (2024) Kat:3, Licht: 0,36856,3,2,5,05,15,6,0,0,0,1,0,0,0,0
"POINT (7.031129789000033 51.472711406000030)",Unfall 36961 (2024) Kat:3, Licht: 0,36961,3,7,0,05,13,5,0,0,0,1,0,1,0,0
"POINT (6.954342838000059 51.476430665000066)",Unfall 36962 (2024) Kat:3, Licht: 0,36962,3,3,5,05,14,5,0,0,0,0,0,0,0,1
"POINT (6.950334969000039 51.485808763000080)",Unfall 36963 (2024) Kat:3, Licht: 0,36963,3,3,5,05,15,5,0,0,1,1,0,0,0,0
"POINT (7.036880666000059 51.448522198000035)",Unfall 36964 (2024) Kat:3, Licht: 2,36964,3,4,6,05,21,5,0,2,0,1,1,0,0,0
"POINT (7.001156518000073 51.458903344000078)",Unfall 36965 (2024) Kat:3, Licht: 0,36965,3,7,0,05,16,5,0,0,0,1,0,1,0,0
"POINT (7.017910894000067 51.449488648000056)",Unfall 36966 (2024) Kat:3, Licht: 0,36966,3,3,5,05,17,5,0,0,0,1,0,0,0,0
"POINT (7.022073017000025 51.441165069000078)",Unfall 36967 (2024) Kat:3, Licht: 0,36967,3,6,0,05,15,5,0,0,0,1,0,1,0,0
"POINT (6.978884552000068 51.469979644000034)",Unfall 37044 (2024) Kat:3, Licht: 0,37044,3,3,5,05,08,4,0,0,0,1,0,0,0,0
"POINT (7.023023249000062 51.469075508000060)",Unfall 37045 (2024) Kat:3, Licht: 0,37045,3,2,6,05,10,4,0,0,0,1,1,0,0,0
"POINT (7.046462912000038 51.493541456000059)",Unfall 37155 (2024) Kat:3, Licht: 0,37155,3,4,6,05,16,3,0,0,0,1,1,0,0,0
"POINT (6.979571517000068 51.468425980000063)",Unfall 37156 (2024) Kat:3, Licht: 0,37156,3,4,6,05,18,3,1,0,0,1,1,0,0,0
"POINT (7.075980568000034 51.399530923000043)",Unfall 37157 (2024) Kat:3, Licht: 0,37157,3,3,5,05,11,3,0,0,1,1,0,0,0,0
"POINT (6.979434097000023 51.482625584000061)",Unfall 37252 (2024) Kat:3, Licht: 2,37252,3,2,5,05,00,2,0,2,0,1,0,0,0,0
"POINT (6.975223513000060 51.484176409000042)",Unfall 37253 (2024) Kat:3, Licht: 2,37253,3,2,5,05,23,2,0,2,0,1,0,0,0,0
"POINT (7.004505984000048 51.434122151000054)",Unfall 37254 (2024) Kat:2, Licht: 0,37254,2,2,4,05,20,2,0,0,0,1,0,1,0,0
"POINT (6.974132790000056 51.442900802000054)",Unfall 37255 (2024) Kat:2, Licht: 0,37255,2,6,1,05,15,2,0,0,0,1,0,0,1,0
"POINT (6.966142443000024 51.441882637000049)",Unfall 37263 (2024) Kat:3, Licht: 0,37263,3,1,8,05,12,2,0,0,0,1,0,0,0,0
"POINT (7.024552042000039 51.418586568000080)",Unfall 37323 (2024) Kat:3, Licht: 0,37323,3,3,5,05,16,1,1,0,1,1,0,0,0,0
"POINT (6.983609999000066 51.459653798000033)",Unfall 37325 (2024) Kat:3, Licht: 0,37325,3,7,0,05,14,1,0,0,0,0,0,0,0,1
"POINT (7.000619266000058 51.474255278000044)",Unfall 37326 (2024) Kat:3, Licht: 1,37326,3,3,4,05,20,1,1,1,0,1,0,0,0,0
"POINT (7.021931458000040 51.468974975000037)",Unfall 37401 (2024) Kat:3, Licht: 0,37401,3,7,0,05,10,3,0,0,0,1,0,0,0,1
"POINT (7.037950649000038 51.475776563000068)",Unfall 37422 (2024) Kat:3, Licht: 0,37422,3,1,8,05,11,7,0,0,0,1,0,0,0,0
"POINT (7.073701868000057 51.407826834000048)",Unfall 37424 (2024) Kat:3, Licht: 0,37424,3,1,1,05,13,7,0,0,0,1,0,0,0,0
"POINT (7.087443839000059 51.445016556000041)",Unfall 37425 (2024) Kat:3, Licht: 0,37425,3,3,5,05,16,7,1,0,0,1,0,0,0,1
"POINT (7.022306545000049 51.443529357000045)",Unfall 37426 (2024) Kat:3, Licht: 0,37426,3,1,0,05,19,7,0,0,1,0,0,0,0,0
"POINT (7.080036989000064 51.465337966000050)",Unfall 37460 (2024) Kat:3, Licht: 0,37460,3,3,5,05,20,7,0,0,0,1,0,0,0,0
"POINT (6.967955716000063 51.485959807000029)",Unfall 37530 (2024) Kat:3, Licht: 0,37530,3,6,2,05,12,6,0,0,0,1,0,1,0,0
"POINT (6.969899200000043 51.477997879000043)",Unfall 37531 (2024) Kat:2, Licht: 0,37531,2,5,1,05,18,6,1,0,0,1,0,0,0,0
"POINT (6.978552424000043 51.476413236000042)",Unfall 37532 (2024) Kat:3, Licht: 0,37532,3,6,2,05,17,6,0,0,0,1,0,0,0,0
"POINT (7.029578091000076 51.413505649000058)",Unfall 37534 (2024) Kat:3, Licht: 0,37534,3,7,5,05,10,6,0,0,0,1,0,0,0,0
"POINT (6.989866593000045 51.511352306000049)",Unfall 37645 (2024) Kat:3, Licht: 0,37645,3,6,2,05,17,5,0,0,0,1,0,0,0,0
"POINT (7.016806851000069 51.367396510000049)",Unfall 37646 (2024) Kat:3, Licht: 0,37646,3,6,1,05,11,5,0,0,0,1,0,0,0,0
"POINT (6.966247652000050 51.417849496000031)",Unfall 37647 (2024) Kat:3, Licht: 0,37647,3,5,1,05,11,5,0,0,0,1,0,0,0,0
"POINT (6.964082290000022 51.451331138000057)",Unfall 37648 (2024) Kat:3, Licht: 0,37648,3,1,2,05,09,5,0,0,0,1,0,0,0,0
"POINT (7.078833037000038 51.462607977000062)",Unfall 37676 (2024) Kat:3, Licht: 0,37676,3,1,2,05,17,2,0,0,0,1,0,0,0,0
"POINT (6.929762825000068 51.461097274000053)",Unfall 37753 (2024) Kat:3, Licht: 0,37753,3,3,5,05,11,5,0,0,1,1,0,0,0,0
"POINT (6.975210900000036 51.484183004000045)",Unfall 37788 (2024) Kat:3, Licht: 0,37788,3,3,5,05,06,4,0,0,1,1,0,0,0,0
"POINT (6.934313559000032 51.493300460000057)",Unfall 37789 (2024) Kat:3, Licht: 0,37789,3,1,6,05,15,4,0,0,0,1,1,0,0,0
"POINT (7.055863335000026 51.432545144000073)",Unfall 37791 (2024) Kat:3, Licht: 1,37791,3,7,8,05,20,4,0,1,1,0,0,0,0,0
"POINT (6.998289298000032 51.488653866000050)",Unfall 37867 (2024) Kat:3, Licht: 2,37867,3,7,0,05,23,6,1,2,0,1,0,0,0,1
"POINT (7.010153320000029 51.493592327000044)",Unfall 37898 (2024) Kat:3, Licht: 2,37898,3,3,5,05,21,3,1,2,0,1,0,0,0,1
"POINT (7.048426511000059 51.498080837000032)",Unfall 37954 (2024) Kat:3, Licht: 0,37954,3,1,0,05,13,3,0,0,0,0,0,0,0,1
"POINT (7.010153320000029 51.493592327000044)",Unfall 37955 (2024) Kat:2, Licht: 0,37955,2,3,5,05,11,3,0,0,1,1,0,0,0,0
"POINT (7.012677352000026 51.482870630000036)",Unfall 37956 (2024) Kat:3, Licht: 0,37956,3,1,0,05,12,3,0,0,1,0,0,0,0,0
"POINT (7.057866946000047 51.409598774000074)",Unfall 37957 (2024) Kat:2, Licht: 0,37957,2,4,6,05,11,3,0,0,0,1,1,0,0,0
"POINT (7.055724263000059 51.428521934000059)",Unfall 37958 (2024) Kat:3, Licht: 0,37958,3,6,1,05,08,3,0,0,0,1,0,0,0,0
"POINT (7.066475280000020 51.457873509000081)",Unfall 37959 (2024) Kat:3, Licht: 0,37959,3,2,2,05,06,3,0,0,1,1,0,0,0,0
"POINT (7.082500662000029 51.472704160000035)",Unfall 37960 (2024) Kat:3, Licht: 0,37960,3,2,5,05,16,3,0,0,0,1,0,1,0,0
"POINT (7.082314177000057 51.469508631000053)",Unfall 37961 (2024) Kat:3, Licht: 0,37961,3,7,5,05,16,3,0,0,1,1,0,0,0,0
"POINT (7.007613621000075 51.443788773000051)",Unfall 37962 (2024) Kat:3, Licht: 0,37962,3,2,4,05,09,3,0,0,0,1,0,0,0,1
"POINT (7.022227409000038 51.450873622000074)",Unfall 37968 (2024) Kat:3, Licht: 0,37968,3,6,2,05,18,3,0,0,0,1,0,0,0,0
"POINT (7.036095656000043 51.514469490000067)",Unfall 37969 (2024) Kat:3, Licht: 0,37969,3,6,2,05,07,3,0,0,0,1,0,0,0,0
"POINT (7.018078935000062 51.465713951000055)",Unfall 38032 (2024) Kat:3, Licht: 0,38032,3,6,3,05,14,5,0,0,0,1,0,0,1,0
"POINT (6.980187509000075 51.460672789000057)",Unfall 38084 (2024) Kat:3, Licht: 0,38084,3,2,5,05,14,3,0,0,0,1,0,1,0,0
"POINT (6.997077347000072 51.458820930000059)",Unfall 38108 (2024) Kat:3, Licht: 0,38108,3,3,5,05,14,3,0,0,0,1,0,0,0,0
"POINT (6.983026559000052 51.476806817000067)",Unfall 38163 (2024) Kat:3, Licht: 0,38163,3,1,2,05,16,2,0,0,0,1,0,0,0,0
"POINT (7.082260124000072 51.386767332000034)",Unfall 38167 (2024) Kat:3, Licht: 0,38167,3,7,0,05,14,2,0,0,0,0,0,0,0,1
"POINT (6.981594624000024 51.444319457000063)",Unfall 38172 (2024) Kat:3, Licht: 0,38172,3,6,2,05,07,2,0,0,0,1,0,0,0,0
"POINT (6.991401882000048 51.438319848000049)",Unfall 38231 (2024) Kat:3, Licht: 2,38231,3,2,3,06,22,3,1,2,1,1,0,0,0,0
"POINT (6.990019481000047 51.436386176000042)",Unfall 38232 (2024) Kat:3, Licht: 0,38232,3,2,4,06,13,3,1,0,0,1,0,0,0,1
"POINT (7.081224004000035 51.474385950000055)",Unfall 38233 (2024) Kat:3, Licht: 0,38233,3,2,0,06,16,3,1,0,1,1,0,0,0,0
"POINT (7.030839399000058 51.445115017000035)",Unfall 38234 (2024) Kat:3, Licht: 0,38234,3,6,0,06,14,3,1,0,0,0,0,0,0,1
"POINT (6.968761156000028 51.461353549000080)",Unfall 38332 (2024) Kat:3, Licht: 0,38332,3,1,2,06,14,2,0,0,0,1,0,0,0,0
"POINT (7.012260436000076 51.388826832000063)",Unfall 38333 (2024) Kat:3, Licht: 0,38333,3,2,5,06,07,2,0,0,1,1,0,0,0,0
"POINT (7.087858931000028 51.465734674000032)",Unfall 38338 (2024) Kat:2, Licht: 2,38338,2,7,9,06,00,2,1,2,0,1,0,0,0,0
"POINT (7.007464569000035 51.506825539000033)",Unfall 38396 (2024) Kat:3, Licht: 2,38396,3,6,2,06,01,1,0,2,0,1,0,0,0,0
"POINT (7.001143590000027 51.465073476000043)",Unfall 38397 (2024) Kat:3, Licht: 0,38397,3,6,1,06,11,1,1,0,0,1,0,0,0,0
"POINT (6.947079225000039 51.397518074000061)",Unfall 38403 (2024) Kat:3, Licht: 2,38403,3,1,8,06,23,1,1,2,0,1,0,0,0,0
"POINT (7.005023664000021 51.478023275000055)",Unfall 38461 (2024) Kat:3, Licht: 2,38461,3,1,0,06,04,7,0,2,0,0,0,0,0,1
"POINT (7.055576024000061 51.432308637000062)",Unfall 38535 (2024) Kat:3, Licht: 2,38535,3,6,2,06,23,6,1,2,0,1,0,0,0,0
"POINT (7.006693624000036 51.475869329000034)",Unfall 38616 (2024) Kat:3, Licht: 0,38616,3,6,2,06,20,5,0,0,0,1,0,0,0,0
"POINT (6.911546707000070 51.476057960000048)",Unfall 38617 (2024) Kat:3, Licht: 0,38617,3,1,0,06,14,5,0,0,1,0,0,0,0,0
"POINT (7.017415725000035 51.450821241000028)",Unfall 38618 (2024) Kat:3, Licht: 0,38618,3,7,0,06,08,5,0,0,0,0,0,0,0,1
"POINT (6.960057631000041 51.369205960000045)",Unfall 38689 (2024) Kat:2, Licht: 0,38689,2,6,4,06,11,4,1,0,0,1,0,0,0,0
"POINT (6.975900997000053 51.442211420000035)",Unfall 38690 (2024) Kat:3, Licht: 0,38690,3,7,2,06,13,4,0,0,0,0,0,0,0,1
"POINT (6.930847597000025 51.481605977000072)",Unfall 38810 (2024) Kat:3, Licht: 0,38810,3,7,0,06,14,3,0,0,0,1,0,0,0,0
"POINT (7.003526407000038 51.441079992000027)",Unfall 38811 (2024) Kat:3, Licht: 0,38811,3,6,0,06,19,3,0,0,1,1,0,0,0,0
"POINT (7.012815263000050 51.450003731000038)",Unfall 38812 (2024) Kat:3, Licht: 0,38812,3,7,8,06,15,3,0,0,0,0,0,0,0,1
"POINT (6.968567161000067 51.442236987000058)",Unfall 38817 (2024) Kat:3, Licht: 1,38817,3,7,0,06,21,3,0,1,0,0,0,0,0,1
"POINT (7.011738411000067 51.433236824000062)",Unfall 38909 (2024) Kat:3, Licht: 0,38909,3,2,6,06,21,2,0,0,0,1,1,0,0,0
"POINT (7.049875030000067 51.458294508000051)",Unfall 38911 (2024) Kat:3, Licht: 0,38911,3,6,2,06,16,2,1,0,0,1,0,0,0,0
"POINT (7.078435830000046 51.467628015000059)",Unfall 38926 (2024) Kat:3, Licht: 0,38926,3,3,5,06,18,5,0,0,0,1,0,0,0,0
"POINT (7.009170062000067 51.488062062000040)",Unfall 39019 (2024) Kat:3, Licht: 0,39019,3,6,5,06,15,1,0,0,1,0,0,0,0,1
"POINT (6.956183505000070 51.474188930000082)",Unfall 39020 (2024) Kat:3, Licht: 0,39020,3,2,6,06,16,1,0,0,0,1,1,0,0,0
"POINT (7.014374229000055 51.473315468000067)",Unfall 39130 (2024) Kat:2, Licht: 0,39130,2,1,6,06,15,7,0,0,0,0,1,1,0,0
"POINT (6.975230376000070 51.484172822000062)",Unfall 39131 (2024) Kat:3, Licht: 0,39131,3,7,1,06,19,7,0,0,0,1,0,1,0,0
"POINT (7.006672851000076 51.455929567000055)",Unfall 39132 (2024) Kat:3, Licht: 0,39132,3,5,1,06,13,7,0,0,0,1,0,0,0,0
"POINT (7.003185676000044 51.447417140000027)",Unfall 39134 (2024) Kat:3, Licht: 2,39134,3,3,5,06,03,7,0,2,0,1,0,0,0,1
"POINT (7.007346617000053 51.476148719000037)",Unfall 39271 (2024) Kat:3, Licht: 2,39271,3,2,5,06,23,6,0,2,0,1,0,0,0,0
"POINT (7.009334504000037 51.485500188000060)",Unfall 39272 (2024) Kat:3, Licht: 0,39272,3,6,1,06,18,6,0,0,0,1,0,0,0,0
"POINT (7.091141858000071 51.463209902000074)",Unfall 39273 (2024) Kat:3, Licht: 0,39273,3,5,1,06,08,6,0,0,0,1,0,0,0,0
"POINT (6.967955716000063 51.485959807000029)",Unfall 39274 (2024) Kat:3, Licht: 0,39274,3,6,3,06,14,6,0,0,0,1,0,1,0,0
"POINT (7.029101270000069 51.437566937000042)",Unfall 39275 (2024) Kat:3, Licht: 0,39275,3,7,2,06,19,6,0,0,0,1,0,1,0,1
"POINT (7.005061278000028 51.459237649000045)",Unfall 39276 (2024) Kat:3, Licht: 0,39276,3,1,0,06,22,6,0,0,0,0,0,0,0,1
"POINT (6.998481978000029 51.487551529000029)",Unfall 39277 (2024) Kat:3, Licht: 0,39277,3,6,2,06,17,2,1,0,0,1,0,0,0,0
"POINT (6.986526205000075 51.478894208000042)",Unfall 39509 (2024) Kat:3, Licht: 0,39509,3,2,0,06,15,4,0,0,0,0,0,1,0,0
"POINT (6.925835660000075 51.457891714000027)",Unfall 39510 (2024) Kat:3, Licht: 0,39510,3,6,1,06,16,4,0,0,0,1,0,0,0,0
"POINT (7.013701516000026 51.433302276000063)",Unfall 39511 (2024) Kat:3, Licht: 0,39511,3,7,6,06,08,4,0,0,0,1,1,0,0,0
"POINT (7.015070541000057 51.460362015000044)",Unfall 39512 (2024) Kat:3, Licht: 0,39512,3,3,8,06,16,4,0,0,1,1,0,0,0,0
"POINT (7.047762648000059 51.495501119000039)",Unfall 39524 (2024) Kat:3, Licht: 0,39524,3,6,1,06,19,2,1,0,0,1,0,0,0,0
"POINT (7.036730925000029 51.444562229000041)",Unfall 39626 (2024) Kat:3, Licht: 0,39626,3,6,1,06,12,3,0,0,0,1,0,0,0,0
"POINT (7.091297918000066 51.467375992000029)",Unfall 39633 (2024) Kat:3, Licht: 0,39633,3,6,2,06,16,3,0,0,0,1,0,0,0,0
"POINT (6.975858947000063 51.442231003000074)",Unfall 39707 (2024) Kat:2, Licht: 0,39707,2,1,8,06,13,4,0,0,0,0,0,0,0,1
"POINT (6.973961699000029 51.449662297000032)",Unfall 39729 (2024) Kat:3, Licht: 0,39729,3,5,1,06,12,2,0,0,1,1,0,0,0,0
"POINT (6.967955716000063 51.485959807000029)",Unfall 39747 (2024) Kat:2, Licht: 0,39747,2,2,5,06,12,2,0,0,0,1,0,0,0,0
"POINT (6.989725744000054 51.436441013000035)",Unfall 39748 (2024) Kat:3, Licht: 0,39748,3,3,3,06,14,2,0,0,0,1,0,0,0,0
"POINT (7.079588183000055 51.465497073000051)",Unfall 39749 (2024) Kat:3, Licht: 0,39749,3,6,0,06,13,2,0,0,0,1,0,0,0,1
"POINT (7.002012847000060 51.455712122000079)",Unfall 39750 (2024) Kat:2, Licht: 2,39750,2,1,0,06,00,2,0,2,0,0,0,1,0,0
"POINT (7.002599878000069 51.435404973000061)",Unfall 39834 (2024) Kat:3, Licht: 0,39834,3,2,5,06,13,1,0,0,0,1,0,1,0,0
"POINT (7.103503038000042 51.459248539000043)",Unfall 39835 (2024) Kat:3, Licht: 2,39835,3,7,0,06,02,1,0,2,1,0,0,0,0,0
"POINT (7.029761066000049 51.451434714000072)",Unfall 39849 (2024) Kat:3, Licht: 0,39849,3,7,6,06,18,2,0,0,0,0,1,0,0,1
"POINT (7.052048029000048 51.428237657000068)",Unfall 39913 (2024) Kat:3, Licht: 0,39913,3,2,5,06,13,7,0,0,0,1,0,0,0,0
"POINT (7.016892164000069 51.495850553000082)",Unfall 39997 (2024) Kat:3, Licht: 0,39997,3,3,1,06,19,6,0,0,0,1,0,1,0,0
"POINT (7.007307111000046 51.518213436000053)",Unfall 40007 (2024) Kat:3, Licht: 0,40007,3,1,3,05,12,6,0,0,1,0,0,0,1,0
"POINT (6.979323049000072 51.476444693000076)",Unfall 40008 (2024) Kat:3, Licht: 0,40008,3,7,6,05,19,6,0,0,0,1,1,0,0,0
"POINT (7.003201896000064 51.447401629000069)",Unfall 40010 (2024) Kat:3, Licht: 0,40010,3,7,2,05,16,6,0,0,0,1,0,0,0,0
"POINT (7.095807321000052 51.438911737000069)",Unfall 40011 (2024) Kat:3, Licht: 0,40011,3,1,0,05,13,6,0,0,0,0,0,0,0,1
"POINT (7.028131861000077 51.452218653000045)",Unfall 40048 (2024) Kat:3, Licht: 0,40048,3,7,6,05,17,6,0,0,0,0,1,0,0,1
"POINT (7.024444788000039 51.387025841000082)",Unfall 40096 (2024) Kat:3, Licht: 2,40096,3,1,8,05,03,5,1,2,0,1,0,0,0,0
"POINT (7.000274867000030 51.385907778000046)",Unfall 40099 (2024) Kat:1, Licht: 0,40099,1,3,4,05,12,5,0,0,1,1,0,0,0,0
"POINT (6.935479265000026 51.370014380000043)",Unfall 40101 (2024) Kat:3, Licht: 0,40101,3,3,5,05,11,5,0,0,0,1,0,1,0,0
"POINT (7.006235905000040 51.455900916000076)",Unfall 40102 (2024) Kat:3, Licht: 2,40102,3,2,2,05,22,5,0,2,0,1,0,0,0,0
"POINT (6.973068354000077 51.443077765000055)",Unfall 40121 (2024) Kat:3, Licht: 0,40121,3,6,2,06,12,2,1,0,0,1,0,0,0,0
"POINT (7.052820663000034 51.491496752000046)",Unfall 40210 (2024) Kat:3, Licht: 0,40210,3,4,6,05,15,4,1,0,0,1,1,0,0,0
"POINT (6.966325929000050 51.448780436000050)",Unfall 40212 (2024) Kat:3, Licht: 0,40212,3,1,0,05,10,4,1,0,0,0,0,1,0,0
"POINT (7.103843216000030 51.453019978000043)",Unfall 40214 (2024) Kat:3, Licht: 0,40214,3,3,5,05,14,4,1,0,0,1,0,0,0,0
"POINT (7.002889513000071 51.455617777000043)",Unfall 40215 (2024) Kat:3, Licht: 0,40215,3,3,0,05,12,4,0,0,0,1,0,0,0,1
"POINT (7.035022855000022 51.461749039000040)",Unfall 40228 (2024) Kat:3, Licht: 0,40228,3,7,5,06,12,3,0,0,1,1,0,0,0,0
"POINT (7.007040168000060 51.511949141000059)",Unfall 40371 (2024) Kat:1, Licht: 0,40371,1,1,0,05,18,3,1,0,0,0,0,1,0,0
"POINT (6.962521947000027 51.471379126000045)",Unfall 40373 (2024) Kat:3, Licht: 0,40373,3,3,5,05,16,3,0,0,1,1,0,0,0,0
"POINT (7.081966460000046 51.482893286000035)",Unfall 40374 (2024) Kat:3, Licht: 0,40374,3,4,6,05,18,3,1,0,0,1,1,0,0,0
"POINT (7.094294262000062 51.449135197000032)",Unfall 40375 (2024) Kat:3, Licht: 0,40375,3,4,6,05,12,3,0,0,0,1,1,0,0,0
"POINT (6.991871677000063 51.472083966000071)",Unfall 40376 (2024) Kat:3, Licht: 0,40376,3,7,5,05,17,3,1,0,1,0,0,0,0,1
"POINT (7.036147856000071 51.453787026000043)",Unfall 40382 (2024) Kat:3, Licht: 2,40382,3,6,0,05,22,3,0,2,0,1,0,0,0,0
"POINT (6.965594561000046 51.461464908000039)",Unfall 40535 (2024) Kat:3, Licht: 0,40535,3,7,6,05,10,2,0,0,0,1,1,0,0,0
"POINT (6.957379889000038 51.477950776000057)",Unfall 40555 (2024) Kat:3, Licht: 0,40555,3,1,0,06,14,5,0,0,0,0,0,0,0,1
"POINT (7.038330922000057 51.448200039000028)",Unfall 40556 (2024) Kat:3, Licht: 0,40556,3,1,0,06,17,5,0,0,1,0,0,0,0,0
"POINT (7.010369821000040 51.483354514000041)",Unfall 40557 (2024) Kat:3, Licht: 0,40557,3,7,0,06,08,5,0,0,0,0,0,0,0,1
"POINT (7.030813841000054 51.450855393000040)",Unfall 40696 (2024) Kat:3, Licht: 0,40696,3,1,0,06,12,4,0,0,1,0,0,0,0,0
"POINT (7.005363934000059 51.445545282000069)",Unfall 40697 (2024) Kat:3, Licht: 0,40697,3,6,2,06,13,4,0,0,0,1,0,0,0,0
"POINT (7.017379446000064 51.461285173000078)",Unfall 40698 (2024) Kat:3, Licht: 0,40698,3,7,0,06,18,4,0,0,0,1,0,0,0,1
"POINT (6.999677093000059 51.424775536000027)",Unfall 40844 (2024) Kat:2, Licht: 0,40844,2,3,5,06,19,3,0,0,0,1,0,0,0,0
"POINT (7.055724263000059 51.428521934000059)",Unfall 40845 (2024) Kat:3, Licht: 0,40845,3,3,0,06,10,3,0,0,1,1,0,0,0,0
"POINT (7.059463356000037 51.437535817000025)",Unfall 40970 (2024) Kat:3, Licht: 0,40970,3,1,0,06,19,2,0,0,1,0,0,0,0,0
"POINT (7.077970649000065 51.466664292000075)",Unfall 40971 (2024) Kat:2, Licht: 0,40971,2,1,0,06,10,2,0,0,1,0,0,0,0,0
"POINT (6.996549148000042 51.473156741000082)",Unfall 40972 (2024) Kat:2, Licht: 0,40972,2,1,0,06,21,2,0,0,0,0,0,0,0,1
"POINT (7.017978609000068 51.465318542000034)",Unfall 40973 (2024) Kat:3, Licht: 0,40973,3,2,2,06,07,2,0,0,0,1,0,0,1,0
"POINT (7.006217280000044 51.448882966000042)",Unfall 41092 (2024) Kat:2, Licht: 0,41092,2,1,0,06,06,1,0,0,0,0,0,0,0,1
"POINT (7.064139288000035 51.479082906000031)",Unfall 41204 (2024) Kat:3, Licht: 0,41204,3,3,5,06,14,7,0,0,1,1,0,0,0,0
"POINT (7.009088791000067 51.489923394000073)",Unfall 41205 (2024) Kat:3, Licht: 0,41205,3,6,2,06,12,7,0,0,0,1,0,0,0,0
"POINT (7.009590589000027 51.501986784000053)",Unfall 41206 (2024) Kat:3, Licht: 0,41206,3,7,5,06,18,7,0,0,1,1,0,0,0,0
"POINT (6.974264887000061 51.415472735000037)",Unfall 41207 (2024) Kat:3, Licht: 0,41207,3,1,0,06,16,7,0,0,1,1,0,0,0,0
"POINT (6.950813052000058 51.404993723000075)",Unfall 41208 (2024) Kat:3, Licht: 0,41208,3,2,1,06,13,7,0,0,1,1,0,0,0,0
"POINT (7.051828070000056 51.428199753000058)",Unfall 41209 (2024) Kat:3, Licht: 0,41209,3,3,5,06,15,7,0,0,0,1,0,0,0,0