WKT,Name,OBJECTID,UKATEGORIE,UTYP1,UART,UMONAT,USTUNDE,UWOCHENTAG,STRZUSTAND,ULICHTVERH,ISTRAD,ISTPKW,ISTFUSS,ISTKRAD,ISTGKFZ,ISTSONSTIG
"POINT (7.034951632000059 51.449238625000078)",Unfall 41210 (2024) Kat:3, Licht: 0,41210,3,3,5,06,14,7,0,0,0,1,0,0,0,0
"POINT (7.007431097000051 51.507203970000035)",Unfall 41335 (2024) Kat:3, Licht: 0,41335,3,1,2,06,13,6,1,0,0,1,0,0,0,0
"POINT (7.033374004000052 51.449824014000058)",Unfall 41336 (2024) Kat:3, Licht: 0,41336,3,7,0,06,05,6,1,0,0,0,0,1,0,0
"POINT (7.000249289000067 51.466293672000063)",Unfall 41337 (2024) Kat:3, Licht: 0,41337,3,2,5,06,14,6,0,0,0,1,0,0,0,1
"POINT (7.027887849000024 51.451558952000028)",Unfall 41342 (2024) Kat:3, Licht: 0,41342,3,6,3,06,16,6,1,0,0,1,0,0,1,0
"POINT (7.090105291000043 51.466679087000045)",Unfall 41343 (2024) Kat:3, Licht: 0,41343,3,1,9,06,06,6,1,0,0,0,0,0,0,1
"POINT (7.038039945000037 51.476263209000081)",Unfall 41477 (2024) Kat:3, Licht: 0,41477,3,6,2,06,18,5,0,0,0,1,0,0,0,1
"POINT (7.002822181000056 51.479907031000039)",Unfall 41478 (2024) Kat:3, Licht: 0,41478,3,1,2,06,10,5,0,0,0,1,0,0,0,0
"POINT (6.989665522000053 51.402474563000055)",Unfall 41479 (2024) Kat:3, Licht: 0,41479,3,6,0,06,10,5,0,0,0,0,0,0,0,1
"POINT (7.011679767000032 51.433243350000055)",Unfall 41480 (2024) Kat:3, Licht: 0,41480,3,7,0,06,07,5,0,0,0,0,0,0,0,1
"POINT (6.993630394000036 51.472444862000032)",Unfall 41481 (2024) Kat:3, Licht: 0,41481,3,1,9,06,19,5,0,0,0,1,0,0,0,1
"POINT (7.016891631000021 51.463510666000047)",Unfall 41482 (2024) Kat:3, Licht: 0,41482,3,1,8,06,15,5,1,0,1,0,0,0,0,0
"POINT (7.027273724000054 51.452445052000030)",Unfall 41483 (2024) Kat:3, Licht: 0,41483,3,4,6,06,13,5,0,0,0,1,1,0,0,0
"POINT (6.914524172000029 51.473174601000039)",Unfall 41614 (2024) Kat:3, Licht: 0,41614,3,3,5,06,06,4,1,0,0,1,0,1,0,0
"POINT (7.076039799000057 51.449874348000037)",Unfall 41617 (2024) Kat:3, Licht: 0,41617,3,2,6,06,15,4,0,0,0,0,1,0,0,1
"POINT (7.022535796000057 51.433234099000060)",Unfall 41623 (2024) Kat:3, Licht: 2,41623,3,1,9,06,23,4,0,2,0,1,0,0,0,0
"POINT (7.064116371000068 51.479121404000068)",Unfall 41776 (2024) Kat:3, Licht: 0,41776,3,5,0,07,18,5,0,0,0,1,0,0,0,1
"POINT (7.083076439000024 51.426160149000054)",Unfall 41777 (2024) Kat:3, Licht: 0,41777,3,1,9,07,06,5,1,0,0,1,0,0,0,0
"POINT (6.997407988000020 51.419350175000034)",Unfall 41778 (2024) Kat:3, Licht: 0,41778,3,6,1,07,17,5,0,0,0,1,0,0,0,0
"POINT (6.978807167000070 51.381561737000027)",Unfall 41779 (2024) Kat:2, Licht: 0,41779,2,5,8,07,18,5,0,0,0,1,0,0,0,0
"POINT (6.968294877000062 51.409923951000053)",Unfall 41783 (2024) Kat:3, Licht: 2,41783,3,7,2,07,03,5,0,2,0,1,0,0,1,0
"POINT (6.983107682000025 51.466056739000067)",Unfall 41864 (2024) Kat:3, Licht: 0,41864,3,1,0,07,20,4,0,0,1,0,0,0,0,0
"POINT (7.023780934000058 51.485432938000031)",Unfall 41865 (2024) Kat:3, Licht: 0,41865,3,1,0,07,07,4,1,0,1,0,0,0,0,0
"POINT (6.979359172000045 51.434775011000056)",Unfall 41866 (2024) Kat:3, Licht: 0,41866,3,6,4,07,07,4,1,0,0,1,0,0,0,0
"POINT (7.063454191000062 51.467613933000052)",Unfall 41867 (2024) Kat:3, Licht: 0,41867,3,1,0,07,09,4,1,0,1,0,0,0,0,0
"POINT (6.945386456000051 51.499211247000062)",Unfall 41987 (2024) Kat:3, Licht: 0,41987,3,7,0,07,17,3,0,0,0,1,0,0,0,1
"POINT (7.086038548000033 51.400763924000046)",Unfall 41988 (2024) Kat:3, Licht: 0,41988,3,7,2,07,08,3,0,0,0,1,0,0,0,0
"POINT (7.023023249000062 51.469075508000060)",Unfall 41989 (2024) Kat:3, Licht: 0,41989,3,7,0,07,12,3,0,0,0,0,0,0,0,1
"POINT (7.008354017000045 51.507607548000067)",Unfall 41996 (2024) Kat:3, Licht: 0,41996,3,6,2,07,15,3,0,0,0,1,0,0,0,0
"POINT (6.989420397000060 51.402635740000051)",Unfall 42108 (2024) Kat:2, Licht: 2,42108,2,1,8,07,04,2,0,2,0,1,0,0,0,0
"POINT (7.004213237000045 51.440278414000034)",Unfall 42109 (2024) Kat:3, Licht: 0,42109,3,1,1,07,12,2,0,0,0,1,0,1,0,0
"POINT (7.066322243000059 51.448663230000079)",Unfall 42184 (2024) Kat:3, Licht: 0,42184,3,5,3,07,11,1,0,0,1,1,0,0,0,0
"POINT (6.933480900000063 51.359057064000069)",Unfall 42267 (2024) Kat:3, Licht: 0,42267,3,5,1,07,08,7,0,0,0,1,0,0,0,0
"POINT (7.002134224000031 51.480669378000073)",Unfall 42455 (2024) Kat:3, Licht: 0,42455,3,6,2,07,18,5,0,0,0,1,0,0,0,0
"POINT (6.977760866000040 51.474342032000038)",Unfall 42456 (2024) Kat:3, Licht: 1,42456,3,1,0,07,05,5,0,1,1,0,0,0,0,0
"POINT (7.019511440000031 51.447842503000061)",Unfall 42457 (2024) Kat:3, Licht: 0,42457,3,6,2,07,17,5,0,0,0,1,0,0,0,0
"POINT (7.034843848000037 51.453376430000048)",Unfall 42462 (2024) Kat:3, Licht: 0,42462,3,6,2,07,12,5,0,0,0,1,0,0,0,0
"POINT (6.995643496000071 51.497945589000039)",Unfall 42559 (2024) Kat:3, Licht: 0,42559,3,6,2,07,14,4,1,0,0,1,0,0,0,1
"POINT (7.084077379000064 51.387898461000077)",Unfall 42560 (2024) Kat:3, Licht: 0,42560,3,3,5,07,18,4,1,0,0,1,0,1,0,0
"POINT (7.060799004000046 51.407734966000078)",Unfall 42561 (2024) Kat:3, Licht: 0,42561,3,7,0,07,11,4,0,0,1,0,0,0,0,0
"POINT (6.980942867000067 51.442691115000059)",Unfall 42562 (2024) Kat:3, Licht: 0,42562,3,3,5,07,11,4,0,0,0,1,0,0,0,1
"POINT (7.018190262000076 51.464973666000049)",Unfall 42563 (2024) Kat:3, Licht: 0,42563,3,1,3,07,16,4,1,0,0,1,0,0,1,0
"POINT (7.091175850000070 51.467458902000033)",Unfall 42569 (2024) Kat:3, Licht: 0,42569,3,6,2,07,17,4,1,0,0,1,0,0,0,0
"POINT (7.103583700000058 51.472379483000054)",Unfall 42570 (2024) Kat:3, Licht: 0,42570,3,6,2,07,18,4,1,0,0,1,0,0,0,0
"POINT (6.979415432000053 51.484142936000069)",Unfall 42692 (2024) Kat:3, Licht: 0,42692,3,3,5,07,17,3,0,0,0,1,0,0,0,0
"POINT (6.988212190000070 51.440789104000032)",Unfall 42694 (2024) Kat:3, Licht: 0,42694,3,7,0,07,13,3,1,0,1,0,0,0,0,0
"POINT (7.007794774000047 51.450510690000044)",Unfall 42695 (2024) Kat:2, Licht: 0,42695,2,2,5,07,14,3,1,0,0,1,0,0,0,0
"POINT (7.107149129000049 51.471897241000079)",Unfall 42699 (2024) Kat:3, Licht: 0,42699,3,6,2,07,14,3,1,0,0,1,0,0,0,0
"POINT (7.051428469000030 51.433546814000067)",Unfall 42734 (2024) Kat:3, Licht: 0,42734,3,6,2,07,17,5,0,0,0,1,0,0,0,0
"POINT (7.009674828000072 51.500242349000075)",Unfall 42833 (2024) Kat:3, Licht: 0,42833,3,7,6,07,13,2,0,0,0,1,1,0,0,0
"POINT (6.954082679000066 51.476377008000043)",Unfall 42834 (2024) Kat:3, Licht: 0,42834,3,6,2,07,14,2,0,0,0,1,0,0,0,0
"POINT (6.973810251000032 51.445398665000027)",Unfall 42934 (2024) Kat:3, Licht: 0,42934,3,3,5,06,14,1,0,0,0,1,0,0,0,0
"POINT (7.027325585000028 51.421675449000077)",Unfall 42935 (2024) Kat:3, Licht: 0,42935,3,6,0,06,12,1,1,0,0,1,0,0,0,0
"POINT (7.004505984000048 51.434122151000054)",Unfall 42936 (2024) Kat:3, Licht: 2,42936,3,4,0,06,03,1,1,2,0,1,1,0,0,0
"POINT (7.079609660000074 51.464582622000080)",Unfall 42938 (2024) Kat:3, Licht: 0,42938,3,3,5,06,16,1,0,0,0,1,0,0,0,0
"POINT (7.105134913000029 51.472230894000063)",Unfall 42941 (2024) Kat:3, Licht: 2,42941,3,1,9,06,01,1,1,2,0,1,0,0,0,0
"POINT (7.024231656000040 51.448366381000028)",Unfall 43013 (2024) Kat:3, Licht: 0,43013,3,2,5,07,13,5,0,0,1,1,0,0,0,0
"POINT (7.012899424000068 51.450012585000081)",Unfall 43053 (2024) Kat:3, Licht: 0,43053,3,7,6,06,09,7,0,0,0,0,1,0,0,1
"POINT (6.955472619000034 51.415907781000044)",Unfall 43150 (2024) Kat:2, Licht: 0,43150,2,1,0,07,19,4,1,0,0,0,0,1,0,0
"POINT (7.013273063000042 51.532303299000034)",Unfall 43239 (2024) Kat:3, Licht: 2,43239,3,1,0,06,23,6,0,2,1,0,0,0,0,0
"POINT (7.043814959000031 51.484126502000038)",Unfall 43240 (2024) Kat:3, Licht: 0,43240,3,1,8,06,09,6,0,0,0,1,0,0,0,0
"POINT (7.021576702000061 51.497148956000046)",Unfall 43241 (2024) Kat:3, Licht: 0,43241,3,7,0,06,19,6,0,0,0,0,0,0,0,1
"POINT (6.933351878000053 51.371151324000039)",Unfall 43242 (2024) Kat:3, Licht: 0,43242,3,4,0,06,18,6,0,0,0,1,1,0,0,0
"POINT (7.015151959000036 51.450502207000056)",Unfall 43243 (2024) Kat:3, Licht: 0,43243,3,3,3,06,15,6,0,0,0,0,0,0,0,1
"POINT (6.962614989000031 51.441467004000060)",Unfall 43252 (2024) Kat:3, Licht: 0,43252,3,6,2,06,11,6,0,0,0,1,0,0,1,0
"POINT (7.060868328000026 51.488060981000046)",Unfall 43271 (2024) Kat:3, Licht: 0,43271,3,7,0,07,10,2,0,0,0,1,0,1,0,1
"POINT (7.011858830000051 51.479392856000061)",Unfall 43421 (2024) Kat:3, Licht: 0,43421,3,6,6,08,20,6,0,0,0,0,1,0,0,1
"POINT (7.078726086000074 51.438157572000080)",Unfall 43422 (2024) Kat:3, Licht: 1,43422,3,6,1,08,21,6,0,1,0,1,0,0,0,0
"POINT (7.105469432000064 51.416106543000069)",Unfall 43423 (2024) Kat:3, Licht: 0,43423,3,7,0,08,14,6,0,0,0,1,0,0,0,1
"POINT (7.037253645000021 51.444236466000064)",Unfall 43427 (2024) Kat:3, Licht: 0,43427,3,6,2,08,17,6,0,0,0,1,0,0,0,0
"POINT (7.109447613000043 51.437381490000064)",Unfall 43509 (2024) Kat:3, Licht: 0,43509,3,7,6,08,08,5,0,0,0,0,1,0,0,1
"POINT (7.100756969000031 51.472042672000043)",Unfall 43518 (2024) Kat:3, Licht: 0,43518,3,1,2,08,14,5,1,0,0,1,0,0,0,0
"POINT (6.970325714000069 51.442673486000047)",Unfall 43519 (2024) Kat:3, Licht: 2,43519,3,7,8,08,00,5,0,2,0,1,0,0,0,0
"POINT (6.965915722000034 51.461423528000068)",Unfall 43601 (2024) Kat:3, Licht: 1,43601,3,7,5,07,20,4,0,1,1,0,0,0,0,1
"POINT (6.999189237000053 51.485666982000055)",Unfall 43668 (2024) Kat:3, Licht: 1,43668,3,1,2,07,21,3,0,1,0,1,0,1,0,0
"POINT (6.977687991000039 51.474155277000079)",Unfall 43669 (2024) Kat:2, Licht: 0,43669,2,6,4,07,14,3,0,0,0,1,0,1,0,0
"POINT (6.954894761000048 51.448367468000072)",Unfall 43670 (2024) Kat:3, Licht: 0,43670,3,1,0,07,20,3,0,0,1,0,0,0,0,0
"POINT (7.007494176000023 51.451624266000067)",Unfall 43671 (2024) Kat:2, Licht: 0,43671,2,7,0,07,17,3,0,0,1,0,0,0,0,0
"POINT (6.980021251000039 51.486546791000080)",Unfall 43756 (2024) Kat:3, Licht: 0,43756,3,6,3,07,14,2,0,0,1,0,0,0,0,1
"POINT (7.079731250000066 51.459763187000078)",Unfall 43757 (2024) Kat:3, Licht: 0,43757,3,2,5,07,14,2,0,0,0,1,0,1,0,0
"POINT (7.018332671000053 51.469874595000078)",Unfall 43759 (2024) Kat:2, Licht: 0,43759,2,3,5,07,14,2,0,0,0,1,0,0,0,0
"POINT (6.998911788000044 51.422165406000033)",Unfall 43829 (2024) Kat:3, Licht: 0,43829,3,1,0,07,11,1,0,0,1,0,0,0,0,0
"POINT (7.015183742000033 51.461637266000082)",Unfall 43830 (2024) Kat:3, Licht: 1,43830,3,6,1,07,21,1,0,1,0,1,0,1,0,0
"POINT (7.018692637000072 51.509265672000026)",Unfall 43997 (2024) Kat:3, Licht: 0,43997,3,1,9,07,07,6,1,0,0,0,0,0,0,1
"POINT (7.039131859000065 51.374438188000056)",Unfall 44014 (2024) Kat:3, Licht: 0,44014,3,1,0,07,19,1,0,0,0,0,0,1,0,0
"POINT (7.050212103000035 51.434096517000057)",Unfall 44087 (2024) Kat:3, Licht: 0,44087,3,6,2,07,16,5,0,0,0,1,0,0,0,0
"POINT (7.011830430000032 51.450135124000042)",Unfall 44091 (2024) Kat:3, Licht: 0,44091,3,6,2,07,17,5,0,0,0,1,0,1,0,0
"POINT (7.039238300000022 51.479272754000078)",Unfall 44176 (2024) Kat:3, Licht: 0,44176,3,1,0,07,08,4,1,0,0,1,0,1,0,0
"POINT (7.044538791000036 51.469144932000063)",Unfall 44177 (2024) Kat:2, Licht: 0,44177,2,4,6,07,11,4,0,0,0,1,1,0,0,0
"POINT (6.988500048000049 51.445209968000029)",Unfall 44181 (2024) Kat:3, Licht: 0,44181,3,7,2,07,21,4,0,0,0,1,0,0,0,0
"POINT (7.038023378000048 51.475810937000062)",Unfall 44274 (2024) Kat:3, Licht: 0,44274,3,1,6,07,08,3,0,0,1,0,1,0,0,0
"POINT (6.926440833000072 51.466870846000063)",Unfall 44275 (2024) Kat:3, Licht: 0,44275,3,2,2,07,15,3,0,0,0,1,0,0,0,0
"POINT (6.978730247000044 51.470463337000069)",Unfall 44277 (2024) Kat:3, Licht: 1,44277,3,7,1,07,21,3,1,1,0,1,0,0,0,1
"POINT (7.015990401000067 51.454657359000066)",Unfall 44278 (2024) Kat:3, Licht: 0,44278,3,7,9,07,16,3,0,0,0,1,0,0,0,0
"POINT (6.974684324000066 51.443128743000045)",Unfall 44292 (2024) Kat:3, Licht: 0,44292,3,6,2,07,17,6,0,0,0,1,0,0,0,0
"POINT (7.021646570000030 51.415506357000027)",Unfall 44382 (2024) Kat:2, Licht: 0,44382,2,7,0,07,15,2,0,0,1,0,0,0,0,0
"POINT (6.986043291000044 51.444738920000077)",Unfall 44383 (2024) Kat:2, Licht: 0,44383,2,6,2,07,12,2,0,0,0,1,0,0,1,0
"POINT (7.002772797000034 51.479976057000044)",Unfall 44461 (2024) Kat:3, Licht: 0,44461,3,2,6,07,12,1,0,0,0,1,1,0,0,0
"POINT (7.065419490000068 51.477570838000076)",Unfall 44462 (2024) Kat:3, Licht: 0,44462,3,1,0,07,16,1,0,0,0,1,0,1,0,1
"POINT (7.018492697000056 51.466496969000048)",Unfall 44463 (2024) Kat:3, Licht: 2,44463,3,7,0,07,22,1,0,2,0,0,0,0,0,1
"POINT (7.083187370000076 51.471799850000082)",Unfall 44553 (2024) Kat:3, Licht: 2,44553,3,7,0,07,21,7,0,2,1,0,1,0,0,0
"POINT (6.972001979000026 51.449515546000043)",Unfall 44582 (2024) Kat:3, Licht: 0,44582,3,2,0,08,10,6,0,0,1,1,0,0,0,0
"POINT (6.993116074000056 51.519292622000080)",Unfall 44651 (2024) Kat:3, Licht: 0,44651,3,6,2,07,11,6,0,0,0,1,0,0,0,0
"POINT (7.014357045000054 51.473329803000070)",Unfall 44652 (2024) Kat:3, Licht: 0,44652,3,6,2,07,14,6,0,0,0,1,0,0,1,0
"POINT (6.955943625000032 51.472515055000031)",Unfall 44653 (2024) Kat:3, Licht: 0,44653,3,6,2,07,10,6,0,0,0,1,0,0,0,0
"POINT (7.106282214000032 51.453977295000072)",Unfall 44654 (2024) Kat:3, Licht: 0,44654,3,4,0,07,08,6,0,0,1,0,1,0,0,0
"POINT (7.033907517000046 51.442742207000038)",Unfall 44655 (2024) Kat:2, Licht: 0,44655,2,4,6,07,20,6,0,0,0,1,1,0,0,0
"POINT (6.988853442000050 51.453493709000043)",Unfall 44656 (2024) Kat:3, Licht: 2,44656,3,3,5,07,22,6,0,2,0,1,0,0,0,1
"POINT (7.035493084000052 51.441154044000029)",Unfall 44790 (2024) Kat:3, Licht: 0,44790,3,3,5,07,08,5,0,0,1,1,0,0,0,0
"POINT (7.033871618000035 51.442665629000032)",Unfall 44791 (2024) Kat:3, Licht: 0,44791,3,1,0,07,16,5,0,0,0,0,0,0,0,1
"POINT (7.029118107000045 51.437591211000040)",Unfall 44792 (2024) Kat:3, Licht: 0,44792,3,3,5,07,13,5,0,0,0,1,0,0,0,0
"POINT (7.033704559000057 51.458158610000055)",Unfall 44793 (2024) Kat:3, Licht: 0,44793,3,7,0,07,20,5,0,0,0,0,0,1,0,0
"POINT (6.981051459000071 51.381785948000072)",Unfall 44825 (2024) Kat:2, Licht: 0,44825,2,1,4,07,18,7,0,0,0,1,0,0,0,0
"POINT (7.077827114000058 51.449191660000054)",Unfall 44837 (2024) Kat:2, Licht: 2,44837,2,1,0,07,01,1,1,2,1,0,0,0,0,0
"POINT (6.951694049000025 51.495142246000057)",Unfall 44875 (2024) Kat:3, Licht: 0,44875,3,6,0,07,17,4,0,0,1,1,0,0,0,0
"POINT (7.071076665000021 51.458650716000079)",Unfall 44877 (2024) Kat:3, Licht: 0,44877,3,7,0,07,06,4,0,0,0,1,0,0,0,1
"POINT (7.073175266000021 51.450393109000061)",Unfall 44878 (2024) Kat:3, Licht: 2,44878,3,7,0,07,00,4,0,2,1,0,0,0,0,0
"POINT (7.014072457000054 51.507775611000056)",Unfall 44882 (2024) Kat:3, Licht: 0,44882,3,1,8,07,06,4,0,0,0,0,0,0,0,1
"POINT (7.047944586000028 51.427345697000078)",Unfall 44891 (2024) Kat:3, Licht: 0,44891,3,1,0,07,16,6,0,0,0,0,0,0,0,1
"POINT (6.979610744000070 51.418826741000032)",Unfall 44978 (2024) Kat:2, Licht: 2,44978,2,3,5,07,22,2,0,2,0,1,0,0,0,0
"POINT (6.954238699000030 51.480093584000031)",Unfall 44984 (2024) Kat:3, Licht: 0,44984,3,7,1,07,10,3,0,0,0,1,0,0,0,0
"POINT (6.926440833000072 51.466870846000063)",Unfall 44986 (2024) Kat:3, Licht: 0,44986,3,7,0,07,09,3,0,0,0,0,0,0,0,1
"POINT (6.979849058000070 51.468217670000058)",Unfall 44987 (2024) Kat:3, Licht: 0,44987,3,7,6,07,05,3,0,0,0,1,1,0,0,0
"POINT (6.987779050000029 51.436884570000075)",Unfall 44988 (2024) Kat:3, Licht: 0,44988,3,6,4,07,15,3,0,0,0,1,0,0,0,0
"POINT (7.008854631000077 51.483325937000075)",Unfall 45117 (2024) Kat:3, Licht: 0,45117,3,6,2,07,08,2,0,0,0,1,0,0,0,0
"POINT (7.009948325000039 51.500275267000063)",Unfall 45118 (2024) Kat:3, Licht: 0,45118,3,3,4,07,10,2,0,0,0,1,0,0,0,0
"POINT (6.994015536000063 51.454724506000048)",Unfall 45119 (2024) Kat:3, Licht: 0,45119,3,6,2,07,16,2,0,0,0,1,0,0,0,0
"POINT (7.000619266000058 51.474255278000044)",Unfall 45229 (2024) Kat:3, Licht: 0,45229,3,6,2,07,07,3,0,0,0,1,0,0,0,0
"POINT (7.077400280000063 51.455887079000036)",Unfall 45239 (2024) Kat:3, Licht: 0,45239,3,7,0,07,11,1,0,0,1,1,0,0,0,0
"POINT (6.955943625000032 51.472515055000031)",Unfall 45352 (2024) Kat:3, Licht: 0,45352,3,2,4,07,16,7,0,0,0,1,0,0,0,0
"POINT (6.987242455000057 51.411996490000035)",Unfall 45354 (2024) Kat:3, Licht: 2,45354,3,5,1,07,23,7,0,2,0,1,0,0,0,1
"POINT (7.016736270000024 51.508796514000039)",Unfall 45362 (2024) Kat:3, Licht: 2,45362,3,6,2,07,00,7,0,2,0,1,0,0,0,0
"POINT (7.016988369000046 51.454760918000034)",Unfall 45438 (2024) Kat:3, Licht: 0,45438,3,6,9,07,10,3,0,0,0,1,0,0,0,0
"POINT (7.011551409000049 51.442921599000044)",Unfall 45446 (2024) Kat:3, Licht: 0,45446,3,6,2,07,13,6,1,0,0,1,0,0,0,0
"POINT (7.007004612000060 51.472623552000073)",Unfall 45542 (2024) Kat:3, Licht: 0,45542,3,6,1,08,15,4,0,0,0,1,0,0,0,0
"POINT (7.033657251000022 51.449719225000081)",Unfall 45543 (2024) Kat:3, Licht: 2,45543,3,7,0,08,23,4,0,2,0,0,0,0,0,1
"POINT (7.031321135000042 51.460518808000074)",Unfall 45715 (2024) Kat:3, Licht: 2,45715,3,3,4,08,23,2,0,2,0,1,0,0,0,0
"POINT (7.047193453000034 51.457211611000048)",Unfall 45717 (2024) Kat:3, Licht: 0,45717,3,6,3,08,14,2,0,0,0,1,0,0,1,0
"POINT (6.996542519000059 51.504378020000047)",Unfall 45718 (2024) Kat:3, Licht: 2,45718,3,1,9,08,23,2,0,2,0,0,0,1,0,0
"POINT (7.007040168000060 51.511949141000059)",Unfall 45798 (2024) Kat:3, Licht: 0,45798,3,6,5,08,11,1,0,0,1,1,0,0,0,0
"POINT (7.055724263000059 51.428521934000059)",Unfall 45799 (2024) Kat:3, Licht: 0,45799,3,2,0,08,11,1,0,0,1,1,0,0,0,0
"POINT (7.003050377000022 51.447358012000052)",Unfall 45800 (2024) Kat:3, Licht: 0,45800,3,6,2,08,17,1,0,0,0,1,0,0,0,0
"POINT (7.001007801000071 51.517412999000044)",Unfall 45905 (2024) Kat:3, Licht: 0,45905,3,1,0,08,16,7,0,0,1,0,0,0,0,0
"POINT (7.007349672000032 51.509809832000030)",Unfall 45906 (2024) Kat:3, Licht: 0,45906,3,6,3,08,20,7,0,0,0,1,0,0,0,0
"POINT (7.088614018000044 51.382559845000060)",Unfall 45907 (2024) Kat:3, Licht: 0,45907,3,1,0,08,20,7,0,0,0,0,0,1,0,0
"POINT (7.045988641000065 51.485979562000068)",Unfall 46009 (2024) Kat:3, Licht: 2,46009,3,4,6,08,22,6,0,2,0,1,1,0,0,0
"POINT (7.001596292000045 51.481729891000043)",Unfall 46010 (2024) Kat:3, Licht: 0,46010,3,4,6,08,20,6,0,0,0,1,1,0,0,0
"POINT (6.927725608000060 51.465996094000047)",Unfall 46011 (2024) Kat:2, Licht: 0,46011,2,1,0,08,15,6,1,0,0,0,0,1,0,0
"POINT (6.991983024000035 51.438488564000068)",Unfall 46012 (2024) Kat:3, Licht: 2,46012,3,3,5,08,22,6,0,2,0,1,0,1,0,0
"POINT (7.004391753000050 51.458329706000029)",Unfall 46013 (2024) Kat:3, Licht: 0,46013,3,6,2,08,15,6,1,0,0,1,0,1,0,0
"POINT (7.015358095000067 51.461105855000028)",Unfall 46014 (2024) Kat:3, Licht: 0,46014,3,6,2,08,17,6,1,0,0,1,0,0,0,0
"POINT (6.939802843000052 51.357307518000027)",Unfall 46126 (2024) Kat:3, Licht: 0,46126,3,6,2,08,11,5,0,0,0,1,0,0,0,0
"POINT (6.942777489000036 51.357193384000027)",Unfall 46127 (2024) Kat:3, Licht: 0,46127,3,7,3,08,17,5,0,0,1,1,0,0,0,0
"POINT (6.944499282000038 51.390869205000058)",Unfall 46128 (2024) Kat:3, Licht: 0,46128,3,3,5,08,19,5,0,0,1,1,0,0,0,0
"POINT (7.035552514000074 51.441079087000048)",Unfall 46129 (2024) Kat:3, Licht: 2,46129,3,3,0,08,21,5,0,2,1,1,0,0,0,0
"POINT (7.020641297000054 51.446706073000030)",Unfall 46130 (2024) Kat:3, Licht: 0,46130,3,6,3,08,17,5,0,0,1,1,0,0,0,0
"POINT (7.006235905000040 51.455900916000076)",Unfall 46131 (2024) Kat:3, Licht: 2,46131,3,3,5,08,00,5,0,2,0,1,0,0,0,0
"POINT (7.015845512000055 51.453760933000069)",Unfall 46132 (2024) Kat:3, Licht: 2,46132,3,7,5,08,22,5,0,2,0,1,0,0,0,1
"POINT (7.025875641000027 51.421030178000080)",Unfall 46221 (2024) Kat:3, Licht: 0,46221,3,3,5,08,12,4,0,0,0,1,0,0,0,1
"POINT (7.071032515000070 51.458643073000076)",Unfall 46222 (2024) Kat:3, Licht: 0,46222,3,1,0,08,14,4,0,0,0,0,0,0,0,1
"POINT (7.028487595000058 51.451801410000030)",Unfall 46223 (2024) Kat:3, Licht: 0,46223,3,7,6,08,16,4,0,0,0,1,1,0,0,0
"POINT (7.003050658000063 51.447357737000061)",Unfall 46224 (2024) Kat:3, Licht: 0,46224,3,6,2,08,11,4,0,0,0,1,0,0,1,0
"POINT (7.023138105000044 51.447770834000039)",Unfall 46265 (2024) Kat:3, Licht: 0,46265,3,7,2,08,17,6,1,0,0,1,0,0,0,1
"POINT (7.012443192000035 51.461968390000038)",Unfall 46337 (2024) Kat:3, Licht: 0,46337,3,5,0,08,14,3,0,0,1,0,0,0,0,1
"POINT (7.095426792000069 51.469784606000076)",Unfall 46343 (2024) Kat:3, Licht: 0,46343,3,6,2,08,16,3,0,0,0,1,0,0,0,0
"POINT (6.958863815000029 51.440901356000040)",Unfall 46344 (2024) Kat:3, Licht: 0,46344,3,6,2,08,18,3,0,0,0,1,0,0,0,0
"POINT (7.006800507000037 51.515109338000059)",Unfall 46442 (2024) Kat:3, Licht: 2,46442,3,7,0,08,00,2,0,2,0,0,0,0,0,1
"POINT (7.044538557000067 51.469112740000071)",Unfall 46443 (2024) Kat:3, Licht: 1,46443,3,7,0,08,21,2,0,1,0,0,0,0,0,1
"POINT (7.046436784000036 51.464929018000078)",Unfall 46444 (2024) Kat:3, Licht: 0,46444,3,7,0,08,08,2,0,0,0,0,0,0,0,1
"POINT (7.078208788000040 51.461177473000077)",Unfall 46445 (2024) Kat:3, Licht: 0,46445,3,4,6,08,18,2,0,0,0,1,1,0,0,0
"POINT (6.988821928000050 51.453466904000038)",Unfall 46446 (2024) Kat:2, Licht: 0,46446,2,4,6,08,20,2,0,0,0,1,1,0,0,0
"POINT (6.969495857000027 51.461430460000031)",Unfall 46531 (2024) Kat:3, Licht: 2,46531,3,2,0,08,02,1,1,2,0,1,0,0,0,1
"POINT (7.041077046000055 51.445462599000052)",Unfall 46532 (2024) Kat:3, Licht: 0,46532,3,6,2,08,07,1,1,0,0,1,0,0,0,0
"POINT (6.961394160000054 51.470804887000043)",Unfall 46616 (2024) Kat:3, Licht: 0,46616,3,6,5,08,10,7,0,0,0,1,0,0,0,0
"POINT (6.978650610000045 51.470708519000027)",Unfall 46617 (2024) Kat:2, Licht: 0,46617,2,1,0,08,10,7,1,0,0,0,0,1,0,0
"POINT (7.016632326000035 51.450530912000033)",Unfall 46618 (2024) Kat:3, Licht: 0,46618,3,3,0,08,06,7,0,0,0,1,0,0,0,0