WKT,Name,OBJECTID,UKATEGORIE,UTYP1,UART,UMONAT,USTUNDE,UWOCHENTAG,STRZUSTAND,ULICHTVERH,ISTRAD,ISTPKW,ISTFUSS,ISTKRAD,ISTGKFZ,ISTSONSTIG
"POINT (7.018376873000022 51.449019668000062)",Unfall 46793 (2024) Kat:2, Licht: 2,46793,2,6,0,08,23,3,0,2,1,0,0,0,0,0
"POINT (6.997280706000026 51.458917127000063)",Unfall 46794 (2024) Kat:3, Licht: 0,46794,3,2,0,08,18,3,0,0,1,1,0,0,0,0
"POINT (7.007088947000057 51.511284823000040)",Unfall 46908 (2024) Kat:3, Licht: 0,46908,3,7,0,08,17,2,0,0,0,1,0,0,0,1
"POINT (6.999042572000064 51.423235371000033)",Unfall 46909 (2024) Kat:3, Licht: 0,46909,3,7,2,08,15,2,0,0,0,1,0,0,0,0
"POINT (7.068825731000061 51.455464472000074)",Unfall 46910 (2024) Kat:3, Licht: 0,46910,3,6,0,08,13,2,0,0,1,0,1,0,0,0
"POINT (7.001096083000050 51.465138602000081)",Unfall 46911 (2024) Kat:3, Licht: 2,46911,3,3,5,08,21,2,0,2,0,1,0,0,0,0
"POINT (7.015862900000059 51.454186413000059)",Unfall 46912 (2024) Kat:3, Licht: 0,46912,3,6,3,08,08,2,0,0,0,1,0,0,0,0
"POINT (7.037269806000040 51.446490576000031)",Unfall 46919 (2024) Kat:3, Licht: 2,46919,3,6,3,08,05,2,0,2,0,1,0,0,0,0
"POINT (7.015068492000069 51.460354185000028)",Unfall 47010 (2024) Kat:3, Licht: 0,47010,3,1,3,08,19,1,0,0,0,1,0,0,0,1
"POINT (6.948436779000076 51.482195210000043)",Unfall 47122 (2024) Kat:3, Licht: 0,47122,3,2,6,08,17,7,0,0,0,1,1,0,0,0
"POINT (6.982106655000052 51.460037050000039)",Unfall 47123 (2024) Kat:3, Licht: 0,47123,3,7,6,08,20,7,0,0,0,1,1,0,0,1
"POINT (6.937128260000065 51.358272917000079)",Unfall 47124 (2024) Kat:3, Licht: 0,47124,3,6,0,08,17,7,0,0,0,1,0,0,0,1
"POINT (7.001141085000029 51.441675543000031)",Unfall 47125 (2024) Kat:3, Licht: 0,47125,3,7,0,08,12,7,0,0,1,1,0,0,0,0
"POINT (7.013145764000058 51.450395898000068)",Unfall 47126 (2024) Kat:3, Licht: 0,47126,3,7,0,08,19,7,0,0,0,1,0,0,0,0
"POINT (7.012413498000058 51.449969963000058)",Unfall 47127 (2024) Kat:3, Licht: 0,47127,3,7,5,08,12,7,0,0,0,1,0,0,0,1
"POINT (7.007494176000023 51.451624266000067)",Unfall 47128 (2024) Kat:3, Licht: 0,47128,3,6,2,08,14,7,0,0,0,1,0,0,0,0
"POINT (7.032206012000074 51.459674971000027)",Unfall 47129 (2024) Kat:3, Licht: 2,47129,3,6,3,08,22,7,1,2,0,1,0,0,0,0
"POINT (7.044725249000066 51.455821980000053)",Unfall 47131 (2024) Kat:3, Licht: 2,47131,3,6,3,08,22,7,1,2,0,1,0,0,0,0
"POINT (6.975184558000024 51.425921538000068)",Unfall 47247 (2024) Kat:3, Licht: 0,47247,3,5,2,08,10,6,0,0,0,1,0,0,0,1
"POINT (7.075803549000057 51.451735832000054)",Unfall 47336 (2024) Kat:3, Licht: 0,47336,3,7,0,08,15,1,0,0,1,0,0,0,0,0
"POINT (6.939545402000022 51.462382526000056)",Unfall 47390 (2024) Kat:3, Licht: 0,47390,3,7,0,08,17,7,0,0,0,1,0,0,0,1
"POINT (7.034423620000041 51.459439728000063)",Unfall 47426 (2024) Kat:3, Licht: 0,47426,3,7,2,08,15,2,0,0,0,1,0,0,0,0
"POINT (7.039302090000035 51.476507305000041)",Unfall 47498 (2024) Kat:3, Licht: 0,47498,3,3,5,08,06,4,0,0,0,1,0,0,0,0
"POINT (6.920587494000074 51.454097115000081)",Unfall 47499 (2024) Kat:3, Licht: 0,47499,3,3,5,08,17,4,0,0,1,1,0,0,0,0
"POINT (7.022591955000053 51.419479314000057)",Unfall 47500 (2024) Kat:3, Licht: 0,47500,3,6,5,08,12,4,0,0,1,1,0,0,0,0
"POINT (7.007752084000060 51.468229969000049)",Unfall 47501 (2024) Kat:3, Licht: 2,47501,3,6,2,08,21,4,0,2,0,1,0,0,0,0
"POINT (7.005567402000054 51.507445174000054)",Unfall 47508 (2024) Kat:3, Licht: 2,47508,3,6,2,08,22,4,0,2,0,1,0,0,0,0
"POINT (7.028794323000056 51.450670347000028)",Unfall 47623 (2024) Kat:3, Licht: 0,47623,3,6,1,08,14,3,0,0,0,1,0,0,0,0
"POINT (7.007224887000064 51.517762431000051)",Unfall 47751 (2024) Kat:3, Licht: 0,47751,3,2,3,08,12,2,0,0,1,0,0,0,1,0
"POINT (7.008853419000047 51.483331985000063)",Unfall 47752 (2024) Kat:3, Licht: 0,47752,3,7,0,08,09,2,0,0,0,0,0,0,0,1
"POINT (6.999189237000053 51.485666982000055)",Unfall 47754 (2024) Kat:3, Licht: 1,47754,3,3,5,08,06,2,0,1,0,1,0,0,0,0
"POINT (7.009000371000070 51.484163128000034)",Unfall 47755 (2024) Kat:3, Licht: 2,47755,3,6,2,08,02,2,0,2,0,1,0,0,0,0
"POINT (6.980082847000062 51.438331657000049)",Unfall 47756 (2024) Kat:3, Licht: 2,47756,3,5,9,08,02,2,0,2,0,1,0,0,0,0
"POINT (7.038219463000075 51.439484761000074)",Unfall 47757 (2024) Kat:3, Licht: 0,47757,3,6,1,08,12,2,0,0,0,1,0,0,0,1
"POINT (7.015552492000040 51.456402475000061)",Unfall 47758 (2024) Kat:3, Licht: 0,47758,3,7,5,08,18,2,0,0,1,0,0,0,0,1
"POINT (7.036033362000069 51.383965756000066)",Unfall 47764 (2024) Kat:2, Licht: 2,47764,2,6,0,08,23,5,0,2,1,0,0,0,0,0
"POINT (6.985364467000068 51.422004351000055)",Unfall 47765 (2024) Kat:3, Licht: 0,47765,3,1,9,08,16,2,0,0,0,1,0,0,0,0
"POINT (7.003054238000061 51.447354218000044)",Unfall 47871 (2024) Kat:3, Licht: 2,47871,3,2,5,08,00,1,1,2,0,1,0,0,0,0
"POINT (6.980242571000076 51.487464058000057)",Unfall 47986 (2024) Kat:3, Licht: 0,47986,3,7,0,08,18,7,0,0,1,0,0,0,0,0
"POINT (6.951888339000050 51.495204873000034)",Unfall 47988 (2024) Kat:3, Licht: 0,47988,3,3,5,08,13,7,0,0,0,1,0,0,0,0
"POINT (7.021741125000062 51.388173692000066)",Unfall 47989 (2024) Kat:2, Licht: 0,47989,2,2,5,08,14,7,0,0,0,1,0,1,0,0
"POINT (6.978685357000074 51.434619230000067)",Unfall 47991 (2024) Kat:2, Licht: 0,47991,2,1,0,08,10,7,1,0,1,0,0,0,0,0
"POINT (7.078048209000031 51.458024549000072)",Unfall 47992 (2024) Kat:2, Licht: 0,47992,2,4,0,08,14,7,0,0,0,1,1,0,0,0
"POINT (6.956286013000067 51.402404192000063)",Unfall 47998 (2024) Kat:3, Licht: 1,47998,3,6,2,08,06,7,1,1,0,1,0,0,0,0
"POINT (6.997277421000035 51.505904512000029)",Unfall 48000 (2024) Kat:3, Licht: 0,48000,3,6,2,08,14,7,0,0,0,1,0,0,0,0
"POINT (7.010103134000076 51.483412300000055)",Unfall 48102 (2024) Kat:3, Licht: 0,48102,3,6,0,08,14,6,0,0,0,1,0,0,0,1
"POINT (6.962867010000025 51.463096256000028)",Unfall 48247 (2024) Kat:3, Licht: 0,48247,3,1,0,08,17,5,0,0,1,0,0,0,0,0
"POINT (6.913484925000034 51.362010824000038)",Unfall 48248 (2024) Kat:3, Licht: 0,48248,3,3,5,08,20,5,0,0,1,1,0,0,0,0
"POINT (7.030842035000035 51.450840152000069)",Unfall 48249 (2024) Kat:3, Licht: 0,48249,3,1,0,08,18,5,0,0,0,0,0,1,0,0
"POINT (7.007794774000047 51.450510690000044)",Unfall 48250 (2024) Kat:3, Licht: 0,48250,3,6,3,08,11,5,0,0,0,1,0,0,0,0
"POINT (7.003050324000071 51.447358064000070)",Unfall 48306 (2024) Kat:3, Licht: 2,48306,3,3,5,08,02,4,1,2,0,1,0,0,0,0
"POINT (6.903732617000060 51.480003130000057)",Unfall 48335 (2024) Kat:3, Licht: 0,48335,3,1,0,09,17,7,0,0,1,0,0,0,0,0
"POINT (7.006121778000022 51.444692358000054)",Unfall 48411 (2024) Kat:3, Licht: 1,48411,3,6,2,09,06,6,0,1,0,1,0,0,0,0
"POINT (7.011237868000023 51.507905675000075)",Unfall 48413 (2024) Kat:3, Licht: 0,48413,3,6,2,09,15,6,0,0,0,1,0,0,0,0
"POINT (6.967376818000048 51.461208019000026)",Unfall 48497 (2024) Kat:3, Licht: 0,48497,3,6,0,09,12,5,1,0,0,1,0,0,0,1
"POINT (7.014503999000056 51.458918843000049)",Unfall 48498 (2024) Kat:3, Licht: 0,48498,3,1,8,09,15,5,0,0,0,0,0,0,0,1
"POINT (6.988498251000067 51.445209738000074)",Unfall 48500 (2024) Kat:3, Licht: 0,48500,3,6,9,09,07,5,1,0,0,1,0,0,0,0
"POINT (6.967797032000021 51.486150705000057)",Unfall 48593 (2024) Kat:3, Licht: 0,48593,3,1,2,09,18,4,1,0,0,1,0,0,0,0
"POINT (7.020435700000064 51.510159252000051)",Unfall 48596 (2024) Kat:3, Licht: 0,48596,3,6,2,09,17,4,1,0,0,1,0,0,0,1
"POINT (7.072476085000062 51.450583292000033)",Unfall 48687 (2024) Kat:2, Licht: 0,48687,2,1,0,09,08,3,1,0,0,0,0,1,0,0
"POINT (7.017135260000032 51.463827470000069)",Unfall 48688 (2024) Kat:3, Licht: 2,48688,3,2,3,09,00,3,1,2,0,1,0,0,0,1
"POINT (7.010574652000059 51.460979650000070)",Unfall 48689 (2024) Kat:3, Licht: 0,48689,3,1,1,09,09,3,0,0,0,1,0,0,0,0
"POINT (6.964284116000044 51.450381245000074)",Unfall 48784 (2024) Kat:3, Licht: 0,48784,3,3,5,09,18,2,1,0,0,1,0,0,0,0
"POINT (7.015358095000067 51.461105855000028)",Unfall 48785 (2024) Kat:3, Licht: 0,48785,3,1,3,09,07,2,1,0,1,1,0,0,0,0
"POINT (7.068641640000067 51.449348546000067)",Unfall 48872 (2024) Kat:3, Licht: 1,48872,3,7,0,09,20,1,0,1,0,1,0,0,0,0
"POINT (7.087476988000049 51.466753239000070)",Unfall 48881 (2024) Kat:3, Licht: 0,48881,3,3,5,09,17,4,1,0,1,1,0,0,0,0
"POINT (7.108512518000055 51.471708929000044)",Unfall 48889 (2024) Kat:3, Licht: 0,48889,3,6,2,09,16,6,0,0,0,1,0,0,0,0
"POINT (6.904445056000043 51.479743388000031)",Unfall 48977 (2024) Kat:3, Licht: 0,48977,3,3,5,09,14,7,0,0,0,1,0,0,0,0
"POINT (7.084042909000061 51.470672863000061)",Unfall 48978 (2024) Kat:3, Licht: 0,48978,3,2,5,09,15,7,0,0,1,1,0,0,0,0
"POINT (7.062426546000040 51.446272331000046)",Unfall 48980 (2024) Kat:2, Licht: 0,48980,2,1,0,09,10,7,0,0,0,0,0,1,0,0
"POINT (7.047025281000060 51.456922088000056)",Unfall 48989 (2024) Kat:3, Licht: 0,48989,3,6,3,09,13,7,0,0,0,1,0,0,1,0
"POINT (6.964245524000034 51.461539443000049)",Unfall 49067 (2024) Kat:3, Licht: 2,49067,3,4,6,09,21,7,0,2,0,0,1,0,0,1
"POINT (7.009124304000068 51.482861688000071)",Unfall 49107 (2024) Kat:3, Licht: 0,49107,3,3,6,09,14,6,0,0,0,1,1,0,0,0
"POINT (7.076207850000060 51.444199867000066)",Unfall 49108 (2024) Kat:2, Licht: 0,49108,2,1,8,09,14,6,0,0,1,0,0,0,0,0
"POINT (7.017415725000035 51.450821241000028)",Unfall 49109 (2024) Kat:2, Licht: 0,49109,2,1,9,09,17,6,0,0,1,0,0,0,0,0
"POINT (7.018337358000053 51.469860045000075)",Unfall 49110 (2024) Kat:3, Licht: 0,49110,3,3,6,09,11,6,0,0,0,1,1,0,0,0
"POINT (7.077498584000068 51.378274258000033)",Unfall 49118 (2024) Kat:3, Licht: 0,49118,3,7,8,09,15,6,0,0,0,0,0,1,0,0
"POINT (7.051994136000076 51.481233502000066)",Unfall 49228 (2024) Kat:3, Licht: 0,49228,3,1,8,09,14,5,0,0,0,1,0,0,0,0
"POINT (7.080444836000026 51.466122079000058)",Unfall 49229 (2024) Kat:3, Licht: 0,49229,3,7,6,09,14,5,0,0,0,1,1,0,0,0
"POINT (7.053366242000038 51.445725591000041)",Unfall 49230 (2024) Kat:3, Licht: 0,49230,3,3,5,09,16,5,0,0,1,1,0,0,0,0
"POINT (7.080017894000036 51.465339320000055)",Unfall 49231 (2024) Kat:3, Licht: 0,49231,3,1,5,09,19,5,0,0,0,1,0,0,0,1
"POINT (7.012478037000051 51.461980195000081)",Unfall 49232 (2024) Kat:3, Licht: 0,49232,3,3,0,09,11,5,0,0,0,1,0,0,0,1
"POINT (7.015358095000067 51.461105855000028)",Unfall 49233 (2024) Kat:3, Licht: 0,49233,3,4,6,09,11,5,0,0,0,1,1,0,0,0
"POINT (6.980458132000024 51.488857685000028)",Unfall 49371 (2024) Kat:3, Licht: 0,49371,3,6,2,09,13,4,1,0,0,1,0,0,1,0
"POINT (7.001596292000045 51.481729891000043)",Unfall 49372 (2024) Kat:3, Licht: 0,49372,3,6,2,09,16,4,0,0,0,1,0,0,0,0
"POINT (6.932330165000053 51.372707336000076)",Unfall 49373 (2024) Kat:3, Licht: 2,49373,3,3,5,09,21,4,0,2,0,1,0,0,0,0
"POINT (7.056353558000069 51.423859879000076)",Unfall 49374 (2024) Kat:3, Licht: 0,49374,3,6,3,09,13,4,0,0,0,1,0,0,1,0
"POINT (7.046470602000056 51.465275795000082)",Unfall 49444 (2024) Kat:2, Licht: 0,49444,2,2,5,09,12,6,0,0,0,0,0,1,0,1
"POINT (7.046073106000051 51.486055684000064)",Unfall 49526 (2024) Kat:3, Licht: 0,49526,3,1,0,09,13,7,0,0,1,0,0,0,0,0
"POINT (7.049216087000048 51.506166933000031)",Unfall 49651 (2024) Kat:3, Licht: 0,49651,3,1,0,09,16,2,0,0,1,0,0,0,0,0
"POINT (7.003314867000029 51.388270568000053)",Unfall 49652 (2024) Kat:3, Licht: 0,49652,3,4,6,09,10,2,0,0,0,1,1,0,0,0
"POINT (7.055944635000060 51.432611470000040)",Unfall 49654 (2024) Kat:3, Licht: 1,49654,3,7,6,09,21,2,0,1,0,1,1,0,0,0
"POINT (6.994015536000063 51.454724506000048)",Unfall 49840 (2024) Kat:3, Licht: 0,49840,3,6,3,09,09,3,0,0,0,1,0,1,0,0
"POINT (7.078611348000038 51.462202074000061)",Unfall 49881 (2024) Kat:3, Licht: 0,49881,3,6,1,08,12,7,0,0,0,1,0,0,0,0
"POINT (7.046209899000075 51.465130108000039)",Unfall 49882 (2024) Kat:3, Licht: 0,49882,3,2,6,08,12,7,0,0,0,1,1,0,0,0
"POINT (7.048316993000071 51.457763174000036)",Unfall 49885 (2024) Kat:3, Licht: 2,49885,3,6,3,08,22,7,0,2,0,1,0,0,0,1
"POINT (7.008667398000057 51.460139253000079)",Unfall 49895 (2024) Kat:3, Licht: 0,49895,3,6,3,09,13,6,0,0,0,1,0,0,0,0
"POINT (6.973380691000045 51.449682591000055)",Unfall 50019 (2024) Kat:3, Licht: 2,50019,3,2,6,08,06,6,1,2,0,1,1,0,0,0
"POINT (7.000395034000064 51.466321685000082)",Unfall 50020 (2024) Kat:3, Licht: 0,50020,3,6,1,08,19,6,0,0,0,1,0,0,0,0
"POINT (6.954576196000062 51.467746207000062)",Unfall 50152 (2024) Kat:3, Licht: 0,50152,3,4,6,08,13,5,0,0,0,1,1,0,0,0
"POINT (6.998749164000060 51.421588195000027)",Unfall 50153 (2024) Kat:3, Licht: 0,50153,3,3,5,08,19,5,0,0,0,1,0,0,0,0
"POINT (7.024374879000050 51.437122307000038)",Unfall 50154 (2024) Kat:3, Licht: 0,50154,3,3,0,08,09,5,0,0,1,1,0,0,0,0
"POINT (6.988351831000045 51.440498549000040)",Unfall 50155 (2024) Kat:3, Licht: 0,50155,3,3,4,08,13,5,0,0,0,1,0,0,0,0
"POINT (7.055724263000059 51.428521934000059)",Unfall 50156 (2024) Kat:3, Licht: 0,50156,3,1,2,08,10,5,0,0,0,1,0,1,0,0
"POINT (7.010042094000028 51.483417568000050)",Unfall 50333 (2024) Kat:3, Licht: 0,50333,3,2,6,08,08,4,0,0,0,1,1,0,0,0
"POINT (7.060904096000058 51.488049746000058)",Unfall 50335 (2024) Kat:3, Licht: 0,50335,3,3,5,08,07,4,0,0,0,1,0,0,0,0
"POINT (6.962407314000075 51.419121733000054)",Unfall 50431 (2024) Kat:3, Licht: 0,50431,3,6,2,09,14,3,0,0,0,1,0,0,0,0
"POINT (7.026344029000029 51.469919258000061)",Unfall 50529 (2024) Kat:3, Licht: 0,50529,3,1,0,09,15,2,1,0,0,0,0,1,0,0
"POINT (7.035503024000036 51.441141507000054)",Unfall 50530 (2024) Kat:2, Licht: 0,50530,2,3,5,09,08,2,0,0,0,1,0,0,0,1
"POINT (7.027675791000036 51.437052823000045)",Unfall 50531 (2024) Kat:3, Licht: 0,50531,3,4,6,09,14,2,0,0,0,1,1,0,0,0
"POINT (7.004182494000077 51.459246176000079)",Unfall 50532 (2024) Kat:3, Licht: 1,50532,3,6,3,09,20,2,0,1,0,1,0,0,0,0
"POINT (7.007664097000031 51.504156029000058)",Unfall 50645 (2024) Kat:3, Licht: 0,50645,3,3,5,09,11,1,0,0,1,0,0,0,0,0
"POINT (7.016820700000039 51.367568072000040)",Unfall 50646 (2024) Kat:3, Licht: 0,50646,3,1,0,09,16,1,0,0,0,0,0,0,0,1
"POINT (7.062727856000038 51.485531636000076)",Unfall 50749 (2024) Kat:3, Licht: 0,50749,3,2,6,09,09,7,0,0,0,1,1,0,0,0
"POINT (7.036215478000031 51.383974943000055)",Unfall 50750 (2024) Kat:2, Licht: 0,50750,2,1,4,09,18,7,0,0,0,1,0,1,0,0
"POINT (7.017415725000035 51.450821241000028)",Unfall 50751 (2024) Kat:2, Licht: 0,50751,2,6,2,09,19,7,0,0,0,1,0,0,0,0
"POINT (6.983622424000032 51.444359310000038)",Unfall 50905 (2024) Kat:3, Licht: 2,50905,3,6,2,09,22,6,0,2,0,0,0,1,0,0
"POINT (7.035673522000025 51.423991190000038)",Unfall 50906 (2024) Kat:3, Licht: 2,50906,3,4,6,09,22,6,0,2,0,1,1,0,0,0
"POINT (7.012478037000051 51.461980195000081)",Unfall 50907 (2024) Kat:3, Licht: 2,50907,3,3,5,09,20,6,0,2,0,1,0,0,0,0
"POINT (7.022835014000066 51.436319901000047)",Unfall 50913 (2024) Kat:3, Licht: 0,50913,3,6,2,09,15,6,0,0,0,1,0,0,0,0
"POINT (6.946568176000028 51.362134527000080)",Unfall 51053 (2024) Kat:3, Licht: 0,51053,3,1,3,09,13,5,0,0,0,1,0,0,0,1
"POINT (7.078242463000038 51.460017790000052)",Unfall 51054 (2024) Kat:3, Licht: 0,51054,3,7,5,09,16,5,0,0,0,1,0,1,0,0
"POINT (7.007501452000042 51.508830091000050)",Unfall 51055 (2024) Kat:3, Licht: 0,51055,3,3,5,09,08,5,0,0,0,1,0,0,1,0
"POINT (7.048442739000052 51.511008353000079)",Unfall 51196 (2024) Kat:3, Licht: 0,51196,3,1,2,09,07,4,0,0,0,1,0,0,0,1
"POINT (7.005425705000050 51.477619651000055)",Unfall 51197 (2024) Kat:3, Licht: 0,51197,3,6,2,09,18,4,0,0,0,1,0,0,0,0
"POINT (7.000181134000059 51.493300337000051)",Unfall 51198 (2024) Kat:3, Licht: 1,51198,3,5,1,09,06,4,0,1,0,1,0,0,0,0
"POINT (7.009675084000037 51.500241587000062)",Unfall 51199 (2024) Kat:3, Licht: 1,51199,3,3,5,09,07,4,0,1,1,1,0,0,0,0
"POINT (6.984351401000026 51.475794505000067)",Unfall 51200 (2024) Kat:3, Licht: 0,51200,3,6,2,09,15,4,0,0,0,1,0,0,0,0
"POINT (7.014792704000058 51.407462509000027)",Unfall 51201 (2024) Kat:3, Licht: 0,51201,3,6,0,09,17,4,0,0,1,0,0,0,0,0
"POINT (6.996182799000053 51.492315207000047)",Unfall 51297 (2024) Kat:2, Licht: 2,51297,2,1,0,09,22,3,0,2,0,1,1,0,0,0
"POINT (7.009777089000067 51.449774714000057)",Unfall 51299 (2024) Kat:3, Licht: 0,51299,3,3,5,09,14,3,0,0,0,1,0,0,1,0
"POINT (6.991727142000059 51.383867320000036)",Unfall 51405 (2024) Kat:3, Licht: 0,51405,3,3,5,09,09,3,0,0,0,1,0,1,0,0
"POINT (7.039098910000064 51.424692401000073)",Unfall 51504 (2024) Kat:3, Licht: 1,51504,3,7,9,09,19,1,0,1,0,1,0,0,0,0
"POINT (7.009787524000046 51.507826757000032)",Unfall 51509 (2024) Kat:2, Licht: 0,51509,2,6,2,09,13,1,0,0,0,1,0,0,0,0
"POINT (6.956244119000075 51.478851906000045)",Unfall 51662 (2024) Kat:3, Licht: 2,51662,3,5,0,10,22,4,1,2,0,1,0,0,0,0
"POINT (7.018337358000053 51.469860045000075)",Unfall 51663 (2024) Kat:3, Licht: 2,51663,3,3,5,10,22,4,1,2,0,1,0,0,0,0
"POINT (6.960527506000062 51.441101177000064)",Unfall 51668 (2024) Kat:3, Licht: 0,51668,3,6,2,10,17,4,1,0,0,1,0,0,0,0
"POINT (7.008341718000054 51.523873206000076)",Unfall 51767 (2024) Kat:3, Licht: 0,51767,3,6,6,10,09,3,1,0,0,0,1,0,0,1
"POINT (7.050396985000020 51.490115441000057)",Unfall 51768 (2024) Kat:3, Licht: 0,51768,3,4,0,10,14,3,0,0,0,1,1,0,0,0
"POINT (7.092342562000056 51.467991117000054)",Unfall 51770 (2024) Kat:3, Licht: 0,51770,3,6,2,10,08,3,0,0,0,1,0,0,0,0
"POINT (6.948445776000028 51.482192472000065)",Unfall 51883 (2024) Kat:3, Licht: 0,51883,3,2,5,10,09,2,0,0,0,1,0,0,0,0
"POINT (7.083580389000076 51.444840217000035)",Unfall 51884 (2024) Kat:3, Licht: 0,51884,3,2,2,10,14,2,0,0,0,1,0,0,0,0
"POINT (7.021571624000046 51.468837993000079)",Unfall 51885 (2024) Kat:3, Licht: 0,51885,3,7,0,10,14,2,0,0,0,0,0,0,0,1
"POINT (7.026763458000062 51.451453994000076)",Unfall 51957 (2024) Kat:3, Licht: 2,51957,3,6,3,10,22,1,0,2,0,1,0,0,0,0
"POINT (7.037406824000072 51.446020023000074)",Unfall 51959 (2024) Kat:3, Licht: 0,51959,3,6,2,10,13,1,0,0,0,1,0,0,0,0
"POINT (7.009197636000067 51.484943708000060)",Unfall 51961 (2024) Kat:3, Licht: 1,51961,3,3,5,10,06,3,1,1,0,1,0,0,0,0
"POINT (6.948442048000061 51.482193607000056)",Unfall 52044 (2024) Kat:3, Licht: 0,52044,3,3,5,10,15,7,0,0,0,1,0,0,0,0
"POINT (6.959004798000024 51.419985280000049)",Unfall 52045 (2024) Kat:3, Licht: 0,52045,3,3,5,10,12,7,0,0,0,1,0,0,0,0
"POINT (7.020439760000045 51.510160975000076)",Unfall 52052 (2024) Kat:3, Licht: 0,52052,3,6,2,10,15,7,0,0,0,1,0,0,0,1
"POINT (7.006309328000043 51.440401393000059)",Unfall 52121 (2024) Kat:3, Licht: 0,52121,3,2,5,10,15,1,0,0,1,1,0,0,0,0
"POINT (6.934210328000063 51.491084395000030)",Unfall 52148 (2024) Kat:3, Licht: 0,52148,3,3,5,10,12,6,0,0,1,1,0,0,0,0
"POINT (7.038892634000035 51.478884818000040)",Unfall 52284 (2024) Kat:3, Licht: 2,52284,3,5,0,10,05,4,1,2,0,0,0,1,0,0
"POINT (6.988821928000050 51.453466904000038)",Unfall 52286 (2024) Kat:3, Licht: 0,52286,3,6,1,10,14,4,1,0,0,1,0,0,0,0
"POINT (7.012954353000055 51.449925770000050)",Unfall 52287 (2024) Kat:3, Licht: 0,52287,3,6,2,10,11,4,1,0,0,1,0,0,1,0
"POINT (7.094305858000041 51.469306787000050)",Unfall 52288 (2024) Kat:3, Licht: 0,52288,3,6,2,10,17,4,1,0,0,1,0,0,0,0
"POINT (7.102850196000077 51.472393957000065)",Unfall 52291 (2024) Kat:3, Licht: 2,52291,3,1,8,10,03,4,1,2,0,1,0,0,0,0
"POINT (7.000360907000072 51.483419085000037)",Unfall 52409 (2024) Kat:3, Licht: 2,52409,3,7,5,10,01,3,1,2,0,1,0,0,0,0
"POINT (6.977636680000046 51.461259443000074)",Unfall 52410 (2024) Kat:3, Licht: 2,52410,3,6,2,10,19,3,0,2,0,1,0,0,0,0
"POINT (7.030616552000026 51.450962040000036)",Unfall 52411 (2024) Kat:2, Licht: 1,52411,2,2,5,10,19,3,0,1,0,1,0,0,0,0
"POINT (6.989233639000076 51.473103931000026)",Unfall 52412 (2024) Kat:3, Licht: 0,52412,3,1,2,10,08,3,1,0,0,1,0,0,0,0
"POINT (7.015492740000070 51.461985572000060)",Unfall 52527 (2024) Kat:3, Licht: 0,52527,3,7,2,09,15,2,1,0,0,1,0,0,0,0
"POINT (6.979620227000055 51.419349037000075)",Unfall 52553 (2024) Kat:3, Licht: 2,52553,3,6,2,10,20,2,0,2,0,1,0,0,0,0
"POINT (6.982767263000028 51.489048830000058)",Unfall 52608 (2024) Kat:3, Licht: 2,52608,3,7,0,09,22,1,0,2,1,0,0,0,0,0
"POINT (6.954760020000037 51.462980683000069)",Unfall 52609 (2024) Kat:3, Licht: 0,52609,3,4,6,09,11,1,0,0,0,1,1,0,0,0
"POINT (7.011960591000047 51.475713263000046)",Unfall 52708 (2024) Kat:3, Licht: 1,52708,3,1,9,09,19,7,1,1,0,1,0,0,0,0
"POINT (6.943830189000039 51.462868788000037)",Unfall 52834 (2024) Kat:3, Licht: 2,52834,3,2,4,09,22,6,1,2,0,1,0,0,0,0
"POINT (6.999189237000053 51.485666982000055)",Unfall 52835 (2024) Kat:3, Licht: 2,52835,3,3,5,09,22,6,1,2,0,1,0,0,0,1
"POINT (6.976047677000054 51.414869900000042)",Unfall 52837 (2024) Kat:3, Licht: 0,52837,3,7,0,09,15,6,1,0,1,0,0,0,0,0
"POINT (6.988351831000045 51.440498549000040)",Unfall 52838 (2024) Kat:3, Licht: 0,52838,3,4,6,09,17,6,1,0,0,1,1,0,0,0
"POINT (7.023554557000068 51.461818568000069)",Unfall 52840 (2024) Kat:3, Licht: 2,52840,3,7,5,09,05,6,0,2,0,1,0,0,0,0
"POINT (7.023649852000062 51.497794686000077)",Unfall 52841 (2024) Kat:3, Licht: 0,52841,3,6,2,09,15,6,1,0,0,1,0,0,0,0
"POINT (6.981308762000026 51.444284396000057)",Unfall 52843 (2024) Kat:3, Licht: 2,52843,3,6,2,09,21,6,1,2,0,1,0,1,0,0
"POINT (7.101445031000026 51.472144410000055)",Unfall 52844 (2024) Kat:3, Licht: 2,52844,3,7,9,09,20,6,1,2,0,1,0,0,0,0
"POINT (7.094452507000028 51.469219850000059)",Unfall 52845 (2024) Kat:3, Licht: 2,52845,3,6,2,09,21,6,1,2,0,1,0,0,0,0
"POINT (6.975590627000031 51.424330770000040)",Unfall 52998 (2024) Kat:3, Licht: 0,52998,3,3,5,09,07,5,1,0,0,1,0,0,0,1
"POINT (7.077858367000033 51.466440493000050)",Unfall 52999 (2024) Kat:3, Licht: 0,52999,3,4,6,09,14,5,1,0,0,1,1,0,0,0
"POINT (7.033870169000068 51.442664167000032)",Unfall 53000 (2024) Kat:3, Licht: 0,53000,3,6,1,09,09,5,0,0,0,1,0,0,0,0