WKT,Name,OBJECTID,UKATEGORIE,UTYP1,UART,UMONAT,USTUNDE,UWOCHENTAG,STRZUSTAND,ULICHTVERH,ISTRAD,ISTPKW,ISTFUSS,ISTKRAD,ISTGKFZ,ISTSONSTIG
"POINT (7.029854849000060 51.451155018000065)",Unfall 57928 (2024) Kat:3, Licht: 2,57928,3,2,6,11,21,5,1,2,0,1,1,0,0,0
"POINT (7.104603390000023 51.458270697000046)",Unfall 57980 (2024) Kat:3, Licht: 2,57980,3,2,5,11,17,2,0,2,0,1,0,0,0,0
"POINT (7.012789577000035 51.450001028000031)",Unfall 58018 (2024) Kat:3, Licht: 0,58018,3,1,6,11,13,3,1,0,0,1,1,0,0,0
"POINT (7.031893594000053 51.472987627000066)",Unfall 58074 (2024) Kat:3, Licht: 2,58074,3,3,5,11,17,4,1,2,0,1,0,0,0,0
"POINT (7.015677615000072 51.456674239000051)",Unfall 58075 (2024) Kat:3, Licht: 0,58075,3,3,5,11,14,4,0,0,0,1,0,1,0,0
"POINT (6.988595358000055 51.445029606000048)",Unfall 58082 (2024) Kat:3, Licht: 0,58082,3,6,2,11,12,4,0,0,0,1,0,0,0,0
"POINT (7.013793609000061 51.474457542000039)",Unfall 58200 (2024) Kat:3, Licht: 2,58200,3,2,4,11,20,3,0,2,0,1,0,0,0,0
"POINT (7.024262335000060 51.383952715000078)",Unfall 58201 (2024) Kat:3, Licht: 1,58201,3,6,4,11,07,3,0,1,0,1,0,1,0,0
"POINT (7.022128378000048 51.432189761000075)",Unfall 58211 (2024) Kat:3, Licht: 2,58211,3,6,2,11,18,3,1,2,0,1,0,0,0,0
"POINT (7.043061573000045 51.454729489000044)",Unfall 58213 (2024) Kat:3, Licht: 2,58213,3,6,2,11,05,3,1,2,0,1,0,0,1,0
"POINT (6.980458132000024 51.488857685000028)",Unfall 58313 (2024) Kat:3, Licht: 2,58313,3,2,6,12,07,5,1,2,0,1,1,0,0,0
"POINT (6.963937757000053 51.453375038000047)",Unfall 58314 (2024) Kat:3, Licht: 2,58314,3,2,6,12,07,5,1,2,0,1,1,0,0,0
"POINT (7.024548649000053 51.448526315000038)",Unfall 58315 (2024) Kat:3, Licht: 0,58315,3,2,6,12,16,5,0,0,0,1,1,0,0,0
"POINT (7.032738049000045 51.459162536000065)",Unfall 58316 (2024) Kat:3, Licht: 2,58316,3,2,6,12,19,5,1,2,0,1,1,0,0,0
"POINT (7.059688675000075 51.467070194000030)",Unfall 58392 (2024) Kat:3, Licht: 2,58392,3,5,1,12,06,4,0,2,0,1,0,0,1,0
"POINT (7.087489600000026 51.466749558000060)",Unfall 58393 (2024) Kat:3, Licht: 0,58393,3,7,0,12,10,4,1,0,0,1,1,0,0,0
"POINT (7.076485119000040 51.464644396000040)",Unfall 58415 (2024) Kat:3, Licht: 1,58415,3,6,2,12,16,4,1,1,0,1,0,0,0,0
"POINT (7.062953801000049 51.485636555000042)",Unfall 58464 (2024) Kat:3, Licht: 0,58464,3,7,6,12,15,3,0,0,0,1,1,0,0,0
"POINT (7.080762102000051 51.465004389000057)",Unfall 58469 (2024) Kat:3, Licht: 0,58469,3,6,2,12,13,3,0,0,0,1,0,0,0,0
"POINT (7.007501997000077 51.508820991000050)",Unfall 58557 (2024) Kat:3, Licht: 2,58557,3,3,5,12,21,2,1,2,0,1,0,0,0,0
"POINT (7.000181134000059 51.493300337000051)",Unfall 58558 (2024) Kat:3, Licht: 0,58558,3,2,6,12,14,2,1,0,0,1,1,0,0,0
"POINT (6.978573584000060 51.476413918000048)",Unfall 58559 (2024) Kat:3, Licht: 0,58559,3,1,0,12,14,2,0,0,0,0,1,0,1,1
"POINT (6.955943625000032 51.472515055000031)",Unfall 58620 (2024) Kat:3, Licht: 0,58620,3,7,5,12,11,1,0,0,0,1,0,0,0,0
"POINT (7.103801088000068 51.472202761000062)",Unfall 58622 (2024) Kat:3, Licht: 2,58622,3,1,9,12,03,1,1,2,0,1,0,0,0,0
"POINT (6.991053932000057 51.491066923000062)",Unfall 58689 (2024) Kat:2, Licht: 2,58689,2,4,6,12,18,7,1,2,0,1,1,0,0,0
"POINT (6.983371846000068 51.489196167000046)",Unfall 58690 (2024) Kat:3, Licht: 2,58690,3,7,0,12,18,7,1,2,1,0,0,0,0,1
"POINT (6.923270204000062 51.472768960000053)",Unfall 58691 (2024) Kat:3, Licht: 0,58691,3,1,4,12,15,7,1,0,0,1,0,1,0,0
"POINT (7.010137214000054 51.460782952000045)",Unfall 58767 (2024) Kat:3, Licht: 2,58767,3,1,0,12,19,6,0,2,0,1,0,0,0,1
"POINT (7.054590317000020 51.460324339000067)",Unfall 58775 (2024) Kat:3, Licht: 1,58775,3,6,2,12,16,6,0,1,0,1,0,0,0,0
"POINT (6.957405736000055 51.477936332000070)",Unfall 58804 (2024) Kat:3, Licht: 2,58804,3,1,3,12,17,6,0,2,0,0,0,0,0,1
"POINT (6.964215570000022 51.461545943000033)",Unfall 58869 (2024) Kat:3, Licht: 0,58869,3,1,0,12,11,5,0,0,0,1,0,0,0,1
"POINT (7.005355961000021 51.456933954000078)",Unfall 58870 (2024) Kat:2, Licht: 2,58870,2,7,6,12,22,5,0,2,0,1,1,0,0,0
"POINT (6.999926718000040 51.466708600000061)",Unfall 58956 (2024) Kat:3, Licht: 2,58956,3,6,3,12,08,4,0,2,0,0,0,1,1,0
"POINT (7.035659156000065 51.448973394000063)",Unfall 59041 (2024) Kat:3, Licht: 0,59041,3,6,2,12,10,3,0,0,0,1,0,0,0,1
"POINT (6.994407910000064 51.415388824000047)",Unfall 59137 (2024) Kat:3, Licht: 0,59137,3,4,6,12,09,2,0,0,0,1,1,0,0,0
"POINT (6.964026742000044 51.452909326000054)",Unfall 59138 (2024) Kat:3, Licht: 1,59138,3,2,6,12,08,2,1,1,0,1,1,0,0,0
"POINT (6.993673941000054 51.491704497000057)",Unfall 59213 (2024) Kat:3, Licht: 0,59213,3,2,5,12,16,1,0,0,0,1,0,0,0,0
"POINT (7.037699566000072 51.478011587000026)",Unfall 59214 (2024) Kat:3, Licht: 0,59214,3,2,5,12,15,1,0,0,0,1,0,0,0,0
"POINT (6.935479265000026 51.370014380000043)",Unfall 59215 (2024) Kat:3, Licht: 0,59215,3,3,5,12,14,1,0,0,1,1,0,0,0,0
"POINT (7.018627279000043 51.468481466000071)",Unfall 59216 (2024) Kat:3, Licht: 1,59216,3,7,8,12,08,1,1,1,0,1,0,0,0,0
"POINT (7.002288043000021 51.480698706000055)",Unfall 59304 (2024) Kat:3, Licht: 0,59304,3,6,2,12,16,7,1,0,0,1,0,0,0,0
"POINT (7.009321907000071 51.485448972000029)",Unfall 59305 (2024) Kat:3, Licht: 0,59305,3,3,5,12,11,7,1,0,1,1,0,0,0,0
"POINT (7.003053776000058 51.437217683000029)",Unfall 59306 (2024) Kat:3, Licht: 2,59306,3,3,4,12,20,7,0,2,0,1,0,0,0,0
"POINT (7.039165410000066 51.476476840000032)",Unfall 59384 (2024) Kat:3, Licht: 0,59384,3,3,5,12,13,1,0,0,0,1,0,0,0,0
"POINT (7.013793609000061 51.474457542000039)",Unfall 59397 (2024) Kat:3, Licht: 1,59397,3,4,6,12,07,6,1,1,0,1,1,0,0,0
"POINT (6.977775753000060 51.477798557000028)",Unfall 59398 (2024) Kat:3, Licht: 2,59398,3,7,3,12,20,6,1,2,0,1,0,0,0,0
"POINT (6.988351831000045 51.440498549000040)",Unfall 59400 (2024) Kat:3, Licht: 0,59400,3,4,6,12,13,6,1,0,0,0,1,0,0,1
"POINT (7.045997988000067 51.459599514000047)",Unfall 59401 (2024) Kat:3, Licht: 2,59401,3,4,6,12,07,6,1,2,0,1,1,0,0,0
"POINT (7.064241043000038 51.487518601000033)",Unfall 59535 (2024) Kat:3, Licht: 0,59535,3,6,2,12,15,5,1,0,0,1,0,0,0,0
"POINT (6.975357252000038 51.484255880000035)",Unfall 59536 (2024) Kat:3, Licht: 0,59536,3,6,0,12,14,5,1,0,0,1,0,0,0,1
"POINT (6.981051459000071 51.381785948000072)",Unfall 59537 (2024) Kat:3, Licht: 2,59537,3,2,6,12,17,5,1,2,0,1,1,0,0,0
"POINT (7.035602392000044 51.440752961000044)",Unfall 59538 (2024) Kat:3, Licht: 1,59538,3,6,3,12,16,5,1,1,0,1,0,0,0,1
"POINT (6.994102555000040 51.439459907000071)",Unfall 59539 (2024) Kat:3, Licht: 2,59539,3,3,5,12,20,5,1,2,0,1,0,0,0,0
"POINT (7.067904366000050 51.449169058000052)",Unfall 59540 (2024) Kat:3, Licht: 0,59540,3,7,5,12,13,5,1,0,0,1,0,0,0,0
"POINT (7.018340504000037 51.469850204000068)",Unfall 59541 (2024) Kat:3, Licht: 1,59541,3,3,5,12,16,5,1,1,0,1,0,0,0,0
"POINT (6.996874103000039 51.446500574000027)",Unfall 59545 (2024) Kat:3, Licht: 2,59545,3,6,2,12,15,5,1,2,0,1,0,0,0,1
"POINT (7.068749344000025 51.489836657000069)",Unfall 59641 (2024) Kat:3, Licht: 0,59641,3,2,6,12,15,7,1,0,0,1,1,0,0,0
"POINT (6.959004904000039 51.419992005000040)",Unfall 59788 (2024) Kat:3, Licht: 2,59788,3,2,5,12,07,3,1,2,1,1,0,0,0,0
"POINT (7.110004801000059 51.437422025000046)",Unfall 59789 (2024) Kat:3, Licht: 0,59789,3,7,6,12,13,3,0,0,0,0,1,0,0,1
"POINT (7.026482470000076 51.512640006000026)",Unfall 59804 (2024) Kat:3, Licht: 0,59804,3,6,2,12,14,3,0,0,0,1,0,0,0,0
"POINT (7.007753210000033 51.475333426000077)",Unfall 59928 (2024) Kat:3, Licht: 1,59928,3,6,2,12,15,2,1,1,0,1,0,0,1,0
"POINT (6.971789095000076 51.461551751000059)",Unfall 59929 (2024) Kat:3, Licht: 1,59929,3,7,6,12,15,2,1,1,0,1,1,0,0,0
"POINT (7.082632672000045 51.393623597000044)",Unfall 59930 (2024) Kat:3, Licht: 2,59930,3,4,6,12,20,2,0,2,0,1,1,0,0,0
"POINT (7.036670166000022 51.440146036000044)",Unfall 59932 (2024) Kat:3, Licht: 2,59932,3,3,5,12,06,2,1,2,0,1,0,0,0,0
"POINT (7.089095441000040 51.444727061000037)",Unfall 59934 (2024) Kat:3, Licht: 0,59934,3,7,0,12,11,2,0,0,0,0,0,0,0,1
"POINT (7.093104850000032 51.463534410000079)",Unfall 59935 (2024) Kat:3, Licht: 0,59935,3,2,5,12,09,2,1,0,0,1,0,0,0,1
"POINT (6.994653503000052 51.470489246000056)",Unfall 59937 (2024) Kat:3, Licht: 2,59937,3,1,9,12,16,2,1,2,0,1,0,0,0,1
"POINT (6.959435586000041 51.404045367000037)",Unfall 60031 (2024) Kat:3, Licht: 0,60031,3,6,2,12,15,1,0,0,0,1,0,0,0,0
"POINT (6.991820547000032 51.436331642000027)",Unfall 60057 (2024) Kat:3, Licht: 0,60057,3,7,0,12,12,6,0,0,0,1,0,0,1,0
"POINT (6.942011813000022 51.367006420000052)",Unfall 60080 (2024) Kat:3, Licht: 2,60080,3,3,5,12,17,2,1,2,0,1,0,0,0,0
"POINT (6.945171056000049 51.353193089000058)",Unfall 60127 (2024) Kat:3, Licht: 0,60127,3,1,9,11,09,7,0,0,0,0,0,1,0,0
"POINT (6.976042662000054 51.442145444000062)",Unfall 60128 (2024) Kat:3, Licht: 1,60128,3,1,6,11,16,7,0,1,0,1,1,0,0,0
"POINT (7.001608431000022 51.432551678000038)",Unfall 60129 (2024) Kat:3, Licht: 0,60129,3,2,6,11,15,7,0,0,0,1,1,0,0,0
"POINT (7.002140103000045 51.434417492000080)",Unfall 60130 (2024) Kat:3, Licht: 0,60130,3,7,5,11,12,7,0,0,0,1,0,0,0,1
"POINT (6.959392177000041 51.404021983000064)",Unfall 60134 (2024) Kat:3, Licht: 0,60134,3,6,2,11,11,7,0,0,0,1,0,0,0,0
"POINT (6.958095990000061 51.403128434000052)",Unfall 60137 (2024) Kat:3, Licht: 0,60137,3,3,5,11,08,7,0,0,0,1,0,0,0,0
"POINT (7.048378296000067 51.497245768000028)",Unfall 60220 (2024) Kat:3, Licht: 0,60220,3,4,6,12,15,2,1,0,0,1,1,0,0,0
"POINT (7.007445282000049 51.476230619000034)",Unfall 60277 (2024) Kat:3, Licht: 0,60277,3,6,2,11,09,6,0,0,0,1,0,0,0,0
"POINT (7.051428469000030 51.433546814000067)",Unfall 60278 (2024) Kat:3, Licht: 2,60278,3,7,1,12,18,2,1,2,0,1,0,0,0,0
"POINT (7.023023249000062 51.469075508000060)",Unfall 60279 (2024) Kat:3, Licht: 1,60279,3,7,1,11,17,6,0,1,0,1,0,0,0,0
"POINT (7.045474861000059 51.467023872000027)",Unfall 60288 (2024) Kat:3, Licht: 1,60288,3,1,6,12,08,2,0,1,0,0,1,0,0,1
"POINT (6.998010204000025 51.455033071000059)",Unfall 60368 (2024) Kat:2, Licht: 2,60368,2,4,6,12,18,1,1,2,0,1,1,0,0,0
"POINT (6.955135359000053 51.462975147000066)",Unfall 60373 (2024) Kat:3, Licht: 0,60373,3,7,6,11,15,6,0,0,0,1,1,0,0,0
"POINT (7.004583946000025 51.494391637000035)",Unfall 60428 (2024) Kat:3, Licht: 0,60428,3,2,6,11,15,5,0,0,0,1,1,0,0,0
"POINT (6.988535031000026 51.440040152000051)",Unfall 60429 (2024) Kat:3, Licht: 2,60429,3,4,6,11,18,5,0,2,0,1,1,0,0,0
"POINT (7.098468567000054 51.437717457000076)",Unfall 60430 (2024) Kat:3, Licht: 0,60430,3,6,8,11,14,5,0,0,0,0,0,1,0,0
"POINT (7.001347946000067 51.423012136000068)",Unfall 60516 (2024) Kat:3, Licht: 0,60516,3,6,2,12,10,5,0,0,0,1,0,0,0,0
"POINT (6.956520750000038 51.477534027000047)",Unfall 60586 (2024) Kat:3, Licht: 2,60586,3,4,6,11,16,4,1,2,0,1,1,0,0,0
"POINT (6.983026559000052 51.476806817000067)",Unfall 60587 (2024) Kat:3, Licht: 2,60587,3,3,5,11,17,4,1,2,0,1,0,0,0,0
"POINT (7.019634839000048 51.447888747000036)",Unfall 60590 (2024) Kat:3, Licht: 0,60590,3,6,2,11,08,4,1,0,0,1,0,0,0,0
"POINT (6.980150861000027 51.444106061000070)",Unfall 60593 (2024) Kat:3, Licht: 2,60593,3,6,3,11,20,4,1,2,0,1,0,0,0,0
"POINT (7.029101270000069 51.437566937000042)",Unfall 60987 (2024) Kat:3, Licht: 0,60987,3,4,6,12,11,3,0,0,0,1,1,0,0,0
"POINT (7.002911345000030 51.479782403000058)",Unfall 61027 (2024) Kat:2, Licht: 0,61027,2,6,8,12,15,2,1,0,0,1,0,0,0,0
"POINT (6.902305748000060 51.480448289000037)",Unfall 61028 (2024) Kat:3, Licht: 0,61028,3,1,3,12,15,2,1,0,1,1,0,0,0,0
"POINT (7.057133643000043 51.445569335000073)",Unfall 61029 (2024) Kat:2, Licht: 2,61029,2,4,6,12,19,2,1,2,0,1,1,0,0,0
"POINT (6.978600025000048 51.476414771000066)",Unfall 61030 (2024) Kat:3, Licht: 2,61030,3,3,5,12,00,2,1,2,0,1,0,0,0,0
"POINT (7.023997270000052 51.511691185000075)",Unfall 61032 (2024) Kat:3, Licht: 2,61032,3,1,9,12,04,2,1,2,0,1,0,0,0,0
"POINT (6.980187509000075 51.460672789000057)",Unfall 61114 (2024) Kat:3, Licht: 1,61114,3,1,6,12,17,7,0,1,0,1,1,0,0,0
"POINT (7.016928726000060 51.454864043000043)",Unfall 61116 (2024) Kat:3, Licht: 0,61116,3,7,0,12,14,7,0,0,0,1,0,0,0,1
"POINT (7.037117628000033 51.452469961000077)",Unfall 61117 (2024) Kat:3, Licht: 2,61117,3,6,2,12,21,7,0,2,0,1,0,0,0,0
"POINT (7.009958393000034 51.481845093000061)",Unfall 61186 (2024) Kat:2, Licht: 2,61186,2,6,0,12,19,6,1,2,0,1,0,0,0,0
"POINT (6.977478723000047 51.449818871000048)",Unfall 61187 (2024) Kat:3, Licht: 0,61187,3,3,5,12,10,6,0,0,1,1,0,0,0,0
"POINT (6.963574244000029 51.427437178000048)",Unfall 61188 (2024) Kat:3, Licht: 0,61188,3,2,6,12,15,6,0,0,0,1,1,0,0,0
"POINT (6.926440833000072 51.466870846000063)",Unfall 61236 (2024) Kat:3, Licht: 2,61236,3,6,3,12,18,5,0,2,1,1,0,0,0,0
"POINT (7.048876406000034 51.501895301000047)",Unfall 61284 (2024) Kat:3, Licht: 2,61284,3,6,3,12,20,4,1,2,0,1,0,0,0,0
"POINT (7.015467638000075 51.461936334000029)",Unfall 61285 (2024) Kat:3, Licht: 2,61285,3,6,3,12,19,4,0,2,0,1,0,0,0,0
"POINT (7.101389270000027 51.472300636000057)",Unfall 61287 (2024) Kat:3, Licht: 2,61287,3,1,3,12,21,4,1,2,0,1,0,0,0,0
"POINT (7.004394025000067 51.458324265000044)",Unfall 61334 (2024) Kat:3, Licht: 0,61334,3,7,0,12,10,3,1,0,0,1,0,0,0,0
"POINT (7.085866637000038 51.465503059000071)",Unfall 61337 (2024) Kat:3, Licht: 2,61337,3,6,9,12,16,3,1,2,0,1,0,0,0,0
"POINT (7.009462048000046 51.486485662000064)",Unfall 61429 (2024) Kat:3, Licht: 0,61429,3,2,6,12,08,2,1,0,0,1,1,0,0,0
"POINT (6.967757273000075 51.486161819000074)",Unfall 61430 (2024) Kat:3, Licht: 2,61430,3,6,3,12,18,2,1,2,0,1,0,0,0,1
"POINT (6.968958131000022 51.477527101000078)",Unfall 61431 (2024) Kat:3, Licht: 0,61431,3,4,6,12,12,2,0,0,0,1,1,0,0,1
"POINT (7.013701516000026 51.433302276000063)",Unfall 61432 (2024) Kat:3, Licht: 0,61432,3,6,2,12,09,2,1,0,0,1,0,0,0,0
"POINT (7.094313947000046 51.469311588000039)",Unfall 61440 (2024) Kat:3, Licht: 2,61440,3,1,3,12,23,2,1,2,0,1,0,0,0,0
"POINT (6.995294024000032 51.492098685000030)",Unfall 61595 (2024) Kat:3, Licht: 0,61595,3,1,5,12,13,7,1,0,0,1,0,0,0,1
"POINT (6.935757573000046 51.381237107000061)",Unfall 61596 (2024) Kat:3, Licht: 2,61596,3,2,4,12,17,7,1,2,0,1,0,0,0,0
"POINT (6.959467944000039 51.420641572000079)",Unfall 61597 (2024) Kat:3, Licht: 1,61597,3,2,6,12,08,7,1,1,0,1,1,0,0,0
"POINT (6.987653328000022 51.436923383000078)",Unfall 61598 (2024) Kat:3, Licht: 2,61598,3,2,5,12,20,7,1,2,0,1,0,0,0,0
"POINT (7.045168978000049 51.467608680000069)",Unfall 61599 (2024) Kat:2, Licht: 2,61599,2,2,4,12,17,7,1,2,0,1,0,0,0,0
"POINT (7.101404165000076 51.472302566000053)",Unfall 61602 (2024) Kat:3, Licht: 2,61602,3,1,3,12,07,7,1,2,0,1,0,0,0,1
"POINT (6.973796404000041 51.415184007000050)",Unfall 61603 (2024) Kat:3, Licht: 2,61603,3,6,2,12,03,7,1,2,0,1,0,0,0,0
"POINT (7.021633304000034 51.510672417000080)",Unfall 61605 (2024) Kat:3, Licht: 2,61605,3,6,2,12,17,7,1,2,0,1,0,0,0,0
"POINT (7.000963331000037 51.517410800000050)",Unfall 61708 (2024) Kat:3, Licht: 1,61708,3,1,0,12,17,6,0,1,0,0,0,0,0,1
"POINT (7.018847725000057 51.449395891000052)",Unfall 61716 (2024) Kat:3, Licht: 2,61716,3,1,8,12,07,6,1,2,0,1,0,0,0,0
"POINT (6.967366150000032 51.462812262000057)",Unfall 169208 (2024) Kat:3, Licht: 1,169208,3,4,6,01,17,5,1,1,0,1,1,0,0,0
"POINT (6.949256870000056 51.367062729000054)",Unfall 169259 (2024) Kat:3, Licht: 2,169259,3,6,6,01,19,4,2,2,0,1,1,0,0,0
"POINT (7.011411291000059 51.462660121000056)",Unfall 169260 (2024) Kat:3, Licht: 1,169260,3,7,0,01,08,4,1,1,0,1,0,0,0,0
"POINT (6.981497668000031 51.462987161000058)",Unfall 169345 (2024) Kat:3, Licht: 2,169345,3,2,6,01,19,2,1,2,0,1,1,0,0,0
"POINT (7.066542133000041 51.492206503000034)",Unfall 169365 (2024) Kat:3, Licht: 1,169365,3,3,5,01,16,1,1,1,0,1,0,0,0,0
"POINT (6.985284719000049 51.447700902000065)",Unfall 169450 (2024) Kat:3, Licht: 0,169450,3,6,0,01,12,6,1,0,0,1,0,0,0,1
"POINT (7.007579587000066 51.422381043000030)",Unfall 169654 (2024) Kat:3, Licht: 0,169654,3,4,6,01,14,2,0,0,0,1,1,0,0,0
"POINT (7.037780390000023 51.477003472000035)",Unfall 169715 (2024) Kat:3, Licht: 2,169715,3,3,5,01,22,6,1,2,0,1,0,0,0,0
"POINT (7.030705565000062 51.437161932000038)",Unfall 169727 (2024) Kat:3, Licht: 2,169727,3,6,2,01,18,6,1,2,1,1,0,0,0,0
"POINT (7.012816919000045 51.387860770000032)",Unfall 169728 (2024) Kat:3, Licht: 0,169728,3,4,6,01,16,6,1,0,0,1,1,0,0,0
"POINT (7.035267050000073 51.491318127000056)",Unfall 169775 (2024) Kat:3, Licht: 0,169775,3,1,4,01,14,5,1,0,0,1,0,1,0,0
"POINT (7.027515417000075 51.473470944000042)",Unfall 169776 (2024) Kat:3, Licht: 2,169776,3,2,6,01,07,5,1,2,0,1,1,0,0,0
"POINT (6.980538362000061 51.423132933000034)",Unfall 169777 (2024) Kat:3, Licht: 2,169777,3,7,9,01,18,5,1,2,0,1,0,0,0,0
"POINT (7.006189383000049 51.439964554000028)",Unfall 169815 (2024) Kat:3, Licht: 2,169815,3,7,1,01,20,4,1,2,1,1,0,0,0,0
"POINT (6.949457449000022 51.473648772000047)",Unfall 170380 (2024) Kat:3, Licht: 0,170380,3,7,6,02,10,6,0,0,0,0,1,0,1,0
"POINT (7.030000185000063 51.439496189000067)",Unfall 170381 (2024) Kat:3, Licht: 0,170381,3,6,1,02,07,6,1,0,0,1,0,0,0,0
"POINT (6.951068286000066 51.474373709000076)",Unfall 170490 (2024) Kat:3, Licht: 0,170490,3,4,6,02,10,4,0,0,0,1,1,0,0,0
"POINT (6.952597714000035 51.475367439000081)",Unfall 170532 (2024) Kat:3, Licht: 2,170532,3,6,3,02,22,3,1,2,0,1,0,0,0,0
"POINT (6.983258094000064 51.455035885000029)",Unfall 170575 (2024) Kat:3, Licht: 0,170575,3,1,0,02,10,2,0,0,0,0,0,1,0,0
"POINT (6.974514155000065 51.456111105000048)",Unfall 170602 (2024) Kat:3, Licht: 0,170602,3,1,0,02,14,1,1,0,0,0,0,1,0,0
"POINT (7.107118405000051 51.443506268000078)",Unfall 170603 (2024) Kat:3, Licht: 2,170603,3,7,6,02,19,1,1,2,0,1,1,0,0,0
"POINT (7.050280647000022 51.500073504000056)",Unfall 170678 (2024) Kat:3, Licht: 0,170678,3,3,5,02,16,6,0,0,1,1,0,0,0,0
"POINT (7.118232991000070 51.417152299000065)",Unfall 170679 (2024) Kat:3, Licht: 0,170679,3,6,6,02,12,6,0,0,0,1,1,0,0,0
"POINT (6.980177450000042 51.499998589000029)",Unfall 170734 (2024) Kat:2, Licht: 2,170734,2,3,5,02,04,5,1,2,0,1,0,0,0,0
"POINT (6.984296847000053 51.440385938000077)",Unfall 170735 (2024) Kat:3, Licht: 0,170735,3,3,5,02,14,5,0,0,0,1,0,0,0,0
"POINT (7.102957802000049 51.443519135000031)",Unfall 170737 (2024) Kat:3, Licht: 0,170737,3,1,3,02,16,5,0,0,0,0,0,0,0,1
"POINT (6.968050091000066 51.453040337000061)",Unfall 170803 (2024) Kat:3, Licht: 0,170803,3,7,1,01,10,4,0,0,0,1,0,0,0,0
"POINT (7.005360075000056 51.437037629000031)",Unfall 170847 (2024) Kat:3, Licht: 1,170847,3,4,6,01,17,3,0,1,0,1,1,0,0,0
"POINT (7.011980718000075 51.458518608000077)",Unfall 170919 (2024) Kat:3, Licht: 0,170919,3,7,6,01,12,1,0,0,0,1,1,0,0,0
"POINT (7.066969134000033 51.479704923000043)",Unfall 170977 (2024) Kat:3, Licht: 2,170977,3,5,8,01,18,7,0,2,0,1,0,0,0,0
"POINT (7.007391155000050 51.435185892000050)",Unfall 171026 (2024) Kat:3, Licht: 0,171026,3,6,4,01,12,6,1,0,1,1,0,0,0,0
"POINT (7.006656597000074 51.454592694000041)",Unfall 171027 (2024) Kat:3, Licht: 0,171027,3,3,5,01,14,6,1,0,0,1,0,0,0,1
"POINT (6.953534296000043 51.476021616000025)",Unfall 171057 (2024) Kat:3, Licht: 0,171057,3,7,0,02,16,3,1,0,0,0,0,0,0,1
"POINT (6.947402533000059 51.464089366000053)",Unfall 171060 (2024) Kat:3, Licht: 0,171060,3,3,3,02,14,7,0,0,0,1,0,1,0,0
"POINT (7.116010375000030 51.408777552000060)",Unfall 171092 (2024) Kat:3, Licht: 0,171092,3,1,8,01,08,5,0,0,0,0,0,1,0,1
"POINT (7.073808466000060 51.394729378000079)",Unfall 171094 (2024) Kat:3, Licht: 2,171094,3,1,9,01,01,5,0,2,0,1,0,0,0,0
"POINT (6.960478695000063 51.474707299000045)",Unfall 171142 (2024) Kat:3, Licht: 2,171142,3,5,1,01,18,4,0,2,0,1,1,0,0,0
"POINT (7.003227339000034 51.429446871000039)",Unfall 171143 (2024) Kat:3, Licht: 0,171143,3,5,1,01,10,4,0,0,1,1,0,0,0,0
"POINT (7.027264897000066 51.443478792000064)",Unfall 171144 (2024) Kat:3, Licht: 2,171144,3,3,5,01,06,4,1,2,1,1,0,0,0,0
"POINT (6.996546403000025 51.438434249000068)",Unfall 171209 (2024) Kat:3, Licht: 0,171209,3,4,6,01,13,3,0,0,0,1,1,0,0,0
"POINT (7.002755788000059 51.431270768000047)",Unfall 171211 (2024) Kat:3, Licht: 0,171211,3,1,0,01,08,3,1,0,1,0,0,0,0,0
"POINT (7.013612878000060 51.447480780000035)",Unfall 171212 (2024) Kat:3, Licht: 2,171212,3,2,6,01,19,3,1,2,0,0,1,0,0,1
"POINT (7.065624873000047 51.457813043000044)",Unfall 171213 (2024) Kat:3, Licht: 0,171213,3,3,5,01,16,3,1,0,1,1,0,0,0,0
"POINT (7.022756697000034 51.451753581000048)",Unfall 171257 (2024) Kat:2, Licht: 2,171257,2,1,0,02,18,1,0,2,0,1,1,0,0,1
"POINT (7.025894235000067 51.447751107000045)",Unfall 171332 (2024) Kat:3, Licht: 0,171332,3,5,1,03,09,2,0,0,1,1,0,0,0,0
"POINT (7.053415944000051 51.429844215000060)",Unfall 171375 (2024) Kat:3, Licht: 0,171375,3,1,0,03,13,1,0,0,1,0,0,0,0,0
"POINT (7.034031464000066 51.477736826000069)",Unfall 171417 (2024) Kat:2, Licht: 0,171417,2,1,0,03,00,7,0,0,0,0,0,0,0,1
"POINT (7.002456222000035 51.498133173000042)",Unfall 171418 (2024) Kat:3, Licht: 2,171418,3,1,0,03,18,7,0,2,0,1,0,1,0,0
"POINT (6.938258712000049 51.479354434000072)",Unfall 171467 (2024) Kat:2, Licht: 0,171467,2,2,5,03,11,6,0,0,0,1,0,1,0,0
"POINT (6.979652980000026 51.502346620000026)",Unfall 171514 (2024) Kat:3, Licht: 0,171514,3,3,5,02,14,5,0,0,1,1,0,0,0,0
"POINT (7.038291600000036 51.448080382000057)",Unfall 171515 (2024) Kat:3, Licht: 0,171515,3,3,5,02,07,5,0,0,0,1,0,0,0,1