WKT,Name,OBJECTID,UKATEGORIE,UTYP1,UART,UMONAT,USTUNDE,UWOCHENTAG,STRZUSTAND,ULICHTVERH,ISTRAD,ISTPKW,ISTFUSS,ISTKRAD,ISTGKFZ,ISTSONSTIG
"POINT (7.084326206000071 51.456185395000034)",Unfall 171619 (2024) Kat:3, Licht: 0,171619,3,7,9,02,14,3,0,0,0,1,0,0,0,0
"POINT (7.080321350000077 51.417917230000057)",Unfall 171763 (2024) Kat:3, Licht: 0,171763,3,7,0,02,10,6,0,0,0,0,0,0,0,1
"POINT (6.991141373000062 51.496622696000031)",Unfall 171819 (2024) Kat:3, Licht: 0,171819,3,2,4,02,13,5,0,0,1,1,0,0,0,0
"POINT (6.983302175000063 51.456096680000030)",Unfall 171820 (2024) Kat:3, Licht: 0,171820,3,3,5,02,13,5,0,0,0,1,0,0,0,1
"POINT (7.003070490000027 51.455590081000082)",Unfall 171880 (2024) Kat:3, Licht: 0,171880,3,3,5,02,08,4,0,0,0,1,0,0,0,1
"POINT (7.003836217000071 51.442659414000047)",Unfall 171881 (2024) Kat:3, Licht: 2,171881,3,1,0,02,18,4,1,2,0,1,0,0,0,0
"POINT (6.953363474000071 51.450882648000061)",Unfall 171978 (2024) Kat:2, Licht: 2,171978,2,1,0,02,03,2,1,2,0,0,0,0,0,1
"POINT (6.978794900000025 51.480839943000035)",Unfall 172034 (2024) Kat:3, Licht: 0,172034,3,3,6,02,16,7,0,0,0,1,1,0,0,0
"POINT (7.079890127000056 51.389291166000078)",Unfall 172076 (2024) Kat:3, Licht: 0,172076,3,1,0,02,08,6,0,0,1,0,0,0,0,0
"POINT (6.975569616000030 51.452253363000068)",Unfall 172077 (2024) Kat:3, Licht: 0,172077,3,3,5,02,07,6,0,0,0,1,0,0,0,1
"POINT (6.979430142000069 51.482612966000033)",Unfall 172136 (2024) Kat:3, Licht: 0,172136,3,3,5,02,09,5,1,0,1,1,0,0,0,0
"POINT (6.942469803000051 51.483431984000049)",Unfall 172137 (2024) Kat:3, Licht: 2,172137,3,4,6,02,06,5,1,2,0,1,1,0,0,0
"POINT (6.979079939000030 51.459305962000030)",Unfall 172138 (2024) Kat:3, Licht: 0,172138,3,6,2,02,10,5,1,0,0,1,0,0,0,0
"POINT (7.077689238000062 51.430328440000039)",Unfall 172185 (2024) Kat:3, Licht: 2,172185,3,2,6,02,06,4,1,2,0,0,1,0,0,1
"POINT (7.067385136000041 51.402435408000031)",Unfall 172265 (2024) Kat:3, Licht: 0,172265,3,7,6,02,11,3,0,0,0,1,1,0,0,0
"POINT (6.993153995000057 51.473947558000077)",Unfall 172312 (2024) Kat:3, Licht: 2,172312,3,1,8,02,20,2,1,2,0,1,0,0,0,0
"POINT (7.006354088000023 51.440562413000066)",Unfall 172313 (2024) Kat:3, Licht: 0,172313,3,7,6,02,09,2,0,0,0,0,1,0,0,1
"POINT (7.000804673000061 51.480693368000061)",Unfall 172314 (2024) Kat:3, Licht: 0,172314,3,7,0,02,12,2,0,0,1,0,1,0,0,0
"POINT (7.098691460000055 51.451991982000038)",Unfall 172355 (2024) Kat:3, Licht: 0,172355,3,3,5,03,17,7,0,0,0,1,0,1,0,0
"POINT (6.947514790000071 51.480316511000069)",Unfall 172397 (2024) Kat:3, Licht: 0,172397,3,7,0,03,18,6,1,0,1,0,0,0,0,0
"POINT (6.973939943000062 51.458246747000032)",Unfall 172398 (2024) Kat:3, Licht: 0,172398,3,3,5,03,13,6,0,0,0,1,0,1,0,0
"POINT (7.085844535000035 51.450306981000040)",Unfall 172449 (2024) Kat:3, Licht: 0,172449,3,7,0,03,10,5,0,0,0,1,0,0,0,1
"POINT (6.976233573000059 51.489304740000080)",Unfall 172521 (2024) Kat:3, Licht: 0,172521,3,1,0,03,15,4,0,0,0,0,0,0,0,1
"POINT (6.980177450000042 51.499998589000029)",Unfall 172588 (2024) Kat:3, Licht: 0,172588,3,2,4,03,11,3,0,0,0,0,0,0,1,0
"POINT (6.906604905000052 51.483073158000082)",Unfall 172589 (2024) Kat:3, Licht: 0,172589,3,3,5,03,12,3,0,0,0,1,0,0,0,0
"POINT (7.076678218000040 51.429346814000041)",Unfall 172590 (2024) Kat:3, Licht: 0,172590,3,6,6,03,15,3,0,0,0,1,1,0,0,0
"POINT (6.988803072000053 51.474138160000052)",Unfall 172661 (2024) Kat:3, Licht: 0,172661,3,6,4,03,15,2,0,0,0,1,0,0,0,0
"POINT (6.995518769000057 51.485443611000051)",Unfall 172752 (2024) Kat:3, Licht: 0,172752,3,6,2,03,08,6,0,0,0,1,0,0,0,0
"POINT (7.034173264000060 51.455438487000038)",Unfall 172753 (2024) Kat:3, Licht: 0,172753,3,7,0,03,16,6,1,0,0,1,0,1,0,0
"POINT (6.981852734000029 51.448494616000062)",Unfall 172810 (2024) Kat:3, Licht: 0,172810,3,3,5,03,16,2,0,0,0,1,0,0,0,1
"POINT (7.110145443000022 51.434439391000069)",Unfall 172828 (2024) Kat:3, Licht: 0,172828,3,1,6,03,14,5,0,0,0,1,1,0,0,0
"POINT (7.015351584000030 51.464960211000061)",Unfall 172873 (2024) Kat:3, Licht: 2,172873,3,1,7,03,23,4,0,2,0,0,0,0,0,1
"POINT (7.012022649000073 51.458917830000075)",Unfall 172874 (2024) Kat:3, Licht: 0,172874,3,7,1,03,12,4,0,0,1,1,0,0,0,0
"POINT (7.038844806000043 51.480643405000080)",Unfall 172972 (2024) Kat:3, Licht: 0,172972,3,7,6,03,08,2,0,0,0,1,1,0,0,0
"POINT (6.997883451000064 51.434771095000031)",Unfall 172973 (2024) Kat:3, Licht: 0,172973,3,7,5,03,14,2,1,0,0,1,0,0,0,0
"POINT (6.951303977000066 51.374833320000050)",Unfall 172974 (2024) Kat:2, Licht: 0,172974,2,3,6,03,11,2,1,0,0,1,1,0,0,0
"POINT (7.089648539000052 51.401570501000037)",Unfall 173049 (2024) Kat:3, Licht: 0,173049,3,1,0,03,16,7,0,0,1,0,0,0,0,0
"POINT (6.974447594000026 51.448651724000058)",Unfall 173050 (2024) Kat:1, Licht: 2,173050,1,1,1,03,22,7,0,2,1,1,0,0,0,0
"POINT (6.962177133000068 51.469775373000061)",Unfall 173059 (2024) Kat:3, Licht: 0,173059,3,7,0,03,08,5,0,0,1,0,1,0,0,0
"POINT (6.910629625000070 51.483559684000056)",Unfall 173106 (2024) Kat:3, Licht: 0,173106,3,4,0,03,08,6,0,0,1,0,1,0,0,0
"POINT (7.071159473000023 51.426565622000055)",Unfall 173107 (2024) Kat:3, Licht: 0,173107,3,1,0,03,07,6,0,0,1,1,0,0,0,0
"POINT (6.980187509000075 51.460672789000057)",Unfall 173232 (2024) Kat:3, Licht: 0,173232,3,2,2,03,13,4,0,0,0,1,0,0,0,0
"POINT (6.973409725000067 51.457372833000079)",Unfall 173390 (2024) Kat:3, Licht: 0,173390,3,7,6,04,17,1,0,0,0,0,1,1,0,0
"POINT (7.006620400000031 51.441499306000026)",Unfall 173391 (2024) Kat:3, Licht: 0,173391,3,6,1,04,15,1,0,0,1,1,0,0,0,0
"POINT (6.982914749000031 51.452845082000067)",Unfall 173392 (2024) Kat:3, Licht: 0,173392,3,3,5,04,16,1,0,0,0,1,0,0,0,0
"POINT (7.040295924000077 51.455527213000039)",Unfall 173393 (2024) Kat:3, Licht: 0,173393,3,4,6,04,09,1,0,0,1,0,1,0,0,0
"POINT (6.969271410000033 51.465870001000042)",Unfall 173459 (2024) Kat:3, Licht: 0,173459,3,3,4,04,14,7,0,0,0,1,0,0,0,1
"POINT (6.914263680000033 51.487055782000027)",Unfall 173516 (2024) Kat:3, Licht: 2,173516,3,3,5,04,20,6,0,2,0,1,0,0,0,1
"POINT (7.015515766000021 51.459329243000070)",Unfall 173575 (2024) Kat:3, Licht: 0,173575,3,3,5,04,18,5,0,0,0,1,0,0,0,1
"POINT (7.003861648000054 51.481124247000082)",Unfall 173629 (2024) Kat:3, Licht: 0,173629,3,7,5,04,17,4,0,0,0,1,0,0,0,0
"POINT (6.945068290000052 51.478350523000074)",Unfall 173630 (2024) Kat:3, Licht: 0,173630,3,2,5,04,12,4,0,0,0,1,0,0,0,0
"POINT (7.014943823000067 51.452068724000071)",Unfall 173755 (2024) Kat:2, Licht: 0,173755,2,7,1,04,13,2,0,0,0,1,0,0,0,0
"POINT (6.947510902000033 51.480317900000045)",Unfall 173825 (2024) Kat:2, Licht: 0,173825,2,1,0,04,13,1,0,0,1,0,0,0,0,0
"POINT (6.969051590000049 51.439964376000034)",Unfall 173888 (2024) Kat:3, Licht: 0,173888,3,6,0,04,10,7,0,0,1,0,1,0,0,0
"POINT (6.982914749000031 51.452845082000067)",Unfall 173889 (2024) Kat:3, Licht: 0,173889,3,2,5,04,17,7,0,0,0,1,0,0,0,0
"POINT (6.942469803000051 51.483431984000049)",Unfall 173947 (2024) Kat:3, Licht: 0,173947,3,3,5,04,10,6,0,0,1,1,0,0,0,0
"POINT (6.979610744000070 51.418826741000032)",Unfall 173948 (2024) Kat:3, Licht: 1,173948,3,6,1,04,06,6,1,1,0,1,0,0,0,0
"POINT (6.962166895000053 51.485976556000026)",Unfall 174041 (2024) Kat:3, Licht: 2,174041,3,7,0,04,01,4,1,2,0,0,0,0,0,1
"POINT (6.995728580000048 51.434874831000059)",Unfall 174097 (2024) Kat:3, Licht: 0,174097,3,3,5,04,16,3,0,0,0,0,0,1,0,1
"POINT (7.055842330000075 51.430668134000030)",Unfall 174246 (2024) Kat:3, Licht: 0,174246,3,7,6,03,13,5,1,0,1,0,1,0,0,0
"POINT (6.986491262000072 51.445060662000060)",Unfall 174286 (2024) Kat:3, Licht: 0,174286,3,6,3,03,13,4,0,0,0,1,0,0,0,0
"POINT (6.985033431000033 51.448300730000028)",Unfall 174287 (2024) Kat:2, Licht: 0,174287,2,4,6,03,12,4,0,0,0,0,1,0,0,1
"POINT (7.055393593000076 51.473182991000044)",Unfall 174331 (2024) Kat:3, Licht: 0,174331,3,7,0,03,13,3,0,0,1,1,0,0,0,0
"POINT (6.906179013000042 51.483658492000075)",Unfall 174332 (2024) Kat:3, Licht: 0,174332,3,5,1,03,15,3,0,0,0,1,0,1,0,0
"POINT (7.028657930000065 51.458942628000045)",Unfall 174357 (2024) Kat:3, Licht: 0,174357,3,6,2,03,14,4,0,0,0,1,0,0,0,0
"POINT (7.105850882000027 51.402841265000063)",Unfall 174395 (2024) Kat:2, Licht: 0,174395,2,6,2,03,17,2,0,0,1,1,0,0,0,0
"POINT (7.008680734000052 51.466333996000060)",Unfall 174428 (2024) Kat:3, Licht: 0,174428,3,1,9,03,11,1,1,0,0,1,0,0,0,0
"POINT (7.014363146000051 51.526135527000065)",Unfall 174477 (2024) Kat:3, Licht: 0,174477,3,7,5,05,16,4,0,0,0,1,0,1,0,0
"POINT (6.948118874000045 51.474889340000061)",Unfall 174478 (2024) Kat:2, Licht: 0,174478,2,7,1,05,14,4,0,0,1,1,0,0,0,0
"POINT (7.098459158000026 51.463885231000063)",Unfall 174479 (2024) Kat:2, Licht: 0,174479,2,3,5,05,13,4,0,0,1,1,0,0,0,0
"POINT (7.012155962000065 51.528635937000047)",Unfall 174480 (2024) Kat:3, Licht: 0,174480,3,7,6,05,20,4,0,0,0,1,1,0,0,0
"POINT (7.013918923000062 51.440246750000028)",Unfall 174573 (2024) Kat:3, Licht: 0,174573,3,2,3,04,19,3,0,0,0,1,0,1,0,0
"POINT (7.066046647000064 51.403669379000064)",Unfall 174639 (2024) Kat:3, Licht: 0,174639,3,5,1,04,12,2,0,0,0,1,0,0,0,0
"POINT (6.985957562000067 51.445783226000060)",Unfall 174640 (2024) Kat:3, Licht: 0,174640,3,6,0,04,13,2,0,0,0,0,0,0,0,1
"POINT (6.924713980000035 51.488320561000080)",Unfall 174731 (2024) Kat:3, Licht: 0,174731,3,7,6,04,16,7,0,0,1,0,1,0,0,0
"POINT (7.018090425000025 51.459735017000071)",Unfall 174784 (2024) Kat:3, Licht: 0,174784,3,1,0,04,13,6,0,0,0,1,1,0,0,0
"POINT (7.076137413000026 51.419305145000067)",Unfall 174855 (2024) Kat:3, Licht: 0,174855,3,7,0,04,17,5,0,0,0,1,0,0,0,0
"POINT (7.096465335000062 51.445430433000070)",Unfall 174857 (2024) Kat:3, Licht: 2,174857,3,1,0,04,07,5,0,2,0,0,0,0,0,1
"POINT (7.008367063000037 51.438489803000039)",Unfall 174912 (2024) Kat:3, Licht: 0,174912,3,7,0,04,11,4,1,0,0,0,0,1,0,0
"POINT (6.993719052000074 51.443978971000035)",Unfall 174913 (2024) Kat:3, Licht: 0,174913,3,3,5,04,17,4,1,0,0,1,0,0,0,0
"POINT (6.986554471000034 51.444915484000035)",Unfall 174914 (2024) Kat:3, Licht: 0,174914,3,7,0,04,15,4,1,0,0,1,1,0,0,0
"POINT (7.006327165000073 51.500456290000045)",Unfall 174958 (2024) Kat:2, Licht: 0,174958,2,7,0,05,20,4,0,0,1,0,0,0,0,0
"POINT (7.045888769000044 51.448887868000043)",Unfall 175036 (2024) Kat:3, Licht: 0,175036,3,3,5,04,07,2,0,0,0,1,0,0,0,0
"POINT (7.120887048000043 51.418388445000062)",Unfall 175089 (2024) Kat:3, Licht: 2,175089,3,3,5,04,05,2,0,2,0,1,0,1,0,0
"POINT (7.013075172000072 51.525996334000070)",Unfall 175103 (2024) Kat:3, Licht: 0,175103,3,2,5,04,13,7,1,0,0,1,0,0,0,1
"POINT (6.940954149000049 51.362538994000033)",Unfall 175161 (2024) Kat:3, Licht: 0,175161,3,3,0,04,13,6,1,0,1,1,0,0,0,0
"POINT (7.094724232000033 51.479447513000082)",Unfall 175162 (2024) Kat:3, Licht: 0,175162,3,1,1,04,13,6,1,0,1,1,0,0,0,0
"POINT (6.971140248000040 51.488402241000074)",Unfall 175216 (2024) Kat:3, Licht: 0,175216,3,7,0,04,12,5,0,0,0,0,1,0,0,1
"POINT (7.034149889000048 51.434967815000050)",Unfall 175217 (2024) Kat:3, Licht: 0,175217,3,1,8,04,12,5,0,0,0,1,0,0,0,0
"POINT (7.062238883000020 51.449782447000075)",Unfall 175218 (2024) Kat:3, Licht: 0,175218,3,7,8,04,16,5,1,0,0,0,1,1,0,0
"POINT (7.005543574000058 51.437690715000031)",Unfall 175274 (2024) Kat:3, Licht: 0,175274,3,4,6,04,19,4,1,0,0,1,1,0,0,0
"POINT (7.079865383000026 51.391657467000073)",Unfall 175326 (2024) Kat:2, Licht: 2,175326,2,1,0,04,01,3,1,2,1,0,0,0,0,0
"POINT (7.004971808000050 51.479558131000033)",Unfall 175415 (2024) Kat:3, Licht: 0,175415,3,3,5,04,14,2,0,0,0,1,0,0,0,1
"POINT (6.982103323000047 51.441606359000048)",Unfall 175416 (2024) Kat:3, Licht: 0,175416,3,3,5,04,16,2,1,0,0,1,0,1,0,0
"POINT (7.056272753000030 51.447909738000078)",Unfall 175417 (2024) Kat:2, Licht: 0,175417,2,4,0,04,10,2,0,0,1,0,1,0,0,0
"POINT (7.017513994000069 51.461071891000074)",Unfall 175418 (2024) Kat:3, Licht: 0,175418,3,3,5,04,08,2,0,0,1,1,0,0,0,0
"POINT (6.947518255000034 51.480315272000041)",Unfall 175555 (2024) Kat:3, Licht: 0,175555,3,7,0,05,16,4,0,0,1,0,0,0,0,0
"POINT (6.949242791000074 51.479604166000058)",Unfall 175649 (2024) Kat:2, Licht: 0,175649,2,1,8,05,16,3,0,0,1,0,0,0,0,0
"POINT (6.952031688000034 51.409788664000075)",Unfall 175650 (2024) Kat:3, Licht: 2,175650,3,7,0,05,21,3,0,2,1,0,0,0,0,0
"POINT (6.999730829000043 51.430052193000051)",Unfall 175651 (2024) Kat:3, Licht: 0,175651,3,7,2,05,12,3,0,0,0,1,0,0,0,0
"POINT (6.948045117000049 51.487233189000051)",Unfall 175725 (2024) Kat:3, Licht: 0,175725,3,4,6,05,16,2,0,0,0,1,1,0,0,0
"POINT (7.080152353000074 51.388256396000031)",Unfall 175726 (2024) Kat:3, Licht: 0,175726,3,1,0,05,14,2,0,0,1,0,0,0,0,0
"POINT (6.919665559000066 51.486734855000066)",Unfall 175727 (2024) Kat:3, Licht: 0,175727,3,7,7,05,17,2,0,0,0,1,0,0,0,0
"POINT (6.991629243000034 51.441162451000082)",Unfall 175728 (2024) Kat:3, Licht: 0,175728,3,4,6,05,06,2,0,0,0,1,1,0,0,0
"POINT (7.012250104000032 51.454514555000060)",Unfall 175729 (2024) Kat:3, Licht: 2,175729,3,7,7,05,22,2,0,2,0,0,0,0,0,1
"POINT (7.016796105000026 51.458347376000063)",Unfall 175730 (2024) Kat:2, Licht: 0,175730,2,1,5,05,13,2,0,0,0,1,0,0,0,0
"POINT (6.930419355000026 51.471498320000080)",Unfall 175796 (2024) Kat:3, Licht: 0,175796,3,1,9,05,21,1,0,0,1,0,0,0,0,0
"POINT (7.103511103000073 51.453275962000077)",Unfall 175797 (2024) Kat:3, Licht: 0,175797,3,1,4,05,14,1,0,0,1,1,0,0,0,0
"POINT (7.013824078000027 51.469833546000075)",Unfall 175846 (2024) Kat:3, Licht: 0,175846,3,4,6,05,12,7,0,0,0,1,1,0,0,0
"POINT (7.058844818000068 51.366922103000036)",Unfall 175956 (2024) Kat:3, Licht: 0,175956,3,1,8,05,17,5,0,0,0,0,0,1,0,0
"POINT (6.980441046000067 51.461081709000041)",Unfall 176028 (2024) Kat:3, Licht: 1,176028,3,7,0,05,21,4,0,1,0,0,1,0,0,1
"POINT (6.980301894000036 51.493653456000061)",Unfall 176107 (2024) Kat:2, Licht: 0,176107,2,2,5,05,05,3,1,0,0,1,0,0,0,0
"POINT (6.944935273000056 51.467112212000075)",Unfall 176108 (2024) Kat:3, Licht: 0,176108,3,1,2,05,11,3,0,0,0,1,0,0,0,0
"POINT (6.937275977000070 51.479516000000046)",Unfall 176109 (2024) Kat:3, Licht: 0,176109,3,7,0,05,14,3,0,0,0,1,1,0,0,0
"POINT (6.952344661000041 51.475308277000067)",Unfall 176177 (2024) Kat:3, Licht: 0,176177,3,7,0,05,14,2,0,0,0,0,0,0,0,1
"POINT (6.992610813000056 51.450757166000074)",Unfall 176178 (2024) Kat:3, Licht: 0,176178,3,2,5,05,16,2,0,0,1,1,0,0,0,0
"POINT (6.986277020000045 51.444864718000076)",Unfall 176280 (2024) Kat:3, Licht: 0,176280,3,2,0,05,13,7,0,0,0,0,0,1,0,0
"POINT (7.038187284000060 51.489022070000033)",Unfall 176403 (2024) Kat:3, Licht: 0,176403,3,3,5,05,10,7,0,0,0,1,0,0,0,0
"POINT (6.962604816000066 51.479905633000044)",Unfall 176447 (2024) Kat:3, Licht: 0,176447,3,7,0,05,16,5,0,0,1,1,0,0,0,0
"POINT (6.969069609000030 51.487780306000047)",Unfall 176448 (2024) Kat:3, Licht: 0,176448,3,6,2,05,13,5,0,0,0,1,0,1,0,0
"POINT (6.994482241000071 51.415369323000050)",Unfall 176449 (2024) Kat:3, Licht: 0,176449,3,7,5,05,12,5,0,0,1,1,0,0,0,0
"POINT (7.049247027000035 51.470706005000068)",Unfall 176451 (2024) Kat:3, Licht: 2,176451,3,3,4,05,21,5,1,2,0,1,0,0,0,0
"POINT (7.009124280000037 51.451696527000081)",Unfall 176453 (2024) Kat:3, Licht: 0,176453,3,3,0,05,18,5,0,0,1,1,0,0,0,0
"POINT (7.088449751000041 51.395309403000056)",Unfall 176522 (2024) Kat:3, Licht: 0,176522,3,3,0,05,18,6,0,0,1,1,0,0,0,0
"POINT (7.087873696000031 51.393252595000035)",Unfall 176523 (2024) Kat:3, Licht: 0,176523,3,7,0,05,08,6,0,0,0,1,0,1,0,0
"POINT (7.036311088000048 51.432610534000048)",Unfall 176643 (2024) Kat:2, Licht: 0,176643,2,7,0,05,14,4,1,0,0,0,0,1,0,0
"POINT (7.008494183000039 51.525642155000071)",Unfall 176720 (2024) Kat:3, Licht: 0,176720,3,7,1,05,20,3,0,0,0,1,0,0,0,0
"POINT (7.039201760000026 51.474828241000068)",Unfall 176721 (2024) Kat:3, Licht: 0,176721,3,5,1,05,10,3,0,0,0,1,0,0,0,0
"POINT (6.972968751000053 51.434153293000065)",Unfall 176722 (2024) Kat:3, Licht: 0,176722,3,7,0,05,18,3,1,0,1,0,0,0,0,0
"POINT (6.977119059000074 51.444514757000036)",Unfall 176723 (2024) Kat:2, Licht: 0,176723,2,1,9,05,10,3,0,0,0,1,0,0,0,0
"POINT (7.027981344000068 51.495134357000040)",Unfall 176862 (2024) Kat:3, Licht: 0,176862,3,3,5,05,16,1,1,0,0,1,0,0,0,0
"POINT (7.007678013000032 51.458271542000034)",Unfall 176917 (2024) Kat:2, Licht: 0,176917,2,7,0,05,20,7,0,0,1,0,0,0,0,0
"POINT (6.978008866000039 51.447276462000048)",Unfall 177000 (2024) Kat:3, Licht: 2,177000,3,2,0,05,00,6,0,2,0,1,0,0,0,1
"POINT (7.012716977000025 51.437875213000041)",Unfall 177001 (2024) Kat:3, Licht: 0,177001,3,3,5,05,13,6,0,0,0,1,0,0,0,0
"POINT (6.990576606000047 51.451707268000064)",Unfall 177082 (2024) Kat:3, Licht: 0,177082,3,2,0,05,12,5,0,0,0,1,0,0,0,0
"POINT (7.101868100000047 51.465912520000074)",Unfall 177083 (2024) Kat:3, Licht: 0,177083,3,1,0,05,07,5,0,0,0,0,0,1,0,0
"POINT (7.007224887000064 51.517762431000051)",Unfall 177084 (2024) Kat:3, Licht: 0,177084,3,6,0,05,15,5,0,0,1,1,0,0,0,0
"POINT (6.972286415000042 51.453359019000061)",Unfall 177157 (2024) Kat:3, Licht: 0,177157,3,3,5,05,18,4,0,0,0,1,0,0,0,0
"POINT (6.980941972000039 51.464182800000060)",Unfall 177233 (2024) Kat:3, Licht: 2,177233,3,7,0,05,21,3,1,2,0,1,0,0,0,0
"POINT (7.069663267000067 51.447246963000055)",Unfall 177295 (2024) Kat:3, Licht: 0,177295,3,7,5,05,16,2,0,0,1,1,0,0,0,0
"POINT (7.012854048000065 51.450038072000041)",Unfall 177336 (2024) Kat:3, Licht: 0,177336,3,7,0,05,12,1,0,0,0,0,0,0,0,1
"POINT (6.962769455000057 51.470392388000050)",Unfall 177383 (2024) Kat:3, Licht: 0,177383,3,3,5,05,11,7,0,0,0,1,0,0,0,1
"POINT (7.059774405000041 51.485673692000034)",Unfall 177466 (2024) Kat:3, Licht: 0,177466,3,5,8,05,14,6,0,0,0,1,0,0,0,0
"POINT (6.944060132000061 51.491634304000058)",Unfall 177467 (2024) Kat:3, Licht: 0,177467,3,7,1,05,07,6,0,0,0,1,0,0,0,0
"POINT (6.913412288000075 51.489475434000042)",Unfall 177468 (2024) Kat:3, Licht: 0,177468,3,7,0,05,19,6,0,0,0,0,0,0,0,1
"POINT (6.925269135000065 51.466040924000026)",Unfall 177469 (2024) Kat:3, Licht: 0,177469,3,1,6,05,16,6,0,0,0,1,1,0,0,0
"POINT (7.044548486000053 51.498521166000046)",Unfall 177470 (2024) Kat:3, Licht: 0,177470,3,6,6,05,16,6,0,0,0,0,1,0,0,1
"POINT (7.025578650000057 51.449723356000050)",Unfall 177542 (2024) Kat:3, Licht: 0,177542,3,4,6,06,17,7,0,0,0,1,1,0,0,0
"POINT (6.936108593000029 51.461219029000063)",Unfall 177670 (2024) Kat:3, Licht: 0,177670,3,2,0,06,07,5,0,0,1,1,0,0,0,0
"POINT (7.027981344000068 51.495134357000040)",Unfall 177671 (2024) Kat:3, Licht: 0,177671,3,3,5,06,17,5,0,0,0,1,0,0,0,0
"POINT (7.014564173000053 51.372838552000076)",Unfall 177672 (2024) Kat:2, Licht: 0,177672,2,7,0,06,16,5,0,0,0,1,0,0,0,0
"POINT (7.025937042000066 51.436055349000071)",Unfall 177673 (2024) Kat:3, Licht: 0,177673,3,7,0,06,13,5,0,0,0,0,0,1,0,1
"POINT (6.917997580000076 51.478500729000075)",Unfall 177737 (2024) Kat:2, Licht: 0,177737,2,3,5,06,18,4,0,0,0,1,0,1,0,0
"POINT (6.949361894000049 51.471200509000028)",Unfall 177738 (2024) Kat:3, Licht: 0,177738,3,6,2,06,15,4,0,0,0,1,0,0,0,0
"POINT (7.022965852000027 51.494667776000028)",Unfall 177798 (2024) Kat:3, Licht: 0,177798,3,4,6,06,08,3,0,0,1,0,1,0,0,0
"POINT (7.030705565000062 51.437161932000038)",Unfall 177799 (2024) Kat:3, Licht: 0,177799,3,3,5,06,12,3,1,0,0,1,0,0,0,0
"POINT (7.122503923000068 51.417806108000036)",Unfall 177873 (2024) Kat:3, Licht: 0,177873,3,7,0,06,07,2,0,0,0,0,0,0,0,1
"POINT (6.997456231000058 51.417839648000040)",Unfall 177874 (2024) Kat:3, Licht: 0,177874,3,3,0,06,12,2,1,0,1,1,0,0,0,0
"POINT (6.995633453000039 51.450003387000038)",Unfall 177875 (2024) Kat:3, Licht: 0,177875,3,3,5,06,06,2,0,0,0,1,0,0,0,0
"POINT (6.974989006000044 51.447860716000037)",Unfall 177876 (2024) Kat:3, Licht: 0,177876,3,3,5,06,15,2,1,0,0,1,0,0,0,0
"POINT (6.996813221000025 51.478306763000035)",Unfall 177935 (2024) Kat:3, Licht: 0,177935,3,1,0,06,07,1,0,0,0,0,0,0,0,1
"POINT (6.935221904000059 51.360348221000038)",Unfall 177936 (2024) Kat:3, Licht: 0,177936,3,4,6,06,15,1,0,0,0,1,1,0,0,0
"POINT (7.062975573000074 51.470195371000045)",Unfall 177937 (2024) Kat:3, Licht: 0,177937,3,6,1,06,13,1,0,0,1,1,0,0,0,0
"POINT (7.103843904000030 51.429250647000060)",Unfall 177938 (2024) Kat:2, Licht: 0,177938,2,7,6,06,16,1,0,0,1,0,1,0,0,0
"POINT (7.006661956000073 51.441642271000035)",Unfall 177939 (2024) Kat:3, Licht: 0,177939,3,3,0,06,12,1,0,0,0,0,0,1,0,1
"POINT (7.013922588000071 51.454600925000079)",Unfall 177940 (2024) Kat:3, Licht: 2,177940,3,7,0,06,03,1,0,2,0,1,1,0,0,0
"POINT (7.030890556000031 51.482934067000031)",Unfall 178008 (2024) Kat:3, Licht: 0,178008,3,2,5,06,10,7,0,0,1,1,0,0,0,0
"POINT (7.065919832000077 51.400317748000077)",Unfall 178009 (2024) Kat:2, Licht: 0,178009,2,7,1,06,20,7,0,0,0,1,0,1,0,0
"POINT (7.015227486000072 51.461075807000043)",Unfall 178010 (2024) Kat:3, Licht: 1,178010,3,6,9,06,22,7,0,1,0,1,0,0,0,0
"POINT (7.012740685000040 51.457475543000044)",Unfall 178203 (2024) Kat:3, Licht: 1,178203,3,7,0,06,21,7,0,1,0,0,1,0,0,1
"POINT (6.941689751000069 51.470244385000058)",Unfall 178214 (2024) Kat:3, Licht: 0,178214,3,7,0,06,21,5,0,0,1,0,0,0,0,0
"POINT (6.995197681000036 51.414607270000033)",Unfall 178215 (2024) Kat:3, Licht: 0,178215,3,7,0,06,14,5,0,0,1,0,0,0,0,0
"POINT (7.064934068000071 51.478143288000069)",Unfall 178290 (2024) Kat:3, Licht: 0,178290,3,3,5,06,20,4,0,0,1,1,0,0,0,0
"POINT (6.951621444000068 51.379651289000037)",Unfall 178291 (2024) Kat:3, Licht: 0,178291,3,3,1,06,20,4,0,0,0,1,0,0,0,0