WKT,Name,OBJECTID,UKATEGORIE,UTYP1,UART,UMONAT,USTUNDE,UWOCHENTAG,STRZUSTAND,ULICHTVERH,ISTRAD,ISTPKW,ISTFUSS,ISTKRAD,ISTGKFZ,ISTSONSTIG
"POINT (7.009236248000036 51.455923793000068)",Unfall 178292 (2024) Kat:3, Licht: 0,178292,3,4,6,06,11,4,0,0,0,1,1,0,0,0
"POINT (6.971235416000070 51.460401557000068)",Unfall 178368 (2024) Kat:3, Licht: 0,178368,3,5,5,06,16,3,0,0,1,1,0,0,0,0
"POINT (7.074792017000050 51.467536492000079)",Unfall 178369 (2024) Kat:3, Licht: 0,178369,3,3,5,06,13,3,0,0,0,1,0,0,0,0
"POINT (7.005388035000067 51.437136623000072)",Unfall 178437 (2024) Kat:3, Licht: 0,178437,3,7,3,06,17,2,0,0,0,1,0,0,0,1
"POINT (7.004743001000065 51.389220026000032)",Unfall 178510 (2024) Kat:3, Licht: 0,178510,3,2,9,06,16,1,0,0,0,0,0,1,0,0
"POINT (6.973567067000033 51.447895017000064)",Unfall 178512 (2024) Kat:3, Licht: 2,178512,3,3,5,06,01,1,0,2,0,1,0,0,0,0
"POINT (7.040327629000046 51.469478001000027)",Unfall 178613 (2024) Kat:3, Licht: 0,178613,3,1,1,06,11,6,0,0,0,1,0,0,1,0
"POINT (7.017461835000063 51.412136487000055)",Unfall 178614 (2024) Kat:3, Licht: 0,178614,3,7,2,06,20,6,0,0,0,0,0,1,0,0
"POINT (6.991591240000048 51.441118051000046)",Unfall 178615 (2024) Kat:3, Licht: 0,178615,3,7,8,06,17,6,0,0,1,0,0,0,0,0
"POINT (7.118618045000062 51.392308997000043)",Unfall 178636 (2024) Kat:3, Licht: 0,178636,3,1,8,06,17,6,0,0,0,0,0,1,0,0
"POINT (6.992404164000050 51.421563033000041)",Unfall 178690 (2024) Kat:3, Licht: 0,178690,3,3,5,06,07,5,0,0,1,1,0,0,0,0
"POINT (6.981461978000027 51.449578160000044)",Unfall 178691 (2024) Kat:3, Licht: 0,178691,3,1,0,06,19,5,0,0,1,0,0,0,0,0
"POINT (6.999797297000043 51.436832290000041)",Unfall 178692 (2024) Kat:3, Licht: 0,178692,3,1,9,06,17,5,0,0,1,0,0,0,0,0
"POINT (6.959245210000063 51.448934636000047)",Unfall 178693 (2024) Kat:3, Licht: 0,178693,3,2,7,06,17,5,0,0,0,0,0,0,0,1
"POINT (6.986822099000051 51.443732803000046)",Unfall 178777 (2024) Kat:3, Licht: 0,178777,3,5,0,06,18,4,0,0,1,0,0,0,0,0
"POINT (6.938801860000069 51.378904538000029)",Unfall 178869 (2024) Kat:3, Licht: 0,178869,3,6,1,06,18,3,0,0,0,1,0,1,0,0
"POINT (7.012268384000038 51.428309915000057)",Unfall 178870 (2024) Kat:3, Licht: 0,178870,3,3,5,06,14,3,0,0,1,1,0,0,0,0
"POINT (7.024855621000029 51.439162577000047)",Unfall 178871 (2024) Kat:3, Licht: 0,178871,3,6,1,06,14,3,0,0,0,1,0,0,0,0
"POINT (6.954153607000023 51.476947500000051)",Unfall 178966 (2024) Kat:3, Licht: 0,178966,3,7,6,06,15,2,0,0,0,1,1,0,0,0
"POINT (6.973190773000056 51.460418185000037)",Unfall 178967 (2024) Kat:3, Licht: 0,178967,3,1,5,06,13,2,0,0,0,1,0,0,0,1
"POINT (7.107126611000069 51.443506401000036)",Unfall 178968 (2024) Kat:3, Licht: 0,178968,3,7,0,06,07,2,0,0,0,1,0,0,0,1
"POINT (7.012991145000058 51.457991122000067)",Unfall 178969 (2024) Kat:3, Licht: 0,178969,3,4,6,06,21,2,0,0,0,1,1,0,0,0
"POINT (7.002246036000031 51.439539166000031)",Unfall 179040 (2024) Kat:3, Licht: 0,179040,3,3,5,06,13,2,0,0,0,1,0,0,0,1
"POINT (6.982276796000065 51.411877726000057)",Unfall 179150 (2024) Kat:3, Licht: 0,179150,3,6,1,06,08,6,0,0,0,1,0,0,0,0
"POINT (7.078449208000052 51.467621141000052)",Unfall 179151 (2024) Kat:3, Licht: 0,179151,3,3,5,06,14,6,0,0,0,1,0,0,0,1
"POINT (6.949154134000025 51.366202981000072)",Unfall 179204 (2024) Kat:2, Licht: 0,179204,2,7,8,06,16,4,0,0,0,1,0,0,0,0
"POINT (7.007945146000054 51.499560845000076)",Unfall 179243 (2024) Kat:3, Licht: 0,179243,3,1,0,06,19,5,0,0,0,1,0,0,0,1
"POINT (6.977673234000065 51.420728739000026)",Unfall 179244 (2024) Kat:3, Licht: 0,179244,3,7,2,06,17,5,0,0,0,1,0,0,0,1
"POINT (7.015943944000071 51.446302650000064)",Unfall 179245 (2024) Kat:3, Licht: 0,179245,3,7,0,06,13,5,0,0,0,1,0,0,0,1
"POINT (7.084617690000073 51.394039143000043)",Unfall 179330 (2024) Kat:3, Licht: 0,179330,3,6,2,06,07,4,1,0,1,1,0,0,0,0
"POINT (6.963182769000070 51.468502959000034)",Unfall 179355 (2024) Kat:3, Licht: 0,179355,3,1,0,06,19,2,0,0,0,0,0,0,0,1
"POINT (7.073241491000033 51.460971556000061)",Unfall 179410 (2024) Kat:3, Licht: 0,179410,3,7,0,06,08,3,0,0,0,0,0,0,0,1
"POINT (7.025373081000055 51.451512501000082)",Unfall 179411 (2024) Kat:3, Licht: 0,179411,3,6,3,06,18,3,0,0,0,1,0,0,0,0
"POINT (6.947525036000059 51.480312846000061)",Unfall 179477 (2024) Kat:3, Licht: 0,179477,3,7,0,06,16,6,1,0,1,0,0,0,0,0
"POINT (7.064922847000048 51.460446022000042)",Unfall 179484 (2024) Kat:2, Licht: 0,179484,2,6,4,06,17,2,0,0,0,1,0,0,0,1
"POINT (7.014805306000028 51.457917903000066)",Unfall 179485 (2024) Kat:3, Licht: 0,179485,3,1,1,06,12,2,0,0,0,1,0,0,0,0
"POINT (6.960863816000028 51.443921657000033)",Unfall 179543 (2024) Kat:3, Licht: 0,179543,3,1,0,06,16,1,0,0,0,0,0,1,0,0
"POINT (7.008520787000066 51.457724276000079)",Unfall 179545 (2024) Kat:3, Licht: 0,179545,3,4,0,06,18,1,0,0,0,0,1,0,0,1
"POINT (7.099766495000040 51.376324392000072)",Unfall 179624 (2024) Kat:3, Licht: 0,179624,3,1,0,07,11,1,0,0,1,1,0,0,0,0
"POINT (7.012109367000050 51.435106775000065)",Unfall 179668 (2024) Kat:3, Licht: 1,179668,3,5,9,07,21,7,0,1,0,1,0,0,0,0
"POINT (7.011780562000069 51.442226603000051)",Unfall 179713 (2024) Kat:3, Licht: 0,179713,3,7,5,07,14,6,1,0,1,1,0,1,0,0
"POINT (6.995820861000027 51.415517042000033)",Unfall 179769 (2024) Kat:3, Licht: 2,179769,3,1,0,07,22,5,0,2,0,0,0,1,0,0
"POINT (6.995350938000058 51.427143635000050)",Unfall 179770 (2024) Kat:2, Licht: 0,179770,2,7,6,07,09,5,0,0,0,1,1,0,0,0
"POINT (7.007178039000053 51.459683020000057)",Unfall 179772 (2024) Kat:3, Licht: 0,179772,3,3,5,07,17,5,0,0,0,1,0,0,0,1
"POINT (7.007319918000064 51.496238706000042)",Unfall 179833 (2024) Kat:3, Licht: 0,179833,3,1,0,07,12,4,0,0,0,1,1,0,0,0
"POINT (6.972346349000077 51.455234390000044)",Unfall 179834 (2024) Kat:3, Licht: 0,179834,3,7,8,07,09,4,1,0,0,1,0,0,0,0
"POINT (6.990259921000074 51.437005863000081)",Unfall 179897 (2024) Kat:3, Licht: 0,179897,3,3,3,07,17,3,0,0,1,1,0,0,0,0
"POINT (6.941753367000047 51.474969665000060)",Unfall 179957 (2024) Kat:3, Licht: 2,179957,3,6,3,07,21,2,0,2,1,1,0,0,0,0
"POINT (7.085195229000021 51.381844489000059)",Unfall 179958 (2024) Kat:2, Licht: 0,179958,2,6,2,07,19,2,0,0,1,0,0,0,1,0
"POINT (7.094585554000048 51.465251398000078)",Unfall 179959 (2024) Kat:3, Licht: 0,179959,3,4,6,07,11,2,0,0,1,0,1,0,0,0
"POINT (6.978415633000054 51.458358659000055)",Unfall 180001 (2024) Kat:2, Licht: 2,180001,2,4,6,07,22,1,0,2,0,1,1,0,0,0
"POINT (7.050605069000028 51.486184287000071)",Unfall 180053 (2024) Kat:3, Licht: 0,180053,3,3,5,07,05,7,0,0,0,1,0,0,0,0
"POINT (6.984491654000067 51.449529523000081)",Unfall 180054 (2024) Kat:3, Licht: 0,180054,3,7,0,07,18,7,0,0,0,1,0,0,0,1
"POINT (7.042664373000036 51.429762404000030)",Unfall 180056 (2024) Kat:3, Licht: 0,180056,3,5,8,07,14,7,0,0,0,1,0,0,0,0
"POINT (6.979391804000045 51.463430018000054)",Unfall 180128 (2024) Kat:3, Licht: 0,180128,3,3,5,07,13,6,0,0,0,1,0,0,0,0
"POINT (7.100207912000030 51.444705991000035)",Unfall 180204 (2024) Kat:3, Licht: 0,180204,3,7,0,07,18,5,1,0,0,0,0,0,0,1
"POINT (6.952668002000053 51.475499736000074)",Unfall 180275 (2024) Kat:3, Licht: 0,180275,3,7,0,07,16,4,0,0,0,0,0,0,0,1
"POINT (6.966676946000064 51.485887810000065)",Unfall 180318 (2024) Kat:3, Licht: 0,180318,3,7,0,07,12,5,1,0,0,0,0,0,0,1
"POINT (6.950003601000049 51.478338253000061)",Unfall 180447 (2024) Kat:3, Licht: 0,180447,3,7,0,07,11,2,1,0,1,0,0,0,0,0
"POINT (6.978859785000054 51.458736123000051)",Unfall 180448 (2024) Kat:3, Licht: 0,180448,3,5,1,07,16,2,0,0,0,1,0,0,0,1
"POINT (6.996534025000074 51.384128966000048)",Unfall 180450 (2024) Kat:3, Licht: 0,180450,3,4,6,07,17,2,1,0,0,1,1,0,0,0
"POINT (7.011673351000070 51.433212845000071)",Unfall 180452 (2024) Kat:3, Licht: 0,180452,3,7,0,07,14,2,0,0,0,1,1,0,0,0
"POINT (7.037780390000023 51.477003472000035)",Unfall 180518 (2024) Kat:3, Licht: 0,180518,3,1,0,06,11,1,1,0,1,0,0,0,0,0
"POINT (7.014933906000067 51.463558651000028)",Unfall 180519 (2024) Kat:3, Licht: 0,180519,3,7,0,06,09,1,1,0,0,1,1,0,0,0
"POINT (6.980429138000034 51.463218123000047)",Unfall 180596 (2024) Kat:3, Licht: 0,180596,3,3,0,06,17,7,0,0,1,1,0,0,0,0
"POINT (7.010135116000072 51.439066467000032)",Unfall 180597 (2024) Kat:3, Licht: 0,180597,3,7,0,06,15,7,1,0,1,0,0,0,0,1
"POINT (7.014175753000075 51.452199938000035)",Unfall 180598 (2024) Kat:3, Licht: 2,180598,3,7,6,06,23,7,0,2,0,0,1,0,0,1
"POINT (7.076210445000072 51.448771241000031)",Unfall 180600 (2024) Kat:3, Licht: 2,180600,3,1,0,06,22,7,1,2,1,0,0,0,0,0
"POINT (6.980439070000045 51.459475284000064)",Unfall 180631 (2024) Kat:3, Licht: 2,180631,3,5,1,08,02,5,0,2,0,1,0,0,0,1
"POINT (7.077819261000059 51.447500616000070)",Unfall 180632 (2024) Kat:3, Licht: 0,180632,3,6,2,08,12,5,0,0,0,1,0,0,0,0
"POINT (7.055682308000030 51.423553442000070)",Unfall 180689 (2024) Kat:3, Licht: 1,180689,3,1,9,07,05,4,0,1,0,1,0,0,0,0
"POINT (7.014300957000046 51.451932927000030)",Unfall 180690 (2024) Kat:3, Licht: 0,180690,3,1,0,07,19,4,0,0,0,0,1,0,0,1
"POINT (7.084212895000064 51.453811110000061)",Unfall 180746 (2024) Kat:2, Licht: 0,180746,2,1,0,07,09,3,0,0,1,0,0,0,0,0
"POINT (6.973970280000060 51.443616306000081)",Unfall 180869 (2024) Kat:3, Licht: 0,180869,3,7,6,07,18,1,0,0,0,1,1,0,0,0
"POINT (6.903333871000029 51.482914150000056)",Unfall 180970 (2024) Kat:3, Licht: 0,180970,3,2,5,07,13,6,0,0,1,1,0,0,0,0
"POINT (7.009256029000028 51.465127291000044)",Unfall 180971 (2024) Kat:3, Licht: 0,180971,3,1,5,07,12,6,0,0,0,1,0,0,0,1
"POINT (6.949391794000064 51.472878326000057)",Unfall 181024 (2024) Kat:3, Licht: 0,181024,3,7,0,07,17,5,0,0,0,0,0,1,0,0
"POINT (6.975568198000076 51.463079826000069)",Unfall 181145 (2024) Kat:3, Licht: 0,181145,3,3,5,07,18,3,0,0,0,1,0,1,0,0
"POINT (6.997156518000054 51.444573007000031)",Unfall 181200 (2024) Kat:2, Licht: 0,181200,2,7,0,07,07,2,0,0,0,1,0,0,0,0
"POINT (7.018332296000040 51.438118598000074)",Unfall 181252 (2024) Kat:3, Licht: 0,181252,3,1,2,07,17,1,0,0,0,1,0,0,0,0
"POINT (6.990115073000027 51.424367320000044)",Unfall 181253 (2024) Kat:3, Licht: 0,181253,3,4,6,07,09,1,0,0,0,1,1,0,0,0
"POINT (7.010232689000077 51.486567651000030)",Unfall 181400 (2024) Kat:2, Licht: 0,181400,2,7,6,07,19,4,0,0,0,1,1,0,0,0
"POINT (6.947518833000061 51.480315064000081)",Unfall 181438 (2024) Kat:3, Licht: 0,181438,3,1,0,07,14,5,0,0,1,0,0,0,0,0
"POINT (6.997235498000066 51.495050468000045)",Unfall 181500 (2024) Kat:3, Licht: 0,181500,3,3,5,07,10,4,0,0,0,1,0,1,0,0
"POINT (6.946700921000058 51.477641550000044)",Unfall 181501 (2024) Kat:3, Licht: 0,181501,3,1,0,07,14,4,0,0,0,1,0,0,0,0
"POINT (7.064649325000062 51.397031350000077)",Unfall 181560 (2024) Kat:3, Licht: 0,181560,3,7,1,07,16,3,1,0,0,1,0,0,0,1
"POINT (6.993778297000063 51.441517577000070)",Unfall 181563 (2024) Kat:3, Licht: 0,181563,3,3,5,07,21,3,0,0,1,1,0,0,0,0
"POINT (7.088113042000032 51.446597461000067)",Unfall 181565 (2024) Kat:2, Licht: 0,181565,2,7,0,07,13,3,0,0,0,0,0,0,0,1
"POINT (7.013020547000053 51.451068762000034)",Unfall 181690 (2024) Kat:3, Licht: 0,181690,3,4,6,08,05,7,0,0,0,0,1,0,0,1
"POINT (7.007077915000025 51.458335139000042)",Unfall 181760 (2024) Kat:2, Licht: 2,181760,2,7,0,08,04,6,0,2,0,0,0,0,0,1
"POINT (6.973659523000038 51.446900112000037)",Unfall 181779 (2024) Kat:3, Licht: 0,181779,3,7,6,08,09,6,0,0,0,1,1,0,0,0
"POINT (6.950325661000022 51.476713443000051)",Unfall 181824 (2024) Kat:2, Licht: 0,181824,2,7,0,08,19,5,0,0,0,1,0,0,0,0
"POINT (7.055249234000030 51.485149220000039)",Unfall 181825 (2024) Kat:3, Licht: 0,181825,3,7,2,08,15,5,0,0,0,1,0,0,0,0
"POINT (6.909769469000025 51.478005584000073)",Unfall 181826 (2024) Kat:2, Licht: 2,181826,2,7,1,08,03,5,0,2,0,1,0,1,0,0
"POINT (6.956153944000050 51.481475580000051)",Unfall 181879 (2024) Kat:3, Licht: 1,181879,3,1,0,08,21,4,0,1,0,0,0,1,0,0
"POINT (7.036582558000021 51.432173523000074)",Unfall 181936 (2024) Kat:3, Licht: 0,181936,3,1,0,08,10,3,0,0,1,0,0,0,0,0
"POINT (6.972515826000063 51.452342543000043)",Unfall 181937 (2024) Kat:3, Licht: 2,181937,3,1,2,08,20,3,1,2,0,1,0,0,0,0
"POINT (7.005629819000035 51.429965156000037)",Unfall 181990 (2024) Kat:3, Licht: 0,181990,3,5,1,08,09,2,0,0,1,1,0,0,0,0
"POINT (7.085744373000068 51.426068105000070)",Unfall 182107 (2024) Kat:3, Licht: 0,182107,3,1,0,08,14,7,0,0,1,0,0,0,0,0
"POINT (7.017461835000063 51.412136487000055)",Unfall 182108 (2024) Kat:3, Licht: 0,182108,3,1,8,08,15,7,0,0,0,0,0,0,0,1
"POINT (7.041725761000066 51.381047256000045)",Unfall 182163 (2024) Kat:3, Licht: 2,182163,3,7,0,08,21,6,1,2,0,0,0,1,0,0
"POINT (6.996364094000057 51.441750868000042)",Unfall 182164 (2024) Kat:3, Licht: 0,182164,3,7,0,08,09,6,0,0,0,1,0,0,1,0
"POINT (7.098141953000038 51.448022860000037)",Unfall 182165 (2024) Kat:3, Licht: 0,182165,3,5,0,08,19,6,1,0,1,0,0,0,0,0
"POINT (7.063773213000047 51.464272932000029)",Unfall 182167 (2024) Kat:3, Licht: 0,182167,3,3,5,08,12,6,0,0,1,1,0,0,0,0
"POINT (7.012870343000031 51.454730078000068)",Unfall 182168 (2024) Kat:3, Licht: 2,182168,3,1,0,08,02,6,0,2,1,0,0,0,0,0
"POINT (6.981920702000025 51.445489217000045)",Unfall 182241 (2024) Kat:3, Licht: 0,182241,3,6,4,08,19,5,0,0,0,1,0,0,0,1
"POINT (6.945670903000064 51.471578215000079)",Unfall 182297 (2024) Kat:3, Licht: 0,182297,3,3,5,08,08,4,0,0,1,1,0,0,0,0
"POINT (6.985357640000075 51.446620952000046)",Unfall 182363 (2024) Kat:3, Licht: 0,182363,3,4,6,08,15,3,0,0,0,1,1,0,0,0
"POINT (7.007289151000066 51.459350894000067)",Unfall 182364 (2024) Kat:3, Licht: 0,182364,3,7,0,08,15,3,0,0,1,0,0,0,0,0
"POINT (6.968533733000072 51.476010174000066)",Unfall 182480 (2024) Kat:3, Licht: 0,182480,3,7,0,08,14,1,0,0,1,0,0,0,0,0
"POINT (7.103683221000040 51.453410219000034)",Unfall 182533 (2024) Kat:3, Licht: 0,182533,3,6,5,08,20,7,0,0,0,1,0,1,0,0
"POINT (7.067689918000042 51.490911586000038)",Unfall 182608 (2024) Kat:3, Licht: 0,182608,3,7,0,08,20,6,0,0,1,0,0,0,0,0
"POINT (6.932726196000033 51.470285090000061)",Unfall 182609 (2024) Kat:3, Licht: 0,182609,3,7,0,08,14,6,1,0,1,0,0,0,0,0
"POINT (6.935972186000072 51.369153372000028)",Unfall 182701 (2024) Kat:3, Licht: 2,182701,3,1,1,08,23,7,0,2,0,1,0,0,0,0
"POINT (7.012908089000064 51.451902072000053)",Unfall 182785 (2024) Kat:3, Licht: 0,182785,3,2,3,08,18,6,0,0,0,0,0,0,0,1
"POINT (6.931592430000023 51.455136655000047)",Unfall 183017 (2024) Kat:3, Licht: 0,183017,3,3,5,08,08,3,0,0,1,1,0,0,0,0
"POINT (6.999658040000043 51.427768903000072)",Unfall 183018 (2024) Kat:2, Licht: 2,183018,2,5,6,08,21,3,0,2,0,1,1,0,0,0
"POINT (6.982359675000055 51.440549852000061)",Unfall 183019 (2024) Kat:3, Licht: 0,183019,3,2,0,08,07,3,0,0,0,1,0,1,0,0
"POINT (7.087326553000025 51.450492627000074)",Unfall 183020 (2024) Kat:3, Licht: 0,183020,3,2,2,08,08,3,0,0,0,1,0,0,0,0
"POINT (6.997260942000025 51.435400688000072)",Unfall 183086 (2024) Kat:3, Licht: 0,183086,3,7,0,08,17,2,0,0,0,0,1,0,0,1
"POINT (6.998698830000023 51.436620402000074)",Unfall 183087 (2024) Kat:3, Licht: 0,183087,3,7,0,08,10,2,0,0,0,0,0,0,0,1
"POINT (7.026848666000035 51.437284205000026)",Unfall 183088 (2024) Kat:3, Licht: 0,183088,3,7,0,08,07,2,0,0,1,1,0,0,0,0
"POINT (6.991090062000069 51.451451095000039)",Unfall 183089 (2024) Kat:3, Licht: 0,183089,3,6,2,08,17,2,0,0,0,1,0,0,0,0
"POINT (7.008939253000051 51.460675349000041)",Unfall 183090 (2024) Kat:3, Licht: 2,183090,3,6,0,08,20,2,0,2,0,0,0,1,0,0
"POINT (7.057877421000057 51.474821121000048)",Unfall 183140 (2024) Kat:3, Licht: 0,183140,3,5,0,08,12,2,0,0,0,1,1,0,0,0
"POINT (7.034097745000054 51.456118860000061)",Unfall 183228 (2024) Kat:2, Licht: 0,183228,2,3,3,08,12,7,0,0,1,1,0,0,0,0
"POINT (6.951347412000075 51.458071784000026)",Unfall 183305 (2024) Kat:3, Licht: 0,183305,3,1,4,08,14,6,0,0,1,1,0,0,0,0
"POINT (7.042964563000055 51.428439515000036)",Unfall 183306 (2024) Kat:3, Licht: 0,183306,3,7,5,08,07,6,0,0,1,1,0,0,0,0
"POINT (6.959595523000075 51.473908083000026)",Unfall 183399 (2024) Kat:3, Licht: 0,183399,3,3,5,08,12,5,0,0,0,1,0,0,0,0
"POINT (6.967368896000039 51.462548575000028)",Unfall 183400 (2024) Kat:3, Licht: 0,183400,3,4,6,08,18,5,0,0,0,1,1,0,0,0
"POINT (7.008958852000035 51.434998026000073)",Unfall 183401 (2024) Kat:3, Licht: 0,183401,3,3,5,08,10,5,0,0,1,1,0,0,0,0
"POINT (6.950356165000073 51.476716782000040)",Unfall 183483 (2024) Kat:3, Licht: 0,183483,3,3,0,08,19,4,0,0,0,0,0,0,0,1
"POINT (7.003407521000042 51.480208460000028)",Unfall 183484 (2024) Kat:3, Licht: 0,183484,3,5,0,08,08,4,0,0,0,1,0,1,0,0
"POINT (6.994964671000048 51.463907706000043)",Unfall 183485 (2024) Kat:3, Licht: 2,183485,3,7,0,08,22,4,0,2,0,0,0,0,0,1
"POINT (7.027457572000060 51.448702678000075)",Unfall 183573 (2024) Kat:3, Licht: 0,183573,3,7,6,08,16,3,0,0,0,1,1,0,0,0
"POINT (6.921277100000054 51.465825009000071)",Unfall 183663 (2024) Kat:3, Licht: 0,183663,3,1,0,08,18,2,0,0,1,0,0,0,0,0
"POINT (7.063438406000046 51.479932833000078)",Unfall 183664 (2024) Kat:3, Licht: 0,183664,3,3,5,08,11,2,0,0,1,1,0,0,0,0
"POINT (7.030908235000027 51.443541176000053)",Unfall 183666 (2024) Kat:3, Licht: 0,183666,3,3,5,08,13,2,0,0,1,1,0,0,0,0
"POINT (7.001184929000033 51.422374567000077)",Unfall 183667 (2024) Kat:3, Licht: 0,183667,3,7,2,08,14,5,0,0,0,1,0,0,0,1
"POINT (6.992576343000053 51.485680465000030)",Unfall 183862 (2024) Kat:3, Licht: 0,183862,3,7,5,09,16,5,0,0,1,1,0,0,0,0
"POINT (6.943176422000022 51.460127714000066)",Unfall 183863 (2024) Kat:3, Licht: 0,183863,3,6,6,09,16,5,0,0,0,0,1,0,0,1
"POINT (6.941540187000044 51.454818275000036)",Unfall 183865 (2024) Kat:3, Licht: 0,183865,3,3,5,09,16,5,0,0,0,1,0,0,0,0
"POINT (6.973659523000038 51.446900112000037)",Unfall 183866 (2024) Kat:3, Licht: 1,183866,3,3,5,09,18,5,0,1,0,1,0,0,0,0
"POINT (6.949044592000064 51.474127011000064)",Unfall 183925 (2024) Kat:3, Licht: 0,183925,3,7,0,09,14,4,0,0,1,0,0,0,0,1
"POINT (7.014123305000055 51.474516676000064)",Unfall 183926 (2024) Kat:3, Licht: 1,183926,3,4,6,09,07,4,1,1,0,1,1,0,0,0
"POINT (6.947447560000057 51.480340550000051)",Unfall 183982 (2024) Kat:3, Licht: 0,183982,3,1,0,09,11,3,0,0,1,0,0,0,0,0
"POINT (7.015434797000069 51.441344635000064)",Unfall 183983 (2024) Kat:3, Licht: 0,183983,3,7,0,09,08,3,1,0,1,0,0,0,0,0
"POINT (7.004713260000074 51.486842166000031)",Unfall 184060 (2024) Kat:3, Licht: 0,184060,3,7,1,09,17,2,1,0,1,1,0,0,0,0
"POINT (7.010850909000055 51.447803064000027)",Unfall 184061 (2024) Kat:3, Licht: 0,184061,3,1,0,09,09,2,1,0,1,0,0,0,0,0
"POINT (7.012953491000076 51.451540925000074)",Unfall 184062 (2024) Kat:3, Licht: 0,184062,3,7,0,09,08,2,1,0,1,1,0,0,0,0
"POINT (7.031633444000022 51.436956249000048)",Unfall 184119 (2024) Kat:3, Licht: 0,184119,3,1,3,09,14,1,0,0,1,1,0,0,0,0
"POINT (6.943051867000065 51.468571379000082)",Unfall 184260 (2024) Kat:3, Licht: 0,184260,3,4,6,09,17,6,1,0,0,1,1,0,0,0
"POINT (7.014912087000027 51.452412738000078)",Unfall 184261 (2024) Kat:3, Licht: 0,184261,3,7,6,09,18,6,1,0,1,0,1,0,0,0
"POINT (7.016057256000067 51.506285214000059)",Unfall 184262 (2024) Kat:3, Licht: 0,184262,3,4,6,09,07,5,0,0,0,1,1,0,0,0
"POINT (7.051751750000051 51.469627171000070)",Unfall 184335 (2024) Kat:3, Licht: 0,184335,3,3,5,09,08,5,0,0,0,1,0,0,0,1
"POINT (7.008179708000057 51.459339130000046)",Unfall 184421 (2024) Kat:3, Licht: 0,184421,3,1,6,09,17,4,1,0,0,1,1,0,0,0
"POINT (7.074247047000028 51.449270260000048)",Unfall 184510 (2024) Kat:3, Licht: 0,184510,3,4,0,09,09,3,0,0,0,0,1,0,0,1
"POINT (7.005657147000022 51.438130480000041)",Unfall 184582 (2024) Kat:3, Licht: 2,184582,3,7,6,09,19,2,1,2,0,1,1,0,0,0
"POINT (6.974949541000058 51.448813460000054)",Unfall 184584 (2024) Kat:3, Licht: 0,184584,3,6,4,09,16,2,0,0,1,1,0,0,0,0
"POINT (7.108240509000041 51.447867941000027)",Unfall 184585 (2024) Kat:3, Licht: 0,184585,3,2,2,09,15,2,0,0,0,1,0,0,0,0
"POINT (6.941619427000035 51.471646795000026)",Unfall 184631 (2024) Kat:2, Licht: 2,184631,2,7,6,09,01,3,1,2,0,1,1,0,0,0
"POINT (6.952347597000028 51.475309997000068)",Unfall 184684 (2024) Kat:3, Licht: 0,184684,3,7,0,09,13,1,0,0,0,0,0,0,0,1
"POINT (7.069024351000053 51.465368228000045)",Unfall 184685 (2024) Kat:3, Licht: 2,184685,3,1,7,09,22,1,0,2,1,0,0,0,0,0
"POINT (7.013788058000046 51.469328684000061)",Unfall 184686 (2024) Kat:3, Licht: 0,184686,3,6,1,09,11,1,0,0,0,1,0,0,0,0
"POINT (7.013685807000059 51.461937393000028)",Unfall 184688 (2024) Kat:3, Licht: 0,184688,3,3,6,09,18,1,0,0,1,0,1,0,0,0
"POINT (7.055678298000032 51.442593769000041)",Unfall 184735 (2024) Kat:3, Licht: 0,184735,3,4,6,09,15,2,0,0,0,1,1,0,0,0
"POINT (6.985854499000027 51.446148469000036)",Unfall 184751 (2024) Kat:2, Licht: 0,184751,2,6,3,09,16,1,0,0,0,1,0,1,0,0
"POINT (6.981367503000058 51.462755006000066)",Unfall 184851 (2024) Kat:3, Licht: 0,184851,3,1,2,09,09,6,0,0,0,1,0,0,0,0
"POINT (7.005543574000058 51.437690715000031)",Unfall 184852 (2024) Kat:3, Licht: 0,184852,3,6,0,09,17,6,1,0,0,1,0,0,0,1
"POINT (6.984143330000052 51.450257513000054)",Unfall 184853 (2024) Kat:3, Licht: 0,184853,3,7,6,09,16,6,1,0,0,1,1,0,0,0
"POINT (6.966198587000065 51.443053126000052)",Unfall 184854 (2024) Kat:3, Licht: 0,184854,3,1,0,09,12,6,0,0,0,1,1,0,0,0
"POINT (7.048652627000024 51.498866009000039)",Unfall 184922 (2024) Kat:3, Licht: 0,184922,3,6,1,09,13,5,1,0,1,1,0,0,0,0
"POINT (6.953640845000052 51.495313770000053)",Unfall 184923 (2024) Kat:3, Licht: 0,184923,3,1,2,09,08,5,1,0,0,1,0,0,1,0